timeline,performance,mode,onset_s,played,first_note_on,first_correct,first_predicted,latency_ms,wrong_note_ons
octave-pump-eighths-120,as-written,free,0.285,E1,E1,1,0,34.97,0
octave-pump-eighths-120,as-written,free,0.543,E1,none,0,0,-,0
octave-pump-eighths-120,as-written,free,0.795,E2,E2,1,0,77.15,0
octave-pump-eighths-120,as-written,free,1.035,E1,E1,1,0,79.51,0
octave-pump-eighths-120,as-written,free,1.290,G1,G1,1,0,44.85,0
octave-pump-eighths-120,as-written,free,1.543,G1,none,0,0,-,0
octave-pump-eighths-120,as-written,free,1.811,G2,G2,1,0,77.02,0
octave-pump-eighths-120,as-written,free,2.061,G1,G1,1,0,73.63,0
octave-pump-eighths-120,as-written,free,2.295,E1,E1,1,0,47.32,0
octave-pump-eighths-120,as-written,free,2.540,E1,none,0,0,-,0
octave-pump-eighths-120,as-written,free,2.802,E2,E2,1,0,78.38,0
octave-pump-eighths-120,as-written,free,3.049,E1,E1,1,0,76.75,0
octave-pump-eighths-120,as-written,free,3.295,G1,G1,1,0,47.97,0
octave-pump-eighths-120,as-written,free,3.535,G1,none,0,0,-,0
octave-pump-eighths-120,as-written,free,3.800,G2,G2,1,0,75.10,0
octave-pump-eighths-120,as-written,free,4.061,G1,G1,1,0,78.78,0
octave-pump-eighths-120,as-written,free,4.293,A1,A1,1,0,38.75,0
octave-pump-eighths-120,as-written,free,4.556,A1,none,0,0,-,0
octave-pump-eighths-120,as-written,free,4.798,A2,A2,1,0,70.09,0
octave-pump-eighths-120,as-written,free,5.052,A1,A1,1,0,70.56,0
octave-pump-eighths-120,as-written,free,5.313,C2,C2,1,0,32.58,0
octave-pump-eighths-120,as-written,free,5.545,C2,none,0,0,-,0
octave-pump-eighths-120,as-written,free,5.804,C3,C3,1,0,64.12,0
octave-pump-eighths-120,as-written,free,6.055,C2,C2,1,0,62.24,0
octave-pump-eighths-120,as-written,free,6.294,A1,A1,1,0,40.19,0
octave-pump-eighths-120,as-written,free,6.562,A1,none,0,0,-,0
octave-pump-eighths-120,as-written,free,6.796,A2,A2,1,0,63.56,0
octave-pump-eighths-120,as-written,free,7.038,A1,A1,1,0,70.39,0
octave-pump-eighths-120,as-written,free,7.298,C2,C2,1,0,32.44,0
octave-pump-eighths-120,as-written,free,7.544,C2,none,0,0,-,0
octave-pump-eighths-120,as-written,free,7.814,C3,C3,1,0,65.64,0
octave-pump-eighths-120,as-written,free,8.051,C2,C2,1,0,64.16,0
octave-pump-eighths-120,as-written,free,8.305,E1,E1,1,0,47.48,0
octave-pump-eighths-120,as-written,free,8.548,E1,none,0,0,-,0
octave-pump-eighths-120,as-written,free,8.805,E2,E2,1,0,77.21,0
octave-pump-eighths-120,as-written,free,9.043,E1,E1,1,0,92.15,0
octave-pump-eighths-120,as-written,free,9.306,G1,G1,1,0,48.76,0
octave-pump-eighths-120,as-written,free,9.563,G1,none,0,0,-,0
octave-pump-eighths-120,as-written,free,9.800,G2,G2,1,0,77.01,0
octave-pump-eighths-120,as-written,free,10.061,G1,G1,1,0,76.38,0
octave-pump-eighths-120,as-written,free,10.292,E1,E1,1,0,45.80,0
octave-pump-eighths-120,as-written,free,10.559,E1,none,0,0,-,0
octave-pump-eighths-120,as-written,free,10.807,E2,E2,1,0,78.09,0
octave-pump-eighths-120,as-written,free,11.044,E1,E1,1,0,79.11,0
octave-pump-eighths-120,as-written,free,11.312,G1,G1,1,0,45.65,0
octave-pump-eighths-120,as-written,free,11.544,G1,none,0,0,-,0
octave-pump-eighths-120,as-written,free,11.805,G2,G2,1,0,75.49,0
octave-pump-eighths-120,as-written,free,12.065,G1,G1,1,0,77.78,0
octave-pump-eighths-120,as-written,free,12.304,A1,A1,1,0,41.09,0
octave-pump-eighths-120,as-written,free,12.547,A1,none,0,0,-,0
octave-pump-eighths-120,as-written,free,12.804,A2,A2,1,0,68.05,0
octave-pump-eighths-120,as-written,free,13.064,A1,A1,1,0,71.01,0
octave-pump-eighths-120,as-written,free,13.299,C2,C2,1,0,32.85,0
octave-pump-eighths-120,as-written,free,13.544,C2,none,0,0,-,0
octave-pump-eighths-120,as-written,free,13.808,C3,C3,1,0,63.64,0
octave-pump-eighths-120,as-written,free,14.061,C2,C2,1,0,64.38,0
octave-pump-eighths-120,as-written,free,14.287,A1,A1,1,0,38.12,0
octave-pump-eighths-120,as-written,free,14.561,A1,none,0,0,-,0
octave-pump-eighths-120,as-written,free,14.811,A2,A2,1,0,71.64,0
octave-pump-eighths-120,as-written,free,15.064,A1,A1,1,0,70.76,0
octave-pump-eighths-120,as-written,free,15.288,C2,C2,1,0,34.22,0
octave-pump-eighths-120,as-written,free,15.537,C2,none,0,0,-,0
octave-pump-eighths-120,as-written,free,15.796,C3,C3,1,0,64.20,0
octave-pump-eighths-120,as-written,free,16.045,C2,C2,1,0,65.42,0
octave-pump-eighths-120,as-written,song,0.285,E1,E1,1,1,2.97,0
octave-pump-eighths-120,as-written,song,0.543,E1,E1,1,1,3.63,0
octave-pump-eighths-120,as-written,song,0.795,E2,E2,1,1,3.82,0
octave-pump-eighths-120,as-written,song,1.035,E1,E1,1,0,79.51,0
octave-pump-eighths-120,as-written,song,1.290,G1,G1,1,1,3.52,0
octave-pump-eighths-120,as-written,song,1.543,G1,none,0,0,-,0
octave-pump-eighths-120,as-written,song,1.811,G2,G2,1,1,7.69,0
octave-pump-eighths-120,as-written,song,2.061,G1,G1,1,0,73.63,0
octave-pump-eighths-120,as-written,song,2.295,E1,E1,1,0,47.32,0
octave-pump-eighths-120,as-written,song,2.540,E1,E1,1,1,3.85,0
octave-pump-eighths-120,as-written,song,2.802,E2,E2,1,1,3.72,0
octave-pump-eighths-120,as-written,song,3.049,E1,E1,1,0,76.75,0
octave-pump-eighths-120,as-written,song,3.295,G1,G1,1,1,3.97,0
octave-pump-eighths-120,as-written,song,3.535,G1,G1,1,1,14.21,0
octave-pump-eighths-120,as-written,song,3.800,G2,G2,1,1,4.43,0
octave-pump-eighths-120,as-written,song,4.061,G1,G1,1,0,78.78,0
octave-pump-eighths-120,as-written,song,4.293,A1,A1,1,1,4.09,0
octave-pump-eighths-120,as-written,song,4.556,A1,none,0,0,-,0
octave-pump-eighths-120,as-written,song,4.798,A2,A2,1,1,4.76,0
octave-pump-eighths-120,as-written,song,5.052,A1,A1,1,0,70.56,0
octave-pump-eighths-120,as-written,song,5.313,C2,C2,1,0,32.58,0
octave-pump-eighths-120,as-written,song,5.545,C2,none,0,0,-,0
octave-pump-eighths-120,as-written,song,5.804,C3,C3,1,1,6.79,0
octave-pump-eighths-120,as-written,song,6.055,C2,C2,1,0,62.24,0
octave-pump-eighths-120,as-written,song,6.294,A1,A1,1,0,40.19,0
octave-pump-eighths-120,as-written,song,6.562,A1,A1,1,1,5.06,0
octave-pump-eighths-120,as-written,song,6.796,A2,A2,1,1,4.90,0
octave-pump-eighths-120,as-written,song,7.038,A1,A1,1,0,70.39,0
octave-pump-eighths-120,as-written,song,7.298,C2,C2,1,1,7.10,0
octave-pump-eighths-120,as-written,song,7.544,C2,none,0,0,-,0
octave-pump-eighths-120,as-written,song,7.814,C3,C3,1,1,14.97,0
octave-pump-eighths-120,as-written,song,8.051,C2,C2,1,0,64.16,0
octave-pump-eighths-120,as-written,song,8.305,E1,E1,1,0,47.48,0
octave-pump-eighths-120,as-written,song,8.548,E1,none,0,0,-,0
octave-pump-eighths-120,as-written,song,8.805,E2,E2,1,1,2.55,0
octave-pump-eighths-120,as-written,song,9.043,E1,E1,1,0,92.15,0
octave-pump-eighths-120,as-written,song,9.306,G1,G1,1,1,3.43,0
octave-pump-eighths-120,as-written,song,9.563,G1,G1,1,1,3.63,0
octave-pump-eighths-120,as-written,song,9.800,G2,G2,1,1,3.68,0
octave-pump-eighths-120,as-written,song,10.061,G1,G1,1,0,76.38,0
octave-pump-eighths-120,as-written,song,10.292,E1,E1,1,0,45.80,0
octave-pump-eighths-120,as-written,song,10.559,E1,E1,1,1,3.27,0
octave-pump-eighths-120,as-written,song,10.807,E2,E2,1,1,3.42,0
octave-pump-eighths-120,as-written,song,11.044,E1,E1,1,0,79.11,0
octave-pump-eighths-120,as-written,song,11.312,G1,G1,1,1,4.32,0
octave-pump-eighths-120,as-written,song,11.544,G1,none,0,0,-,0
octave-pump-eighths-120,as-written,song,11.805,G2,G2,1,1,3.49,0
octave-pump-eighths-120,as-written,song,12.065,G1,G1,1,0,77.78,0
octave-pump-eighths-120,as-written,song,12.304,A1,A1,1,0,41.09,0
octave-pump-eighths-120,as-written,song,12.547,A1,none,0,0,-,0
octave-pump-eighths-120,as-written,song,12.804,A2,A2,1,1,4.05,0
octave-pump-eighths-120,as-written,song,13.064,A1,A1,1,0,71.01,0
octave-pump-eighths-120,as-written,song,13.299,C2,C2,1,1,4.85,0
octave-pump-eighths-120,as-written,song,13.544,C2,none,0,0,-,0
octave-pump-eighths-120,as-written,song,13.808,C3,C3,1,1,8.98,0
octave-pump-eighths-120,as-written,song,14.061,C2,C2,1,0,64.38,0
octave-pump-eighths-120,as-written,song,14.287,A1,A1,1,0,38.12,0
octave-pump-eighths-120,as-written,song,14.561,A1,none,0,0,-,0
octave-pump-eighths-120,as-written,song,14.811,A2,A2,1,1,8.98,0
octave-pump-eighths-120,as-written,song,15.064,A1,A1,1,0,70.76,0
octave-pump-eighths-120,as-written,song,15.288,C2,C2,1,0,34.22,0
octave-pump-eighths-120,as-written,song,15.537,C2,none,0,0,-,0
octave-pump-eighths-120,as-written,song,15.796,C3,C3,1,1,5.53,0
octave-pump-eighths-120,as-written,song,16.045,C2,C2,1,0,65.42,0
octave-pump-eighths-120,as-written,song+periodicity,0.285,E1,E1,1,1,2.97,0
octave-pump-eighths-120,as-written,song+periodicity,0.543,E1,E1,1,1,3.63,0
octave-pump-eighths-120,as-written,song+periodicity,0.795,E2,E2,1,1,3.82,0
octave-pump-eighths-120,as-written,song+periodicity,1.035,E1,E1,1,1,4.85,0
octave-pump-eighths-120,as-written,song+periodicity,1.290,G1,G1,1,1,3.52,0
octave-pump-eighths-120,as-written,song+periodicity,1.543,G1,G1,1,1,4.82,0
octave-pump-eighths-120,as-written,song+periodicity,1.811,G2,G2,1,1,6.36,0
octave-pump-eighths-120,as-written,song+periodicity,2.061,G1,G1,1,1,4.30,0
octave-pump-eighths-120,as-written,song+periodicity,2.295,E1,E1,1,1,4.65,0
octave-pump-eighths-120,as-written,song+periodicity,2.540,E1,E1,1,1,3.85,0
octave-pump-eighths-120,as-written,song+periodicity,2.802,E2,E2,1,1,3.72,0
octave-pump-eighths-120,as-written,song+periodicity,3.049,E1,E1,1,1,6.09,0
octave-pump-eighths-120,as-written,song+periodicity,3.295,G1,G1,1,1,3.97,0
octave-pump-eighths-120,as-written,song+periodicity,3.535,G1,G1,1,1,4.87,0
octave-pump-eighths-120,as-written,song+periodicity,3.800,G2,G2,1,1,4.43,0
octave-pump-eighths-120,as-written,song+periodicity,4.061,G1,G1,1,1,5.45,0
octave-pump-eighths-120,as-written,song+periodicity,4.293,A1,A1,1,1,4.09,0
octave-pump-eighths-120,as-written,song+periodicity,4.556,A1,A1,1,1,4.14,0
octave-pump-eighths-120,as-written,song+periodicity,4.798,A2,A2,1,1,4.76,0
octave-pump-eighths-120,as-written,song+periodicity,5.052,A1,A1,1,1,7.90,0
octave-pump-eighths-120,as-written,song+periodicity,5.313,C2,C2,1,1,4.58,0
octave-pump-eighths-120,as-written,song+periodicity,5.545,C2,C2,1,1,7.40,0
octave-pump-eighths-120,as-written,song+periodicity,5.804,C3,C3,1,1,6.79,0
octave-pump-eighths-120,as-written,song+periodicity,6.055,C2,C2,1,1,7.58,0
octave-pump-eighths-120,as-written,song+periodicity,6.294,A1,A1,1,1,5.52,0
octave-pump-eighths-120,as-written,song+periodicity,6.562,A1,A1,1,1,5.06,0
octave-pump-eighths-120,as-written,song+periodicity,6.796,A2,A2,1,1,4.90,0
octave-pump-eighths-120,as-written,song+periodicity,7.038,A1,A1,1,1,5.06,0
octave-pump-eighths-120,as-written,song+periodicity,7.298,C2,C2,1,1,4.44,0
octave-pump-eighths-120,as-written,song+periodicity,7.544,C2,C2,1,1,4.09,0
octave-pump-eighths-120,as-written,song+periodicity,7.814,C3,C3,1,1,5.64,0
octave-pump-eighths-120,as-written,song+periodicity,8.051,C2,C2,1,1,6.83,0
octave-pump-eighths-120,as-written,song+periodicity,8.305,E1,E1,1,1,3.48,0
octave-pump-eighths-120,as-written,song+periodicity,8.548,E1,E1,1,1,9.53,0
octave-pump-eighths-120,as-written,song+periodicity,8.805,E2,E2,1,1,2.55,0
octave-pump-eighths-120,as-written,song+periodicity,9.043,E1,E1,1,1,5.49,0
octave-pump-eighths-120,as-written,song+periodicity,9.306,G1,G1,1,1,3.43,0
octave-pump-eighths-120,as-written,song+periodicity,9.563,G1,G1,1,1,3.63,0
octave-pump-eighths-120,as-written,song+periodicity,9.800,G2,G2,1,1,3.68,0
octave-pump-eighths-120,as-written,song+periodicity,10.061,G1,G1,1,1,4.38,0
octave-pump-eighths-120,as-written,song+periodicity,10.292,E1,E1,1,1,4.47,0
octave-pump-eighths-120,as-written,song+periodicity,10.559,E1,E1,1,1,3.27,0
octave-pump-eighths-120,as-written,song+periodicity,10.807,E2,E2,1,1,3.42,0
octave-pump-eighths-120,as-written,song+periodicity,11.044,E1,E1,1,1,4.45,0
octave-pump-eighths-120,as-written,song+periodicity,11.312,G1,G1,1,1,4.32,0
octave-pump-eighths-120,as-written,song+periodicity,11.544,G1,G1,1,1,5.35,0
octave-pump-eighths-120,as-written,song+periodicity,11.805,G2,G2,1,1,3.49,0
octave-pump-eighths-120,as-written,song+periodicity,12.065,G1,G1,1,1,4.45,0
octave-pump-eighths-120,as-written,song+periodicity,12.304,A1,A1,1,1,5.09,0
octave-pump-eighths-120,as-written,song+periodicity,12.547,A1,A1,1,1,4.73,0
octave-pump-eighths-120,as-written,song+periodicity,12.804,A2,A2,1,1,4.05,0
octave-pump-eighths-120,as-written,song+periodicity,13.064,A1,A1,1,1,4.34,0
octave-pump-eighths-120,as-written,song+periodicity,13.299,C2,C2,1,1,4.85,0
octave-pump-eighths-120,as-written,song+periodicity,13.544,C2,C2,1,1,6.92,0
octave-pump-eighths-120,as-written,song+periodicity,13.808,C3,C3,1,1,4.98,0
octave-pump-eighths-120,as-written,song+periodicity,14.061,C2,C2,1,1,7.05,0
octave-pump-eighths-120,as-written,song+periodicity,14.287,A1,A1,1,1,4.78,0
octave-pump-eighths-120,as-written,song+periodicity,14.561,A1,A1,1,1,9.49,0
octave-pump-eighths-120,as-written,song+periodicity,14.811,A2,A2,1,1,4.98,0
octave-pump-eighths-120,as-written,song+periodicity,15.064,A1,A1,1,1,8.10,0
octave-pump-eighths-120,as-written,song+periodicity,15.288,C2,C2,1,1,6.22,0
octave-pump-eighths-120,as-written,song+periodicity,15.537,C2,C2,1,1,4.25,0
octave-pump-eighths-120,as-written,song+periodicity,15.796,C3,C3,1,1,4.20,0
octave-pump-eighths-120,as-written,song+periodicity,16.045,C2,C2,1,1,5.42,0
octave-pump-eighths-120,tempo+8%,free,0.285,E1,E1,1,0,34.78,0
octave-pump-eighths-120,tempo+8%,free,0.542,E1,none,0,0,-,0
octave-pump-eighths-120,tempo+8%,free,0.751,E2,E2,1,0,74.81,0
octave-pump-eighths-120,tempo+8%,free,1.002,E1,E1,1,0,78.23,0
octave-pump-eighths-120,tempo+8%,free,1.215,G1,G1,1,0,47.54,0
octave-pump-eighths-120,tempo+8%,free,1.456,G1,none,0,0,-,0
octave-pump-eighths-120,tempo+8%,free,1.691,G2,G2,1,0,79.68,0
octave-pump-eighths-120,tempo+8%,free,1.908,G1,G1,1,0,77.38,0
octave-pump-eighths-120,tempo+8%,free,2.159,E1,E1,1,0,46.65,0
octave-pump-eighths-120,tempo+8%,free,2.370,E1,none,0,0,-,0
octave-pump-eighths-120,tempo+8%,free,2.613,E2,E2,1,0,74.88,0
octave-pump-eighths-120,tempo+8%,free,2.858,E1,E1,1,0,76.17,0
octave-pump-eighths-120,tempo+8%,free,3.077,G1,G1,1,0,47.85,0
octave-pump-eighths-120,tempo+8%,free,3.302,G1,none,0,0,-,0
octave-pump-eighths-120,tempo+8%,free,3.554,G2,G2,1,0,77.01,0
octave-pump-eighths-120,tempo+8%,free,3.785,G1,G1,1,0,80.51,0
octave-pump-eighths-120,tempo+8%,free,4.011,A1,A1,1,0,39.51,0
octave-pump-eighths-120,tempo+8%,free,4.242,A1,none,0,0,-,0
octave-pump-eighths-120,tempo+8%,free,4.467,A2,A2,1,0,69.87,0
octave-pump-eighths-120,tempo+8%,free,4.690,A1,A1,1,0,70.31,0
octave-pump-eighths-120,tempo+8%,free,4.921,C2,C2,1,0,30.94,0
octave-pump-eighths-120,tempo+8%,free,5.164,C2,none,0,0,-,0
octave-pump-eighths-120,tempo+8%,free,5.406,C3,C3,1,0,64.56,0
octave-pump-eighths-120,tempo+8%,free,5.632,C2,C2,1,0,62.85,0
octave-pump-eighths-120,tempo+8%,free,5.863,A1,A1,1,0,37.21,0
octave-pump-eighths-120,tempo+8%,free,6.081,A1,none,0,0,-,0
octave-pump-eighths-120,tempo+8%,free,6.315,A2,A2,1,0,67.80,0
octave-pump-eighths-120,tempo+8%,free,6.546,A1,A1,1,0,69.04,0
octave-pump-eighths-120,tempo+8%,free,6.776,C2,C2,1,0,34.50,0
octave-pump-eighths-120,tempo+8%,free,7.011,C2,none,0,0,-,0
octave-pump-eighths-120,tempo+8%,free,7.231,C3,C3,1,0,63.58,0
octave-pump-eighths-120,tempo+8%,free,7.489,C2,C2,1,0,63.36,0
octave-pump-eighths-120,tempo+8%,free,7.700,E1,E1,1,0,48.20,0
octave-pump-eighths-120,tempo+8%,free,7.924,E1,none,0,0,-,0
octave-pump-eighths-120,tempo+8%,free,8.183,E2,E2,1,0,77.40,0
octave-pump-eighths-120,tempo+8%,free,8.411,E1,E1,1,0,91.18,0
octave-pump-eighths-120,tempo+8%,free,8.645,G1,G1,1,0,49.19,0
octave-pump-eighths-120,tempo+8%,free,8.873,G1,none,0,0,-,0
octave-pump-eighths-120,tempo+8%,free,9.103,G2,G2,1,0,76.65,0
octave-pump-eighths-120,tempo+8%,free,9.314,G1,G1,1,0,78.32,0
octave-pump-eighths-120,tempo+8%,free,9.562,E1,E1,1,0,43.29,0
octave-pump-eighths-120,tempo+8%,free,9.777,E1,none,0,0,-,0
octave-pump-eighths-120,tempo+8%,free,10.024,E2,E2,1,0,79.00,0
octave-pump-eighths-120,tempo+8%,free,10.259,E1,E1,1,0,78.58,0
octave-pump-eighths-120,tempo+8%,free,10.499,G1,G1,1,0,49.36,0
octave-pump-eighths-120,tempo+8%,free,10.724,G1,none,0,0,-,0
octave-pump-eighths-120,tempo+8%,free,10.958,G2,G2,1,0,76.23,0
octave-pump-eighths-120,tempo+8%,free,11.174,G1,G1,1,0,73.51,0
octave-pump-eighths-120,tempo+8%,free,11.423,A1,A1,1,0,39.72,0
octave-pump-eighths-120,tempo+8%,free,11.640,A1,none,0,0,-,0
octave-pump-eighths-120,tempo+8%,free,11.862,A2,A2,1,0,70.23,0
octave-pump-eighths-120,tempo+8%,free,12.115,A1,A1,1,0,70.18,0
octave-pump-eighths-120,tempo+8%,free,12.351,C2,C2,1,0,31.25,0
octave-pump-eighths-120,tempo+8%,free,12.563,C2,none,0,0,-,0
octave-pump-eighths-120,tempo+8%,free,12.810,C3,C3,1,0,62.04,0
octave-pump-eighths-120,tempo+8%,free,13.038,C2,C2,1,0,64.44,0
octave-pump-eighths-120,tempo+8%,free,13.261,A1,A1,1,0,36.28,0
octave-pump-eighths-120,tempo+8%,free,13.494,A1,none,0,0,-,0
octave-pump-eighths-120,tempo+8%,free,13.725,A2,A2,1,0,69.88,0
octave-pump-eighths-120,tempo+8%,free,13.945,A1,A1,1,0,69.60,0
octave-pump-eighths-120,tempo+8%,free,14.202,C2,C2,1,0,32.71,0
octave-pump-eighths-120,tempo+8%,free,14.416,C2,none,0,0,-,0
octave-pump-eighths-120,tempo+8%,free,14.659,C3,C3,1,0,63.73,0
octave-pump-eighths-120,tempo+8%,free,14.880,C2,C2,1,0,62.96,0
octave-pump-eighths-120,tempo+8%,song,0.285,E1,E1,1,1,2.78,0
octave-pump-eighths-120,tempo+8%,song,0.542,E1,E1,1,1,3.12,0
octave-pump-eighths-120,tempo+8%,song,0.751,E2,E2,1,1,2.81,0
octave-pump-eighths-120,tempo+8%,song,1.002,E1,E1,1,0,78.23,0
octave-pump-eighths-120,tempo+8%,song,1.215,G1,G1,1,1,3.54,0
octave-pump-eighths-120,tempo+8%,song,1.456,G1,none,0,0,-,0
octave-pump-eighths-120,tempo+8%,song,1.691,G2,G2,1,1,11.68,0
octave-pump-eighths-120,tempo+8%,song,1.908,G1,G1,1,0,77.38,0
octave-pump-eighths-120,tempo+8%,song,2.159,E1,E1,1,0,46.65,0
octave-pump-eighths-120,tempo+8%,song,2.370,E1,none,0,0,-,0
octave-pump-eighths-120,tempo+8%,song,2.613,E2,E2,1,1,2.88,0
octave-pump-eighths-120,tempo+8%,song,2.858,E1,E1,1,0,76.17,0
octave-pump-eighths-120,tempo+8%,song,3.077,G1,G1,1,0,47.85,0
octave-pump-eighths-120,tempo+8%,song,3.302,G1,G1,1,1,3.56,0
octave-pump-eighths-120,tempo+8%,song,3.554,G2,G2,1,1,3.68,0
octave-pump-eighths-120,tempo+8%,song,3.785,G1,G1,1,0,80.51,0
octave-pump-eighths-120,tempo+8%,song,4.011,A1,A1,1,1,4.85,0
octave-pump-eighths-120,tempo+8%,song,4.242,A1,none,0,0,-,0
octave-pump-eighths-120,tempo+8%,song,4.467,A2,A2,1,1,7.20,0
octave-pump-eighths-120,tempo+8%,song,4.690,A1,A1,1,0,70.31,0
octave-pump-eighths-120,tempo+8%,song,4.921,C2,C2,1,0,30.94,0
octave-pump-eighths-120,tempo+8%,song,5.164,C2,none,0,0,-,0
octave-pump-eighths-120,tempo+8%,song,5.406,C3,C3,1,1,7.23,0
octave-pump-eighths-120,tempo+8%,song,5.632,C2,C2,1,0,62.85,0
octave-pump-eighths-120,tempo+8%,song,5.863,A1,A1,1,0,37.21,0
octave-pump-eighths-120,tempo+8%,song,6.081,A1,none,0,0,-,0
octave-pump-eighths-120,tempo+8%,song,6.315,A2,A2,1,1,5.13,0
octave-pump-eighths-120,tempo+8%,song,6.546,A1,A1,1,0,69.04,0
octave-pump-eighths-120,tempo+8%,song,6.776,C2,C2,1,1,7.83,0
octave-pump-eighths-120,tempo+8%,song,7.011,C2,none,0,0,-,0
octave-pump-eighths-120,tempo+8%,song,7.231,C3,C3,1,0,63.58,0
octave-pump-eighths-120,tempo+8%,song,7.489,C2,C2,1,0,63.36,0
octave-pump-eighths-120,tempo+8%,song,7.700,E1,E1,1,0,48.20,0
octave-pump-eighths-120,tempo+8%,song,7.924,E1,none,0,0,-,0
octave-pump-eighths-120,tempo+8%,song,8.183,E2,E2,1,1,2.73,0
octave-pump-eighths-120,tempo+8%,song,8.411,E1,E1,1,0,91.18,0
octave-pump-eighths-120,tempo+8%,song,8.645,G1,G1,1,1,3.86,0
octave-pump-eighths-120,tempo+8%,song,8.873,G1,G1,1,1,3.26,0
octave-pump-eighths-120,tempo+8%,song,9.103,G2,G2,1,1,4.65,0
octave-pump-eighths-120,tempo+8%,song,9.314,G1,G1,1,0,78.32,0
octave-pump-eighths-120,tempo+8%,song,9.562,E1,E1,1,0,43.29,0
octave-pump-eighths-120,tempo+8%,song,9.777,E1,E1,1,1,2.94,0
octave-pump-eighths-120,tempo+8%,song,10.024,E2,E2,1,1,4.33,0
octave-pump-eighths-120,tempo+8%,song,10.259,E1,E1,1,0,78.58,0
octave-pump-eighths-120,tempo+8%,song,10.499,G1,G1,1,1,4.03,0
octave-pump-eighths-120,tempo+8%,song,10.724,G1,none,0,0,-,0
octave-pump-eighths-120,tempo+8%,song,10.958,G2,G2,1,1,9.56,0
octave-pump-eighths-120,tempo+8%,song,11.174,G1,G1,1,0,73.51,0
octave-pump-eighths-120,tempo+8%,song,11.423,A1,A1,1,0,39.72,0
octave-pump-eighths-120,tempo+8%,song,11.640,A1,none,0,0,-,0
octave-pump-eighths-120,tempo+8%,song,11.862,A2,A2,1,1,3.56,0
octave-pump-eighths-120,tempo+8%,song,12.115,A1,A1,1,0,70.18,0
octave-pump-eighths-120,tempo+8%,song,12.351,C2,C2,1,1,4.58,0
octave-pump-eighths-120,tempo+8%,song,12.563,C2,none,0,0,-,0
octave-pump-eighths-120,tempo+8%,song,12.810,C3,C3,1,0,62.04,0
octave-pump-eighths-120,tempo+8%,song,13.038,C2,C2,1,0,64.44,0
octave-pump-eighths-120,tempo+8%,song,13.261,A1,A1,1,0,36.28,0
octave-pump-eighths-120,tempo+8%,song,13.494,A1,none,0,0,-,0
octave-pump-eighths-120,tempo+8%,song,13.725,A2,A2,1,1,8.55,0
octave-pump-eighths-120,tempo+8%,song,13.945,A1,A1,1,0,69.60,0
octave-pump-eighths-120,tempo+8%,song,14.202,C2,C2,1,0,32.71,0
octave-pump-eighths-120,tempo+8%,song,14.416,C2,none,0,0,-,0
octave-pump-eighths-120,tempo+8%,song,14.659,C3,C3,1,1,9.07,0
octave-pump-eighths-120,tempo+8%,song,14.880,C2,C2,1,0,62.96,0
octave-pump-eighths-120,tempo+8%,song+periodicity,0.285,E1,E1,1,1,2.78,0
octave-pump-eighths-120,tempo+8%,song+periodicity,0.542,E1,E1,1,1,3.12,0
octave-pump-eighths-120,tempo+8%,song+periodicity,0.751,E2,E2,1,1,2.81,0
octave-pump-eighths-120,tempo+8%,song+periodicity,1.002,E1,E1,1,1,4.90,0
octave-pump-eighths-120,tempo+8%,song+periodicity,1.215,G1,G1,1,1,3.54,0
octave-pump-eighths-120,tempo+8%,song+periodicity,1.456,G1,G1,1,1,4.84,0
octave-pump-eighths-120,tempo+8%,song+periodicity,1.691,G2,G2,1,1,5.01,0
octave-pump-eighths-120,tempo+8%,song+periodicity,1.908,G1,G1,1,1,4.05,0
octave-pump-eighths-120,tempo+8%,song+periodicity,2.159,E1,E1,1,1,6.65,0
octave-pump-eighths-120,tempo+8%,song+periodicity,2.370,E1,E1,1,1,6.09,0
octave-pump-eighths-120,tempo+8%,song+periodicity,2.613,E2,E2,1,1,2.88,0
octave-pump-eighths-120,tempo+8%,song+periodicity,2.858,E1,E1,1,1,6.84,0
octave-pump-eighths-120,tempo+8%,song+periodicity,3.077,G1,G1,1,1,10.52,0
octave-pump-eighths-120,tempo+8%,song+periodicity,3.302,G1,G1,1,1,3.56,0
octave-pump-eighths-120,tempo+8%,song+periodicity,3.554,G2,G2,1,1,3.68,0
octave-pump-eighths-120,tempo+8%,song+periodicity,3.785,G1,G1,1,1,5.84,0
octave-pump-eighths-120,tempo+8%,song+periodicity,4.011,A1,A1,1,1,4.85,0
octave-pump-eighths-120,tempo+8%,song+periodicity,4.242,A1,A1,1,1,4.84,0
octave-pump-eighths-120,tempo+8%,song+periodicity,4.467,A2,A2,1,1,4.53,0
octave-pump-eighths-120,tempo+8%,song+periodicity,4.690,A1,A1,1,1,4.97,0
octave-pump-eighths-120,tempo+8%,song+periodicity,4.921,C2,C2,1,1,4.27,0
octave-pump-eighths-120,tempo+8%,song+periodicity,5.164,C2,C2,1,1,4.00,0
octave-pump-eighths-120,tempo+8%,song+periodicity,5.406,C3,C3,1,1,4.56,0
octave-pump-eighths-120,tempo+8%,song+periodicity,5.632,C2,C2,1,1,4.18,0
octave-pump-eighths-120,tempo+8%,song+periodicity,5.863,A1,A1,1,1,7.88,0
octave-pump-eighths-120,tempo+8%,song+periodicity,6.081,A1,A1,1,1,7.85,0
octave-pump-eighths-120,tempo+8%,song+periodicity,6.315,A2,A2,1,1,5.13,0
octave-pump-eighths-120,tempo+8%,song+periodicity,6.546,A1,A1,1,1,5.04,0
octave-pump-eighths-120,tempo+8%,song+periodicity,6.776,C2,C2,1,1,3.83,0
octave-pump-eighths-120,tempo+8%,song+periodicity,7.011,C2,C2,1,1,4.65,0
octave-pump-eighths-120,tempo+8%,song+periodicity,7.231,C3,C3,1,1,4.91,0
octave-pump-eighths-120,tempo+8%,song+periodicity,7.489,C2,C2,1,1,4.69,0
octave-pump-eighths-120,tempo+8%,song+periodicity,7.700,E1,E1,1,1,4.20,0
octave-pump-eighths-120,tempo+8%,song+periodicity,7.924,E1,E1,1,1,4.96,0
octave-pump-eighths-120,tempo+8%,song+periodicity,8.183,E2,E2,1,1,2.73,0
octave-pump-eighths-120,tempo+8%,song+periodicity,8.411,E1,E1,1,1,4.51,0
octave-pump-eighths-120,tempo+8%,song+periodicity,8.645,G1,G1,1,1,3.86,0
octave-pump-eighths-120,tempo+8%,song+periodicity,8.873,G1,G1,1,1,3.26,0
octave-pump-eighths-120,tempo+8%,song+periodicity,9.103,G2,G2,1,1,4.65,0
octave-pump-eighths-120,tempo+8%,song+periodicity,9.314,G1,G1,1,1,4.99,0
octave-pump-eighths-120,tempo+8%,song+periodicity,9.562,E1,E1,1,1,5.95,0
octave-pump-eighths-120,tempo+8%,song+periodicity,9.777,E1,E1,1,1,2.94,0
octave-pump-eighths-120,tempo+8%,song+periodicity,10.024,E2,E2,1,1,4.33,0
octave-pump-eighths-120,tempo+8%,song+periodicity,10.259,E1,E1,1,1,5.25,0
octave-pump-eighths-120,tempo+8%,song+periodicity,10.499,G1,G1,1,1,4.03,0
octave-pump-eighths-120,tempo+8%,song+periodicity,10.724,G1,G1,1,1,5.47,0
octave-pump-eighths-120,tempo+8%,song+periodicity,10.958,G2,G2,1,1,5.56,0
octave-pump-eighths-120,tempo+8%,song+periodicity,11.174,G1,G1,1,1,5.51,0
octave-pump-eighths-120,tempo+8%,song+periodicity,11.423,A1,A1,1,1,5.05,0
octave-pump-eighths-120,tempo+8%,song+periodicity,11.640,A1,A1,1,1,7.78,0
octave-pump-eighths-120,tempo+8%,song+periodicity,11.862,A2,A2,1,1,3.56,0
octave-pump-eighths-120,tempo+8%,song+periodicity,12.115,A1,A1,1,1,4.85,0
octave-pump-eighths-120,tempo+8%,song+periodicity,12.351,C2,C2,1,1,4.58,0
octave-pump-eighths-120,tempo+8%,song+periodicity,12.563,C2,C2,1,1,4.79,0
octave-pump-eighths-120,tempo+8%,song+periodicity,12.810,C3,C3,1,1,6.04,0
octave-pump-eighths-120,tempo+8%,song+periodicity,13.038,C2,C2,1,1,4.44,0
octave-pump-eighths-120,tempo+8%,song+periodicity,13.261,A1,A1,1,1,4.28,0
octave-pump-eighths-120,tempo+8%,song+periodicity,13.494,A1,A1,1,1,4.80,0
octave-pump-eighths-120,tempo+8%,song+periodicity,13.725,A2,A2,1,1,4.55,0
octave-pump-eighths-120,tempo+8%,song+periodicity,13.945,A1,A1,1,1,4.27,0
octave-pump-eighths-120,tempo+8%,song+periodicity,14.202,C2,C2,1,1,7.38,0
octave-pump-eighths-120,tempo+8%,song+periodicity,14.416,C2,C2,1,1,4.92,0
octave-pump-eighths-120,tempo+8%,song+periodicity,14.659,C3,C3,1,1,5.07,0
octave-pump-eighths-120,tempo+8%,song+periodicity,14.880,C2,C2,1,1,6.96,0
octave-pump-eighths-120,variations-10%,free,0.285,E1,E1,1,0,34.59,0
octave-pump-eighths-120,variations-10%,free,0.551,E1,none,0,0,-,0
octave-pump-eighths-120,variations-10%,free,0.792,E2,E2,1,0,70.89,0
octave-pump-eighths-120,variations-10%,free,1.036,E1,E1,1,0,75.68,0
octave-pump-eighths-120,variations-10%,free,1.295,G1,G1,1,0,49.85,0
octave-pump-eighths-120,variations-10%,free,1.547,G1,none,0,0,-,0
octave-pump-eighths-120,variations-10%,free,1.798,G2,G2,1,0,76.98,0
octave-pump-eighths-120,variations-10%,free,2.039,G1,G1,1,0,78.24,0
octave-pump-eighths-120,variations-10%,free,2.295,E1,E1,1,0,48.00,0
octave-pump-eighths-120,variations-10%,free,2.564,E1,none,0,0,-,0
octave-pump-eighths-120,variations-10%,free,2.793,E2,E2,1,0,75.45,0
octave-pump-eighths-120,variations-10%,free,3.059,E1,E1,1,0,72.98,0
octave-pump-eighths-120,variations-10%,free,3.310,A1,A1,1,0,40.95,0
octave-pump-eighths-120,variations-10%,free,3.540,G1,G1,1,0,48.46,0
octave-pump-eighths-120,variations-10%,free,3.813,G2,G2,1,0,77.30,0
octave-pump-eighths-120,variations-10%,free,4.063,G1,G1,1,0,77.14,0
octave-pump-eighths-120,variations-10%,free,4.297,A#1,A#1,1,0,38.10,0
octave-pump-eighths-120,variations-10%,free,4.537,A1,A1,1,0,35.07,0
octave-pump-eighths-120,variations-10%,free,4.785,A2,A2,1,0,69.61,0
octave-pump-eighths-120,variations-10%,free,5.040,A1,A1,1,0,70.95,0
octave-pump-eighths-120,variations-10%,free,5.310,C2,C2,1,0,32.39,0
octave-pump-eighths-120,variations-10%,free,5.536,C2,none,0,0,-,0
octave-pump-eighths-120,variations-10%,free,5.793,C3,C3,1,0,64.41,0
octave-pump-eighths-120,variations-10%,free,6.057,C2,C2,1,0,63.35,0
octave-pump-eighths-120,variations-10%,free,6.300,A1,A1,1,0,32.01,0
octave-pump-eighths-120,variations-10%,free,6.552,A1,none,0,0,-,0
octave-pump-eighths-120,variations-10%,free,6.789,G#2,G#2,1,0,38.52,0
octave-pump-eighths-120,variations-10%,free,7.047,A1,A1,1,0,38.17,0
octave-pump-eighths-120,variations-10%,free,7.315,C2,C2,1,0,36.15,0
octave-pump-eighths-120,variations-10%,free,7.562,C2,none,0,0,-,0
octave-pump-eighths-120,variations-10%,free,7.805,C3,C3,1,0,63.48,0
octave-pump-eighths-120,variations-10%,free,8.045,C2,C2,1,0,65.98,0
octave-pump-eighths-120,variations-10%,free,8.287,E1,E1,1,0,47.71,0
octave-pump-eighths-120,variations-10%,free,8.560,E1,none,0,0,-,0
octave-pump-eighths-120,variations-10%,free,8.800,E2,E2,1,0,74.95,0
octave-pump-eighths-120,variations-10%,free,9.061,E1,E1,1,0,90.63,0
octave-pump-eighths-120,variations-10%,free,9.298,G1,G1,1,0,50.06,0
octave-pump-eighths-120,variations-10%,free,9.549,G1,none,0,0,-,0
octave-pump-eighths-120,variations-10%,free,9.810,G2,G2,1,0,80.19,0
octave-pump-eighths-120,variations-10%,free,10.036,G1,G1,1,0,76.28,0
octave-pump-eighths-120,variations-10%,free,10.309,E1,E1,1,0,48.73,0
octave-pump-eighths-120,variations-10%,free,10.558,E1,none,0,0,-,0
octave-pump-eighths-120,variations-10%,free,10.813,E2,E2,1,0,78.99,0
octave-pump-eighths-120,variations-10%,free,11.051,E1,E1,1,0,79.84,0
octave-pump-eighths-120,variations-10%,free,11.287,F1,F1,1,0,47.22,0
octave-pump-eighths-120,variations-10%,free,11.561,G1,G1,1,0,49.45,0
octave-pump-eighths-120,variations-10%,free,11.804,G2,G2,1,0,76.05,0
octave-pump-eighths-120,variations-10%,free,12.056,G1,G1,1,0,75.64,0
octave-pump-eighths-120,variations-10%,free,12.308,A1,A1,1,0,40.01,0
octave-pump-eighths-120,variations-10%,free,12.554,A1,none,0,0,-,0
octave-pump-eighths-120,variations-10%,free,12.799,A2,A2,1,0,69.41,0
octave-pump-eighths-120,variations-10%,free,13.038,A1,A1,1,0,70.35,0
octave-pump-eighths-120,variations-10%,free,13.314,C2,C2,1,0,33.85,0
octave-pump-eighths-120,variations-10%,free,13.540,C2,none,0,0,-,0
octave-pump-eighths-120,variations-10%,free,13.807,C3,C3,1,0,63.95,0
octave-pump-eighths-120,variations-10%,free,14.055,C2,C2,1,0,65.13,0
octave-pump-eighths-120,variations-10%,free,14.290,A1,A1,1,0,37.67,0
octave-pump-eighths-120,variations-10%,free,14.547,A1,none,0,0,-,0
octave-pump-eighths-120,variations-10%,free,14.792,A2,A2,1,0,70.89,0
octave-pump-eighths-120,variations-10%,free,15.063,A1,A1,1,0,69.45,0
octave-pump-eighths-120,variations-10%,free,15.294,C2,C2,1,0,34.47,0
octave-pump-eighths-120,variations-10%,free,15.558,C#2,C#2,1,0,33.97,0
octave-pump-eighths-120,variations-10%,free,15.788,C3,C3,1,0,34.45,0
octave-pump-eighths-120,variations-10%,free,16.036,C2,C2,1,0,63.85,0
octave-pump-eighths-120,variations-10%,song,0.285,E1,E1,1,1,2.59,0
octave-pump-eighths-120,variations-10%,song,0.551,E1,E1,1,1,2.80,0
octave-pump-eighths-120,variations-10%,song,0.792,E2,E2,1,1,4.23,0
octave-pump-eighths-120,variations-10%,song,1.036,E1,E1,1,0,75.68,0
octave-pump-eighths-120,variations-10%,song,1.295,G1,G1,1,1,3.19,0
octave-pump-eighths-120,variations-10%,song,1.547,G1,none,0,0,-,0
octave-pump-eighths-120,variations-10%,song,1.798,G2,G2,1,1,10.31,0
octave-pump-eighths-120,variations-10%,song,2.039,G1,G1,1,0,78.24,0
octave-pump-eighths-120,variations-10%,song,2.295,E1,E1,1,0,48.00,0
octave-pump-eighths-120,variations-10%,song,2.564,E1,E1,1,1,4.05,0
octave-pump-eighths-120,variations-10%,song,2.793,E2,E2,1,1,3.45,0
octave-pump-eighths-120,variations-10%,song,3.059,E1,E1,1,0,72.98,0
octave-pump-eighths-120,variations-10%,song,3.310,A1,G1,0,1,50.28,1
octave-pump-eighths-120,variations-10%,song,3.540,G1,G1,1,0,48.46,0
octave-pump-eighths-120,variations-10%,song,3.813,G2,G2,1,1,3.97,0
octave-pump-eighths-120,variations-10%,song,4.063,G1,G1,1,0,77.14,0
octave-pump-eighths-120,variations-10%,song,4.297,A#1,A1,0,1,48.77,1
octave-pump-eighths-120,variations-10%,song,4.537,A1,A1,1,0,35.07,0
octave-pump-eighths-120,variations-10%,song,4.785,A2,A2,1,1,4.28,0
octave-pump-eighths-120,variations-10%,song,5.040,A1,A1,1,0,70.95,0
octave-pump-eighths-120,variations-10%,song,5.310,C2,C2,1,0,32.39,0
octave-pump-eighths-120,variations-10%,song,5.536,C2,none,0,0,-,0
octave-pump-eighths-120,variations-10%,song,5.793,C3,C3,1,1,7.07,0
octave-pump-eighths-120,variations-10%,song,6.057,C2,C2,1,0,63.35,0
octave-pump-eighths-120,variations-10%,song,6.300,A1,A1,1,0,32.01,0
octave-pump-eighths-120,variations-10%,song,6.552,A1,none,0,0,-,0
octave-pump-eighths-120,variations-10%,song,6.789,G#2,A2,0,1,47.85,1
octave-pump-eighths-120,variations-10%,song,7.047,A1,A1,1,0,38.17,0
octave-pump-eighths-120,variations-10%,song,7.315,C2,C2,1,1,6.82,0
octave-pump-eighths-120,variations-10%,song,7.562,C2,none,0,0,-,0
octave-pump-eighths-120,variations-10%,song,7.805,C3,C3,1,1,7.48,0
octave-pump-eighths-120,variations-10%,song,8.045,C2,C2,1,0,65.98,0
octave-pump-eighths-120,variations-10%,song,8.287,E1,E1,1,0,47.71,0
octave-pump-eighths-120,variations-10%,song,8.560,E1,none,0,0,-,0
octave-pump-eighths-120,variations-10%,song,8.800,E2,E2,1,1,4.29,0
octave-pump-eighths-120,variations-10%,song,9.061,E1,E1,1,0,90.63,0
octave-pump-eighths-120,variations-10%,song,9.298,G1,G1,1,1,3.39,0
octave-pump-eighths-120,variations-10%,song,9.549,G1,G1,1,1,3.06,0
octave-pump-eighths-120,variations-10%,song,9.810,G2,G2,1,1,4.19,0
octave-pump-eighths-120,variations-10%,song,10.036,G1,G1,1,0,76.28,0
octave-pump-eighths-120,variations-10%,song,10.309,E1,E1,1,1,3.40,0
octave-pump-eighths-120,variations-10%,song,10.558,E1,E1,1,1,3.50,0
octave-pump-eighths-120,variations-10%,song,10.813,E2,E2,1,1,2.99,0
octave-pump-eighths-120,variations-10%,song,11.051,E1,E1,1,0,79.84,0
octave-pump-eighths-120,variations-10%,song,11.287,F1,G1,0,1,57.88,1
octave-pump-eighths-120,variations-10%,song,11.561,G1,G1,1,0,49.45,0
octave-pump-eighths-120,variations-10%,song,11.804,G2,G2,1,1,8.05,0
octave-pump-eighths-120,variations-10%,song,12.056,G1,G1,1,0,75.64,0
octave-pump-eighths-120,variations-10%,song,12.308,A1,A1,1,0,40.01,0
octave-pump-eighths-120,variations-10%,song,12.554,A1,none,0,0,-,0
octave-pump-eighths-120,variations-10%,song,12.799,A2,A2,1,1,4.08,0
octave-pump-eighths-120,variations-10%,song,13.038,A1,A1,1,0,70.35,0
octave-pump-eighths-120,variations-10%,song,13.314,C2,C2,1,1,4.51,0
octave-pump-eighths-120,variations-10%,song,13.540,C2,none,0,0,-,0
octave-pump-eighths-120,variations-10%,song,13.807,C3,C3,1,1,9.28,0
octave-pump-eighths-120,variations-10%,song,14.055,C2,C2,1,0,65.13,0
octave-pump-eighths-120,variations-10%,song,14.290,A1,A1,1,0,37.67,0
octave-pump-eighths-120,variations-10%,song,14.547,A1,none,0,0,-,0
octave-pump-eighths-120,variations-10%,song,14.792,A2,A2,1,1,8.23,0
octave-pump-eighths-120,variations-10%,song,15.063,A1,A1,1,0,69.45,0
octave-pump-eighths-120,variations-10%,song,15.294,C2,C2,1,0,34.47,0
octave-pump-eighths-120,variations-10%,song,15.558,C#2,C2,0,1,44.63,1
octave-pump-eighths-120,variations-10%,song,15.788,C3,C3,1,1,7.79,0
octave-pump-eighths-120,variations-10%,song,16.036,C2,C2,1,0,63.85,0
octave-pump-eighths-120,variations-10%,song+periodicity,0.285,E1,E1,1,1,2.59,0
octave-pump-eighths-120,variations-10%,song+periodicity,0.551,E1,E1,1,1,2.80,0
octave-pump-eighths-120,variations-10%,song+periodicity,0.792,E2,E2,1,1,4.23,0
octave-pump-eighths-120,variations-10%,song+periodicity,1.036,E1,E1,1,1,6.35,0
octave-pump-eighths-120,variations-10%,song+periodicity,1.295,G1,G1,1,1,3.19,0
octave-pump-eighths-120,variations-10%,song+periodicity,1.547,G1,G1,1,1,5.84,0
octave-pump-eighths-120,variations-10%,song+periodicity,1.798,G2,G2,1,1,6.31,0
octave-pump-eighths-120,variations-10%,song+periodicity,2.039,G1,G1,1,1,4.91,0
octave-pump-eighths-120,variations-10%,song+periodicity,2.295,E1,E1,1,1,4.00,0
octave-pump-eighths-120,variations-10%,song+periodicity,2.564,E1,E1,1,1,4.05,0
octave-pump-eighths-120,variations-10%,song+periodicity,2.793,E2,E2,1,1,3.45,0
octave-pump-eighths-120,variations-10%,song+periodicity,3.059,E1,E1,1,1,6.31,0
octave-pump-eighths-120,variations-10%,song+periodicity,3.310,A1,G1,0,1,50.28,1
octave-pump-eighths-120,variations-10%,song+periodicity,3.540,G1,G1,1,1,4.46,0
octave-pump-eighths-120,variations-10%,song+periodicity,3.813,G2,G2,1,1,3.97,0
octave-pump-eighths-120,variations-10%,song+periodicity,4.063,G1,G1,1,1,5.14,0
octave-pump-eighths-120,variations-10%,song+periodicity,4.297,A#1,A1,0,1,48.77,1
octave-pump-eighths-120,variations-10%,song+periodicity,4.537,A1,A1,1,1,4.40,0
octave-pump-eighths-120,variations-10%,song+periodicity,4.785,A2,A2,1,1,4.28,0
octave-pump-eighths-120,variations-10%,song+periodicity,5.040,A1,A1,1,1,8.28,0
octave-pump-eighths-120,variations-10%,song+periodicity,5.310,C2,C2,1,1,4.39,0
octave-pump-eighths-120,variations-10%,song+periodicity,5.536,C2,C2,1,1,3.67,0
octave-pump-eighths-120,variations-10%,song+periodicity,5.793,C3,C3,1,1,4.41,0
octave-pump-eighths-120,variations-10%,song+periodicity,6.057,C2,C2,1,1,4.68,0
octave-pump-eighths-120,variations-10%,song+periodicity,6.300,A1,A1,1,1,4.01,0
octave-pump-eighths-120,variations-10%,song+periodicity,6.552,A1,A1,1,1,3.66,0
octave-pump-eighths-120,variations-10%,song+periodicity,6.789,G#2,A2,0,1,47.85,1
octave-pump-eighths-120,variations-10%,song+periodicity,7.047,A1,A1,1,1,4.83,0
octave-pump-eighths-120,variations-10%,song+periodicity,7.315,C2,C2,1,1,4.15,0
octave-pump-eighths-120,variations-10%,song+periodicity,7.562,C2,C2,1,1,6.36,0
octave-pump-eighths-120,variations-10%,song+periodicity,7.805,C3,C3,1,1,4.82,0
octave-pump-eighths-120,variations-10%,song+periodicity,8.045,C2,C2,1,1,4.65,0
octave-pump-eighths-120,variations-10%,song+periodicity,8.287,E1,E1,1,1,5.04,0
octave-pump-eighths-120,variations-10%,song+periodicity,8.560,E1,E1,1,1,4.14,0
octave-pump-eighths-120,variations-10%,song+periodicity,8.800,E2,E2,1,1,4.29,0
octave-pump-eighths-120,variations-10%,song+periodicity,9.061,E1,E1,1,1,5.29,0
octave-pump-eighths-120,variations-10%,song+periodicity,9.298,G1,G1,1,1,3.39,0
octave-pump-eighths-120,variations-10%,song+periodicity,9.549,G1,G1,1,1,3.06,0
octave-pump-eighths-120,variations-10%,song+periodicity,9.810,G2,G2,1,1,4.19,0
octave-pump-eighths-120,variations-10%,song+periodicity,10.036,G1,G1,1,1,6.95,0
octave-pump-eighths-120,variations-10%,song+periodicity,10.309,E1,E1,1,1,3.40,0
octave-pump-eighths-120,variations-10%,song+periodicity,10.558,E1,E1,1,1,3.50,0
octave-pump-eighths-120,variations-10%,song+periodicity,10.813,E2,E2,1,1,2.99,0
octave-pump-eighths-120,variations-10%,song+periodicity,11.051,E1,E1,1,1,5.17,0
octave-pump-eighths-120,variations-10%,song+periodicity,11.287,F1,G1,0,1,-,2
octave-pump-eighths-120,variations-10%,song+periodicity,11.561,G1,none,0,0,-,0
octave-pump-eighths-120,variations-10%,song+periodicity,11.804,G2,G2,1,0,76.05,0
octave-pump-eighths-120,variations-10%,song+periodicity,12.056,G1,G1,1,1,4.98,0
octave-pump-eighths-120,variations-10%,song+periodicity,12.308,A1,A1,1,1,4.01,0
octave-pump-eighths-120,variations-10%,song+periodicity,12.554,A1,A1,1,1,5.11,0
octave-pump-eighths-120,variations-10%,song+periodicity,12.799,A2,A2,1,1,4.08,0
octave-pump-eighths-120,variations-10%,song+periodicity,13.038,A1,A1,1,1,5.01,0
octave-pump-eighths-120,variations-10%,song+periodicity,13.314,C2,C2,1,1,4.51,0
octave-pump-eighths-120,variations-10%,song+periodicity,13.540,C2,C2,1,1,4.44,0
octave-pump-eighths-120,variations-10%,song+periodicity,13.807,C3,C3,1,1,5.28,0
octave-pump-eighths-120,variations-10%,song+periodicity,14.055,C2,C2,1,1,5.13,0
octave-pump-eighths-120,variations-10%,song+periodicity,14.290,A1,A1,1,1,4.34,0
octave-pump-eighths-120,variations-10%,song+periodicity,14.547,A1,A1,1,1,7.20,0
octave-pump-eighths-120,variations-10%,song+periodicity,14.792,A2,A2,1,1,4.23,0
octave-pump-eighths-120,variations-10%,song+periodicity,15.063,A1,A1,1,1,9.45,0
octave-pump-eighths-120,variations-10%,song+periodicity,15.294,C2,C2,1,1,5.14,0
octave-pump-eighths-120,variations-10%,song+periodicity,15.558,C#2,C2,0,1,44.63,1
octave-pump-eighths-120,variations-10%,song+periodicity,15.788,C3,C3,1,1,3.79,0
octave-pump-eighths-120,variations-10%,song+periodicity,16.036,C2,C2,1,1,3.85,0
octave-pump-eighths-120,ghost-clicks-10%,free,0.286,E1,E1,1,0,34.40,0
octave-pump-eighths-120,ghost-clicks-10%,free,0.561,E1,E1,1,0,38.63,0
octave-pump-eighths-120,ghost-clicks-10%,free,0.786,E2,E2,1,0,76.95,0
octave-pump-eighths-120,ghost-clicks-10%,free,1.061,E1,E1,1,0,78.94,0
octave-pump-eighths-120,ghost-clicks-10%,free,1.302,G1,G1,1,0,40.50,0
octave-pump-eighths-120,ghost-clicks-10%,free,1.559,G1,none,0,0,-,0
octave-pump-eighths-120,ghost-clicks-10%,free,1.813,G2,G2,1,0,75.47,0
octave-pump-eighths-120,ghost-clicks-10%,free,2.035,G1,G1,1,0,75.52,0
octave-pump-eighths-120,ghost-clicks-10%,free,2.297,E1,E1,1,0,48.46,0
octave-pump-eighths-120,ghost-clicks-10%,free,2.540,E1,E1,1,0,37.07,0
octave-pump-eighths-120,ghost-clicks-10%,free,2.810,E2,E2,1,0,78.09,0
octave-pump-eighths-120,ghost-clicks-10%,free,3.036,E1,E1,1,0,76.12,0
octave-pump-eighths-120,ghost-clicks-10%,free,3.314,G1,G1,1,0,46.43,0
octave-pump-eighths-120,ghost-clicks-10%,free,3.557,G1,none,0,0,-,0
octave-pump-eighths-120,ghost-clicks-10%,free,3.800,G2,G2,1,0,74.59,0
octave-pump-eighths-120,ghost-clicks-10%,free,4.058,G1,G1,1,0,76.49,0
octave-pump-eighths-120,ghost-clicks-10%,free,4.303,A1,A1,1,0,39.94,0
octave-pump-eighths-120,ghost-clicks-10%,free,4.541,A1,none,0,0,-,0
octave-pump-eighths-120,ghost-clicks-10%,free,4.794,A2,A2,1,0,68.53,0
octave-pump-eighths-120,ghost-clicks-10%,free,5.065,A1,A1,1,0,69.88,0
octave-pump-eighths-120,ghost-clicks-10%,free,5.304,C2,C2,1,0,30.90,0
octave-pump-eighths-120,ghost-clicks-10%,free,5.565,C2,none,0,0,-,0
octave-pump-eighths-120,ghost-clicks-10%,free,5.791,C3,C3,1,0,63.48,0
octave-pump-eighths-120,ghost-clicks-10%,free,6.047,C2,C2,1,0,25.03,0
octave-pump-eighths-120,ghost-clicks-10%,free,6.299,A1,A1,1,0,41.26,0
octave-pump-eighths-120,ghost-clicks-10%,free,6.546,A1,none,0,0,-,0
octave-pump-eighths-120,ghost-clicks-10%,free,6.794,A2,A2,1,0,71.44,0
octave-pump-eighths-120,ghost-clicks-10%,free,7.045,A1,A1,1,0,69.81,0
octave-pump-eighths-120,ghost-clicks-10%,free,7.287,C2,C2,1,0,33.14,0
octave-pump-eighths-120,ghost-clicks-10%,free,7.560,C2,none,0,0,-,0
octave-pump-eighths-120,ghost-clicks-10%,free,7.812,C3,C3,1,0,63.11,0
octave-pump-eighths-120,ghost-clicks-10%,free,8.045,C2,C2,1,0,62.69,0
octave-pump-eighths-120,ghost-clicks-10%,free,8.295,E1,E1,1,0,47.25,0
octave-pump-eighths-120,ghost-clicks-10%,free,8.557,E1,none,0,0,-,0
octave-pump-eighths-120,ghost-clicks-10%,free,8.791,E2,E2,1,0,79.80,0
octave-pump-eighths-120,ghost-clicks-10%,free,9.036,E1,E1,1,0,74.96,0
octave-pump-eighths-120,ghost-clicks-10%,free,9.309,G1,G1,1,0,48.10,0
octave-pump-eighths-120,ghost-clicks-10%,free,9.539,G1,none,0,0,-,0
octave-pump-eighths-120,ghost-clicks-10%,free,9.810,G2,G2,1,0,75.10,0
octave-pump-eighths-120,ghost-clicks-10%,free,10.061,G1,G1,1,0,39.26,0
octave-pump-eighths-120,ghost-clicks-10%,free,10.288,E1,E1,1,0,43.75,0
octave-pump-eighths-120,ghost-clicks-10%,free,10.552,E1,none,0,0,-,0
octave-pump-eighths-120,ghost-clicks-10%,free,10.805,E2,E2,1,0,40.34,0
octave-pump-eighths-120,ghost-clicks-10%,free,11.056,E1,E1,1,0,36.04,0
octave-pump-eighths-120,ghost-clicks-10%,free,11.311,G1,G1,1,0,46.59,0
octave-pump-eighths-120,ghost-clicks-10%,free,11.544,G1,none,0,0,-,0
octave-pump-eighths-120,ghost-clicks-10%,free,11.788,G2,G2,1,0,77.43,0
octave-pump-eighths-120,ghost-clicks-10%,free,12.047,G1,G1,1,0,72.86,0
octave-pump-eighths-120,ghost-clicks-10%,free,12.290,A1,A1,1,0,38.27,0
octave-pump-eighths-120,ghost-clicks-10%,free,12.538,A1,none,0,0,-,0
octave-pump-eighths-120,ghost-clicks-10%,free,12.798,A2,A2,1,0,34.06,0
octave-pump-eighths-120,ghost-clicks-10%,free,13.061,A1,A1,1,0,70.95,0
octave-pump-eighths-120,ghost-clicks-10%,free,13.306,C2,C2,1,0,34.42,0
octave-pump-eighths-120,ghost-clicks-10%,free,13.555,C2,none,0,0,-,0
octave-pump-eighths-120,ghost-clicks-10%,free,13.809,C3,C3,1,0,63.14,0
octave-pump-eighths-120,ghost-clicks-10%,free,14.045,C2,C2,1,0,65.47,0
octave-pump-eighths-120,ghost-clicks-10%,free,14.292,A1,A1,1,0,38.29,0
octave-pump-eighths-120,ghost-clicks-10%,free,14.548,A1,A1,1,0,29.55,0
octave-pump-eighths-120,ghost-clicks-10%,free,14.808,A2,A2,1,0,69.50,0
octave-pump-eighths-120,ghost-clicks-10%,free,15.061,A1,A1,1,0,71.38,0
octave-pump-eighths-120,ghost-clicks-10%,free,15.286,C2,C2,1,0,31.81,0
octave-pump-eighths-120,ghost-clicks-10%,free,15.544,C2,none,0,0,-,0
octave-pump-eighths-120,ghost-clicks-10%,free,15.801,C3,C3,1,0,64.46,0
octave-pump-eighths-120,ghost-clicks-10%,free,16.038,C2,C2,1,0,65.10,0
octave-pump-eighths-120,ghost-clicks-10%,song,0.286,E1,E1,1,1,2.40,0
octave-pump-eighths-120,ghost-clicks-10%,song,0.561,E1,E1,1,1,2.63,0
octave-pump-eighths-120,ghost-clicks-10%,song,0.786,E2,E2,1,1,6.28,0
octave-pump-eighths-120,ghost-clicks-10%,song,1.061,E1,E1,1,0,78.94,0
octave-pump-eighths-120,ghost-clicks-10%,song,1.302,G1,G1,1,1,3.17,0
octave-pump-eighths-120,ghost-clicks-10%,song,1.559,G1,none,0,0,-,0
octave-pump-eighths-120,ghost-clicks-10%,song,1.813,G2,G2,1,1,3.47,0
octave-pump-eighths-120,ghost-clicks-10%,song,2.035,G1,G1,1,0,75.52,0
octave-pump-eighths-120,ghost-clicks-10%,song,2.297,E1,E1,1,0,48.46,0
octave-pump-eighths-120,ghost-clicks-10%,song,2.540,E1,E1,1,1,3.74,0
octave-pump-eighths-120,ghost-clicks-10%,song,2.810,E2,E2,1,1,3.42,0
octave-pump-eighths-120,ghost-clicks-10%,song,3.036,E1,E1,1,0,76.12,0
octave-pump-eighths-120,ghost-clicks-10%,song,3.314,G1,G1,1,1,2.43,0
octave-pump-eighths-120,ghost-clicks-10%,song,3.557,G1,none,0,0,-,0
octave-pump-eighths-120,ghost-clicks-10%,song,3.800,G2,G2,1,1,3.93,0
octave-pump-eighths-120,ghost-clicks-10%,song,4.058,G1,G1,1,0,76.49,0
octave-pump-eighths-120,ghost-clicks-10%,song,4.303,A1,A1,1,0,39.94,0
octave-pump-eighths-120,ghost-clicks-10%,song,4.541,A1,none,0,0,-,0
octave-pump-eighths-120,ghost-clicks-10%,song,4.794,A2,A2,1,1,4.53,0
octave-pump-eighths-120,ghost-clicks-10%,song,5.065,A1,A1,1,0,69.88,0
octave-pump-eighths-120,ghost-clicks-10%,song,5.304,C2,C2,1,0,30.90,0
octave-pump-eighths-120,ghost-clicks-10%,song,5.565,C2,none,0,0,-,0
octave-pump-eighths-120,ghost-clicks-10%,song,5.791,C3,C3,1,1,6.14,0
octave-pump-eighths-120,ghost-clicks-10%,song,6.047,C2,C2,1,1,2.37,0
octave-pump-eighths-120,ghost-clicks-10%,song,6.299,A1,A1,1,0,41.26,0
octave-pump-eighths-120,ghost-clicks-10%,song,6.546,A1,none,0,0,-,0
octave-pump-eighths-120,ghost-clicks-10%,song,6.794,A2,A2,1,1,3.44,0
octave-pump-eighths-120,ghost-clicks-10%,song,7.045,A1,A1,1,0,69.81,0
octave-pump-eighths-120,ghost-clicks-10%,song,7.287,C2,C2,1,1,5.14,0
octave-pump-eighths-120,ghost-clicks-10%,song,7.560,C2,none,0,0,-,0
octave-pump-eighths-120,ghost-clicks-10%,song,7.812,C3,C3,1,0,63.11,0
octave-pump-eighths-120,ghost-clicks-10%,song,8.045,C2,C2,1,0,62.69,0
octave-pump-eighths-120,ghost-clicks-10%,song,8.295,E1,E1,1,0,47.25,0
octave-pump-eighths-120,ghost-clicks-10%,song,8.557,E1,E1,1,1,4.25,0
octave-pump-eighths-120,ghost-clicks-10%,song,8.791,E2,E2,1,1,3.80,0
octave-pump-eighths-120,ghost-clicks-10%,song,9.036,E1,E1,1,0,74.96,0
octave-pump-eighths-120,ghost-clicks-10%,song,9.309,G1,G1,1,1,2.77,0
octave-pump-eighths-120,ghost-clicks-10%,song,9.539,G1,none,0,0,-,0
octave-pump-eighths-120,ghost-clicks-10%,song,9.810,G2,G2,1,1,3.10,0
octave-pump-eighths-120,ghost-clicks-10%,song,10.061,G1,G1,1,1,3.26,0
octave-pump-eighths-120,ghost-clicks-10%,song,10.288,E1,E1,1,0,43.75,0
octave-pump-eighths-120,ghost-clicks-10%,song,10.552,E1,E1,1,1,3.69,0
octave-pump-eighths-120,ghost-clicks-10%,song,10.805,E2,E2,1,1,3.00,0
octave-pump-eighths-120,ghost-clicks-10%,song,11.056,E1,E1,1,1,2.71,0
octave-pump-eighths-120,ghost-clicks-10%,song,11.311,G1,G1,1,1,2.59,0
octave-pump-eighths-120,ghost-clicks-10%,song,11.544,G1,none,0,0,-,0
octave-pump-eighths-120,ghost-clicks-10%,song,11.788,G2,G2,1,1,4.09,0
octave-pump-eighths-120,ghost-clicks-10%,song,12.047,G1,G1,1,0,72.86,0
octave-pump-eighths-120,ghost-clicks-10%,song,12.290,A1,A1,1,0,38.27,0
octave-pump-eighths-120,ghost-clicks-10%,song,12.538,A1,A1,1,1,4.21,0
octave-pump-eighths-120,ghost-clicks-10%,song,12.798,A2,A2,1,1,2.06,0
octave-pump-eighths-120,ghost-clicks-10%,song,13.061,A1,A1,1,0,70.95,0
octave-pump-eighths-120,ghost-clicks-10%,song,13.306,C2,C2,1,0,34.42,0
octave-pump-eighths-120,ghost-clicks-10%,song,13.555,C2,none,0,0,-,0
octave-pump-eighths-120,ghost-clicks-10%,song,13.809,C3,C3,1,1,3.14,0
octave-pump-eighths-120,ghost-clicks-10%,song,14.045,C2,C2,1,0,65.47,0
octave-pump-eighths-120,ghost-clicks-10%,song,14.292,A1,A1,1,0,38.29,0
octave-pump-eighths-120,ghost-clicks-10%,song,14.548,A1,A1,1,1,2.88,0
octave-pump-eighths-120,ghost-clicks-10%,song,14.808,A2,A2,1,1,8.16,0
octave-pump-eighths-120,ghost-clicks-10%,song,15.061,A1,A1,1,0,71.38,0
octave-pump-eighths-120,ghost-clicks-10%,song,15.286,C2,C2,1,0,31.81,0
octave-pump-eighths-120,ghost-clicks-10%,song,15.544,C2,none,0,0,-,0
octave-pump-eighths-120,ghost-clicks-10%,song,15.801,C3,C3,1,1,7.13,0
octave-pump-eighths-120,ghost-clicks-10%,song,16.038,C2,C2,1,0,65.10,0
octave-pump-eighths-120,ghost-clicks-10%,song+periodicity,0.286,E1,E1,1,1,2.40,0
octave-pump-eighths-120,ghost-clicks-10%,song+periodicity,0.561,E1,E1,1,1,2.63,0
octave-pump-eighths-120,ghost-clicks-10%,song+periodicity,0.786,E2,E2,1,1,6.28,0
octave-pump-eighths-120,ghost-clicks-10%,song+periodicity,1.061,E1,E1,1,1,5.61,0
octave-pump-eighths-120,ghost-clicks-10%,song+periodicity,1.302,G1,G1,1,1,3.17,0
octave-pump-eighths-120,ghost-clicks-10%,song+periodicity,1.559,G1,G1,1,1,4.95,0
octave-pump-eighths-120,ghost-clicks-10%,song+periodicity,1.813,G2,G2,1,1,3.47,0
octave-pump-eighths-120,ghost-clicks-10%,song+periodicity,2.035,G1,G1,1,1,4.86,0
octave-pump-eighths-120,ghost-clicks-10%,song+periodicity,2.297,E1,E1,1,1,5.79,0
octave-pump-eighths-120,ghost-clicks-10%,song+periodicity,2.540,E1,E1,1,1,3.74,0
octave-pump-eighths-120,ghost-clicks-10%,song+periodicity,2.810,E2,E2,1,1,3.42,0
octave-pump-eighths-120,ghost-clicks-10%,song+periodicity,3.036,E1,E1,1,1,4.12,0
octave-pump-eighths-120,ghost-clicks-10%,song+periodicity,3.314,G1,G1,1,1,2.43,0
octave-pump-eighths-120,ghost-clicks-10%,song+periodicity,3.557,G1,G1,1,1,4.38,0
octave-pump-eighths-120,ghost-clicks-10%,song+periodicity,3.800,G2,G2,1,1,3.93,0
octave-pump-eighths-120,ghost-clicks-10%,song+periodicity,4.058,G1,G1,1,1,4.49,0
octave-pump-eighths-120,ghost-clicks-10%,song+periodicity,4.303,A1,A1,1,1,7.94,0
octave-pump-eighths-120,ghost-clicks-10%,song+periodicity,4.541,A1,A1,1,1,7.36,0
octave-pump-eighths-120,ghost-clicks-10%,song+periodicity,4.794,A2,A2,1,1,4.53,0
octave-pump-eighths-120,ghost-clicks-10%,song+periodicity,5.065,A1,A1,1,1,4.54,0
octave-pump-eighths-120,ghost-clicks-10%,song+periodicity,5.304,C2,C2,1,1,5.57,0
octave-pump-eighths-120,ghost-clicks-10%,song+periodicity,5.565,C2,C2,1,1,7.30,0
octave-pump-eighths-120,ghost-clicks-10%,song+periodicity,5.791,C3,C3,1,1,6.14,0
octave-pump-eighths-120,ghost-clicks-10%,song+periodicity,6.047,C2,C2,1,1,2.37,0
octave-pump-eighths-120,ghost-clicks-10%,song+periodicity,6.299,A1,A1,1,1,5.26,0
octave-pump-eighths-120,ghost-clicks-10%,song+periodicity,6.546,A1,A1,1,1,5.10,0
octave-pump-eighths-120,ghost-clicks-10%,song+periodicity,6.794,A2,A2,1,1,3.44,0
octave-pump-eighths-120,ghost-clicks-10%,song+periodicity,7.045,A1,A1,1,1,4.48,0
octave-pump-eighths-120,ghost-clicks-10%,song+periodicity,7.287,C2,C2,1,1,5.14,0
octave-pump-eighths-120,ghost-clicks-10%,song+periodicity,7.560,C2,C2,1,1,3.83,0
octave-pump-eighths-120,ghost-clicks-10%,song+periodicity,7.812,C3,C3,1,1,4.44,0
octave-pump-eighths-120,ghost-clicks-10%,song+periodicity,8.045,C2,C2,1,1,5.36,0
octave-pump-eighths-120,ghost-clicks-10%,song+periodicity,8.295,E1,E1,1,1,4.59,0
octave-pump-eighths-120,ghost-clicks-10%,song+periodicity,8.557,E1,E1,1,1,4.25,0
octave-pump-eighths-120,ghost-clicks-10%,song+periodicity,8.791,E2,E2,1,1,3.80,0
octave-pump-eighths-120,ghost-clicks-10%,song+periodicity,9.036,E1,E1,1,1,5.62,0
octave-pump-eighths-120,ghost-clicks-10%,song+periodicity,9.309,G1,G1,1,1,2.77,0
octave-pump-eighths-120,ghost-clicks-10%,song+periodicity,9.539,G1,G1,1,1,6.35,0
octave-pump-eighths-120,ghost-clicks-10%,song+periodicity,9.810,G2,G2,1,1,3.10,0
octave-pump-eighths-120,ghost-clicks-10%,song+periodicity,10.061,G1,G1,1,1,3.26,0
octave-pump-eighths-120,ghost-clicks-10%,song+periodicity,10.288,E1,E1,1,1,5.08,0
octave-pump-eighths-120,ghost-clicks-10%,song+periodicity,10.552,E1,E1,1,1,3.69,0
octave-pump-eighths-120,ghost-clicks-10%,song+periodicity,10.805,E2,E2,1,1,3.00,0
octave-pump-eighths-120,ghost-clicks-10%,song+periodicity,11.056,E1,E1,1,1,2.71,0
octave-pump-eighths-120,ghost-clicks-10%,song+periodicity,11.311,G1,G1,1,1,2.59,0
octave-pump-eighths-120,ghost-clicks-10%,song+periodicity,11.544,G1,G1,1,1,4.38,0
octave-pump-eighths-120,ghost-clicks-10%,song+periodicity,11.788,G2,G2,1,1,4.09,0
octave-pump-eighths-120,ghost-clicks-10%,song+periodicity,12.047,G1,G1,1,1,4.86,0
octave-pump-eighths-120,ghost-clicks-10%,song+periodicity,12.290,A1,A1,1,1,4.93,0
octave-pump-eighths-120,ghost-clicks-10%,song+periodicity,12.538,A1,A1,1,1,4.21,0
octave-pump-eighths-120,ghost-clicks-10%,song+periodicity,12.798,A2,A2,1,1,2.06,0
octave-pump-eighths-120,ghost-clicks-10%,song+periodicity,13.061,A1,A1,1,1,6.95,0
octave-pump-eighths-120,ghost-clicks-10%,song+periodicity,13.306,C2,C2,1,1,5.08,0
octave-pump-eighths-120,ghost-clicks-10%,song+periodicity,13.555,C2,C2,1,1,6.04,0
octave-pump-eighths-120,ghost-clicks-10%,song+periodicity,13.809,C3,C3,1,1,3.14,0
octave-pump-eighths-120,ghost-clicks-10%,song+periodicity,14.045,C2,C2,1,1,6.81,0
octave-pump-eighths-120,ghost-clicks-10%,song+periodicity,14.292,A1,A1,1,1,4.96,0
octave-pump-eighths-120,ghost-clicks-10%,song+periodicity,14.548,A1,A1,1,1,2.88,0
octave-pump-eighths-120,ghost-clicks-10%,song+periodicity,14.808,A2,A2,1,1,4.16,0
octave-pump-eighths-120,ghost-clicks-10%,song+periodicity,15.061,A1,A1,1,1,3.38,0
octave-pump-eighths-120,ghost-clicks-10%,song+periodicity,15.286,C2,C2,1,1,3.81,0
octave-pump-eighths-120,ghost-clicks-10%,song+periodicity,15.544,C2,C2,1,1,8.22,0
octave-pump-eighths-120,ghost-clicks-10%,song+periodicity,15.801,C3,C3,1,1,4.46,0
octave-pump-eighths-120,ghost-clicks-10%,song+periodicity,16.038,C2,C2,1,1,5.10,0
octave-pump-eighths-120,skipped-5%,free,0.286,E1,E1,1,0,36.89,0
octave-pump-eighths-120,skipped-5%,free,0.562,E1,none,0,0,-,0
octave-pump-eighths-120,skipped-5%,free,0.807,E2,E2,1,0,77.92,0
octave-pump-eighths-120,skipped-5%,free,1.041,E1,E1,1,0,76.38,0
octave-pump-eighths-120,skipped-5%,free,1.292,G1,G1,1,0,45.28,0
octave-pump-eighths-120,skipped-5%,free,1.541,G1,none,0,0,-,0
octave-pump-eighths-120,skipped-5%,free,1.787,G2,G2,1,0,75.48,0
octave-pump-eighths-120,skipped-5%,free,2.044,G1,G1,1,0,73.79,0
octave-pump-eighths-120,skipped-5%,free,2.286,E1,E1,1,0,39.76,0
octave-pump-eighths-120,skipped-5%,free,2.537,E1,none,0,0,-,0
octave-pump-eighths-120,skipped-5%,free,2.796,E2,E2,1,0,75.65,0
octave-pump-eighths-120,skipped-5%,free,3.053,E1,E1,1,0,75.20,0
octave-pump-eighths-120,skipped-5%,free,3.297,G1,G1,1,0,45.56,0
octave-pump-eighths-120,skipped-5%,free,3.565,G1,none,0,0,-,0
octave-pump-eighths-120,skipped-5%,free,3.786,G2,G2,1,0,79.23,0
octave-pump-eighths-120,skipped-5%,free,4.053,G1,G1,1,0,75.19,0
octave-pump-eighths-120,skipped-5%,free,4.311,A1,A1,1,0,37.30,0
octave-pump-eighths-120,skipped-5%,free,4.542,A1,none,0,0,-,0
octave-pump-eighths-120,skipped-5%,free,4.795,A2,A2,1,0,70.31,0
octave-pump-eighths-120,skipped-5%,free,5.044,A1,A1,1,0,68.38,0
octave-pump-eighths-120,skipped-5%,free,5.294,C2,C2,1,0,30.98,0
octave-pump-eighths-120,skipped-5%,free,5.554,C2,none,0,0,-,0
octave-pump-eighths-120,skipped-5%,free,5.799,C3,C3,1,0,63.20,0
octave-pump-eighths-120,skipped-5%,free,6.059,C2,C2,1,0,63.26,0
octave-pump-eighths-120,skipped-5%,free,6.287,A1,A1,1,0,32.68,0
octave-pump-eighths-120,skipped-5%,free,6.544,A1,none,0,0,-,0
octave-pump-eighths-120,skipped-5%,free,6.791,A2,A2,1,0,69.01,0
octave-pump-eighths-120,skipped-5%,free,7.040,A1,A1,1,0,70.98,0
octave-pump-eighths-120,skipped-5%,free,7.299,C2,C2,1,0,32.88,0
octave-pump-eighths-120,skipped-5%,free,7.536,C2,none,0,0,-,0
octave-pump-eighths-120,skipped-5%,free,7.795,C3,C3,1,0,62.52,0
octave-pump-eighths-120,skipped-5%,free,8.064,C2,C2,1,0,63.72,0
octave-pump-eighths-120,skipped-5%,free,8.295,E1,E1,1,0,42.66,0
octave-pump-eighths-120,skipped-5%,free,8.536,E1,none,0,0,-,0
octave-pump-eighths-120,skipped-5%,free,8.808,E2,E2,1,0,74.87,0
octave-pump-eighths-120,skipped-5%,free,9.050,E1,E1,1,0,115.69,0
octave-pump-eighths-120,skipped-5%,free,9.313,G1,G1,1,0,49.36,0
octave-pump-eighths-120,skipped-5%,free,9.549,G1,none,0,0,-,0
octave-pump-eighths-120,skipped-5%,free,9.802,G2,G2,1,0,75.83,0
octave-pump-eighths-120,skipped-5%,free,10.054,G1,G1,1,0,78.48,0
octave-pump-eighths-120,skipped-5%,free,11.037,E1,E1,1,0,37.96,0
octave-pump-eighths-120,skipped-5%,free,11.299,G1,G1,1,0,48.67,0
octave-pump-eighths-120,skipped-5%,free,11.554,G1,none,0,0,-,0
octave-pump-eighths-120,skipped-5%,free,11.814,G2,G2,1,0,77.80,0
octave-pump-eighths-120,skipped-5%,free,12.048,G1,G1,1,0,77.40,0
octave-pump-eighths-120,skipped-5%,free,12.298,A1,A1,1,0,37.05,0
octave-pump-eighths-120,skipped-5%,free,12.558,A1,none,0,0,-,0
octave-pump-eighths-120,skipped-5%,free,12.810,A2,A2,1,0,67.61,0
octave-pump-eighths-120,skipped-5%,free,13.052,A1,A1,1,0,70.65,0
octave-pump-eighths-120,skipped-5%,free,13.289,C2,C2,1,0,33.25,0
octave-pump-eighths-120,skipped-5%,free,13.551,C2,none,0,0,-,0
octave-pump-eighths-120,skipped-5%,free,13.790,C3,C3,1,0,64.70,0
octave-pump-eighths-120,skipped-5%,free,14.058,C2,C2,1,0,62.44,0
octave-pump-eighths-120,skipped-5%,free,14.312,A1,A1,1,0,39.90,0
octave-pump-eighths-120,skipped-5%,free,14.542,A1,none,0,0,-,0
octave-pump-eighths-120,skipped-5%,free,14.810,A2,A2,1,0,69.90,0
octave-pump-eighths-120,skipped-5%,free,15.547,C2,C2,1,0,25.34,0
octave-pump-eighths-120,skipped-5%,free,15.797,C3,C3,1,0,63.34,0
octave-pump-eighths-120,skipped-5%,free,16.056,C2,C2,1,0,63.64,0
octave-pump-eighths-120,skipped-5%,song,0.286,E1,E1,1,1,2.22,0
octave-pump-eighths-120,skipped-5%,song,0.562,E1,E1,1,1,2.39,0
octave-pump-eighths-120,skipped-5%,song,0.807,E2,E2,1,1,3.25,0
octave-pump-eighths-120,skipped-5%,song,1.041,E1,E1,1,0,76.38,0
octave-pump-eighths-120,skipped-5%,song,1.292,G1,G1,1,1,3.94,0
octave-pump-eighths-120,skipped-5%,song,1.541,G1,none,0,0,-,0
octave-pump-eighths-120,skipped-5%,song,1.787,G2,G2,1,1,10.15,0
octave-pump-eighths-120,skipped-5%,song,2.044,G1,G1,1,0,73.79,0
octave-pump-eighths-120,skipped-5%,song,2.286,E1,E1,1,0,39.76,0
octave-pump-eighths-120,skipped-5%,song,2.537,E1,E1,1,1,4.08,0
octave-pump-eighths-120,skipped-5%,song,2.796,E2,E2,1,1,3.65,0
octave-pump-eighths-120,skipped-5%,song,3.053,E1,E1,1,0,75.20,0
octave-pump-eighths-120,skipped-5%,song,3.297,G1,G1,1,1,2.89,0
octave-pump-eighths-120,skipped-5%,song,3.565,G1,G1,1,1,3.01,0
octave-pump-eighths-120,skipped-5%,song,3.786,G2,G2,1,1,4.56,0
octave-pump-eighths-120,skipped-5%,song,4.053,G1,G1,1,0,75.19,0
octave-pump-eighths-120,skipped-5%,song,4.311,A1,A1,1,1,3.96,0
octave-pump-eighths-120,skipped-5%,song,4.542,A1,none,0,0,-,0
octave-pump-eighths-120,skipped-5%,song,4.795,A2,A2,1,1,4.98,0
octave-pump-eighths-120,skipped-5%,song,5.044,A1,A1,1,0,68.38,0
octave-pump-eighths-120,skipped-5%,song,5.294,C2,C2,1,0,30.98,0
octave-pump-eighths-120,skipped-5%,song,5.554,C2,none,0,0,-,0
octave-pump-eighths-120,skipped-5%,song,5.799,C3,C3,1,1,7.20,0
octave-pump-eighths-120,skipped-5%,song,6.059,C2,C2,1,0,63.26,0
octave-pump-eighths-120,skipped-5%,song,6.287,A1,A1,1,0,32.68,0
octave-pump-eighths-120,skipped-5%,song,6.544,A1,none,0,0,-,0
octave-pump-eighths-120,skipped-5%,song,6.791,A2,A2,1,1,5.01,0
octave-pump-eighths-120,skipped-5%,song,7.040,A1,A1,1,0,70.98,0
octave-pump-eighths-120,skipped-5%,song,7.299,C2,C2,1,1,7.55,0
octave-pump-eighths-120,skipped-5%,song,7.536,C2,none,0,0,-,0
octave-pump-eighths-120,skipped-5%,song,7.795,C3,C3,1,1,7.85,0
octave-pump-eighths-120,skipped-5%,song,8.064,C2,C2,1,0,63.72,0
octave-pump-eighths-120,skipped-5%,song,8.295,E1,E1,1,0,42.66,0
octave-pump-eighths-120,skipped-5%,song,8.536,E1,E1,1,1,3.91,0
octave-pump-eighths-120,skipped-5%,song,8.808,E2,E2,1,1,2.87,0
octave-pump-eighths-120,skipped-5%,song,9.050,E1,E1,1,0,115.69,0
octave-pump-eighths-120,skipped-5%,song,9.313,G1,G1,1,1,4.03,0
octave-pump-eighths-120,skipped-5%,song,9.549,G1,G1,1,1,3.03,0
octave-pump-eighths-120,skipped-5%,song,9.802,G2,G2,1,1,3.83,0
octave-pump-eighths-120,skipped-5%,song,10.054,G1,G1,1,0,78.48,0
octave-pump-eighths-120,skipped-5%,song,11.037,E1,E1,1,1,3.29,0
octave-pump-eighths-120,skipped-5%,song,11.299,G1,G1,1,1,3.33,0
octave-pump-eighths-120,skipped-5%,song,11.554,G1,none,0,0,-,0
octave-pump-eighths-120,skipped-5%,song,11.814,G2,G2,1,1,4.47,0
octave-pump-eighths-120,skipped-5%,song,12.048,G1,G1,1,0,77.40,0
octave-pump-eighths-120,skipped-5%,song,12.298,A1,A1,1,0,37.05,0
octave-pump-eighths-120,skipped-5%,song,12.558,A1,none,0,0,-,0
octave-pump-eighths-120,skipped-5%,song,12.810,A2,A2,1,1,6.28,0
octave-pump-eighths-120,skipped-5%,song,13.052,A1,A1,1,0,70.65,0
octave-pump-eighths-120,skipped-5%,song,13.289,C2,C2,1,0,33.25,0
octave-pump-eighths-120,skipped-5%,song,13.551,C2,none,0,0,-,0
octave-pump-eighths-120,skipped-5%,song,13.790,C3,C3,1,0,64.70,0
octave-pump-eighths-120,skipped-5%,song,14.058,C2,C2,1,0,62.44,0
octave-pump-eighths-120,skipped-5%,song,14.312,A1,A1,1,0,39.90,0
octave-pump-eighths-120,skipped-5%,song,14.542,A1,none,0,0,-,0
octave-pump-eighths-120,skipped-5%,song,14.810,A2,A2,1,1,4.57,0
octave-pump-eighths-120,skipped-5%,song,15.547,C2,C2,1,1,5.34,0
octave-pump-eighths-120,skipped-5%,song,15.797,C3,C3,1,0,63.34,0
octave-pump-eighths-120,skipped-5%,song,16.056,C2,C2,1,0,63.64,0
octave-pump-eighths-120,skipped-5%,song+periodicity,0.286,E1,E1,1,1,2.22,0
octave-pump-eighths-120,skipped-5%,song+periodicity,0.562,E1,E1,1,1,2.39,0
octave-pump-eighths-120,skipped-5%,song+periodicity,0.807,E2,E2,1,1,3.25,0
octave-pump-eighths-120,skipped-5%,song+periodicity,1.041,E1,E1,1,1,5.72,0
octave-pump-eighths-120,skipped-5%,song+periodicity,1.292,G1,G1,1,1,3.94,0
octave-pump-eighths-120,skipped-5%,song+periodicity,1.541,G1,G1,1,1,6.89,0
octave-pump-eighths-120,skipped-5%,song+periodicity,1.787,G2,G2,1,1,6.15,0
octave-pump-eighths-120,skipped-5%,song+periodicity,2.044,G1,G1,1,1,5.79,0
octave-pump-eighths-120,skipped-5%,song+periodicity,2.286,E1,E1,1,1,3.76,0
octave-pump-eighths-120,skipped-5%,song+periodicity,2.537,E1,E1,1,1,4.08,0
octave-pump-eighths-120,skipped-5%,song+periodicity,2.796,E2,E2,1,1,3.65,0
octave-pump-eighths-120,skipped-5%,song+periodicity,3.053,E1,E1,1,1,7.20,0
octave-pump-eighths-120,skipped-5%,song+periodicity,3.297,G1,G1,1,1,2.89,0
octave-pump-eighths-120,skipped-5%,song+periodicity,3.565,G1,G1,1,1,3.01,0
octave-pump-eighths-120,skipped-5%,song+periodicity,3.786,G2,G2,1,1,4.56,0
octave-pump-eighths-120,skipped-5%,song+periodicity,4.053,G1,G1,1,1,5.86,0
octave-pump-eighths-120,skipped-5%,song+periodicity,4.311,A1,A1,1,1,3.96,0
octave-pump-eighths-120,skipped-5%,song+periodicity,4.542,A1,A1,1,1,4.33,0
octave-pump-eighths-120,skipped-5%,song+periodicity,4.795,A2,A2,1,1,4.98,0
octave-pump-eighths-120,skipped-5%,song+periodicity,5.044,A1,A1,1,1,4.38,0
octave-pump-eighths-120,skipped-5%,song+periodicity,5.294,C2,C2,1,1,4.32,0
octave-pump-eighths-120,skipped-5%,song+periodicity,5.554,C2,C2,1,1,8.18,0
octave-pump-eighths-120,skipped-5%,song+periodicity,5.799,C3,C3,1,1,7.20,0
octave-pump-eighths-120,skipped-5%,song+periodicity,6.059,C2,C2,1,1,5.93,0
octave-pump-eighths-120,skipped-5%,song+periodicity,6.287,A1,A1,1,1,4.68,0
octave-pump-eighths-120,skipped-5%,song+periodicity,6.544,A1,A1,1,1,4.95,0
octave-pump-eighths-120,skipped-5%,song+periodicity,6.791,A2,A2,1,1,5.01,0
octave-pump-eighths-120,skipped-5%,song+periodicity,7.040,A1,A1,1,1,4.31,0
octave-pump-eighths-120,skipped-5%,song+periodicity,7.299,C2,C2,1,1,4.88,0
octave-pump-eighths-120,skipped-5%,song+periodicity,7.536,C2,C2,1,1,3.61,0
octave-pump-eighths-120,skipped-5%,song+periodicity,7.795,C3,C3,1,1,5.19,0
octave-pump-eighths-120,skipped-5%,song+periodicity,8.064,C2,C2,1,1,5.05,0
octave-pump-eighths-120,skipped-5%,song+periodicity,8.295,E1,E1,1,1,8.00,0
octave-pump-eighths-120,skipped-5%,song+periodicity,8.536,E1,E1,1,1,3.91,0
octave-pump-eighths-120,skipped-5%,song+periodicity,8.808,E2,E2,1,1,2.87,0
octave-pump-eighths-120,skipped-5%,song+periodicity,9.050,E1,E1,1,1,5.02,0
octave-pump-eighths-120,skipped-5%,song+periodicity,9.313,G1,G1,1,1,4.03,0
octave-pump-eighths-120,skipped-5%,song+periodicity,9.549,G1,G1,1,1,3.03,0
octave-pump-eighths-120,skipped-5%,song+periodicity,9.802,G2,G2,1,1,3.83,0
octave-pump-eighths-120,skipped-5%,song+periodicity,10.054,G1,G1,1,1,5.15,0
octave-pump-eighths-120,skipped-5%,song+periodicity,11.037,E1,E1,1,1,3.29,0
octave-pump-eighths-120,skipped-5%,song+periodicity,11.299,G1,G1,1,1,3.33,0
octave-pump-eighths-120,skipped-5%,song+periodicity,11.554,G1,G1,1,1,4.71,0
octave-pump-eighths-120,skipped-5%,song+periodicity,11.814,G2,G2,1,1,4.47,0
octave-pump-eighths-120,skipped-5%,song+periodicity,12.048,G1,G1,1,1,8.07,0
octave-pump-eighths-120,skipped-5%,song+periodicity,12.298,A1,A1,1,1,9.05,0
octave-pump-eighths-120,skipped-5%,song+periodicity,12.558,A1,A1,1,1,4.87,0
octave-pump-eighths-120,skipped-5%,song+periodicity,12.810,A2,A2,1,1,4.95,0
octave-pump-eighths-120,skipped-5%,song+periodicity,13.052,A1,A1,1,1,3.99,0
octave-pump-eighths-120,skipped-5%,song+periodicity,13.289,C2,C2,1,1,6.58,0
octave-pump-eighths-120,skipped-5%,song+periodicity,13.551,C2,C2,1,1,4.66,0
octave-pump-eighths-120,skipped-5%,song+periodicity,13.790,C3,C3,1,1,4.70,0
octave-pump-eighths-120,skipped-5%,song+periodicity,14.058,C2,C2,1,1,5.10,0
octave-pump-eighths-120,skipped-5%,song+periodicity,14.312,A1,A1,1,1,3.90,0
octave-pump-eighths-120,skipped-5%,song+periodicity,14.542,A1,A1,1,1,4.90,0
octave-pump-eighths-120,skipped-5%,song+periodicity,14.810,A2,A2,1,1,4.57,0
octave-pump-eighths-120,skipped-5%,song+periodicity,15.547,C2,C2,1,1,5.34,0
octave-pump-eighths-120,skipped-5%,song+periodicity,15.797,C3,C3,1,1,4.68,0
octave-pump-eighths-120,skipped-5%,song+periodicity,16.056,C2,C2,1,1,7.64,0
octave-pump-eighths-120,wrong-start+4,free,0.286,E1,E1,1,0,36.68,0
octave-pump-eighths-120,wrong-start+4,free,0.542,E1,none,0,0,-,0
octave-pump-eighths-120,wrong-start+4,free,0.790,E2,E2,1,0,78.36,0
octave-pump-eighths-120,wrong-start+4,free,1.038,E1,E1,1,0,79.02,0
octave-pump-eighths-120,wrong-start+4,free,1.314,G1,G1,1,0,43.76,0
octave-pump-eighths-120,wrong-start+4,free,1.545,G1,none,0,0,-,0
octave-pump-eighths-120,wrong-start+4,free,1.786,G2,G2,1,0,79.27,0
octave-pump-eighths-120,wrong-start+4,free,2.036,G1,G1,1,0,74.78,0
octave-pump-eighths-120,wrong-start+4,free,2.314,E1,E1,1,0,49.15,0
octave-pump-eighths-120,wrong-start+4,free,2.560,E1,none,0,0,-,0
octave-pump-eighths-120,wrong-start+4,free,2.805,E2,E2,1,0,75.38,0
octave-pump-eighths-120,wrong-start+4,free,3.051,E1,E1,1,0,76.58,0
octave-pump-eighths-120,wrong-start+4,free,3.307,G1,G1,1,0,48.05,0
octave-pump-eighths-120,wrong-start+4,free,3.537,G1,none,0,0,-,0
octave-pump-eighths-120,wrong-start+4,free,3.790,G2,G2,1,0,77.72,0
octave-pump-eighths-120,wrong-start+4,free,4.055,G1,G1,1,0,77.35,0
octave-pump-eighths-120,wrong-start+4,free,4.288,A1,A1,1,0,39.66,0
octave-pump-eighths-120,wrong-start+4,free,4.545,A1,none,0,0,-,0
octave-pump-eighths-120,wrong-start+4,free,4.798,A2,A2,1,0,69.74,0
octave-pump-eighths-120,wrong-start+4,free,5.064,A1,A1,1,0,66.52,0
octave-pump-eighths-120,wrong-start+4,free,5.288,C2,C2,1,0,34.82,0
octave-pump-eighths-120,wrong-start+4,free,5.557,C2,none,0,0,-,0
octave-pump-eighths-120,wrong-start+4,free,5.794,C3,C3,1,0,63.65,0
octave-pump-eighths-120,wrong-start+4,free,6.040,C2,C2,1,0,62.83,0
octave-pump-eighths-120,wrong-start+4,free,6.314,A1,A1,1,0,33.95,0
octave-pump-eighths-120,wrong-start+4,free,6.541,A1,none,0,0,-,0
octave-pump-eighths-120,wrong-start+4,free,6.787,A2,A2,1,0,67.91,0
octave-pump-eighths-120,wrong-start+4,free,7.045,A1,A1,1,0,70.03,0
octave-pump-eighths-120,wrong-start+4,free,7.294,C2,C2,1,0,33.80,0
octave-pump-eighths-120,wrong-start+4,free,7.563,C2,none,0,0,-,0
octave-pump-eighths-120,wrong-start+4,free,7.796,C3,C3,1,0,64.22,0
octave-pump-eighths-120,wrong-start+4,free,8.044,C2,C2,1,0,64.04,0
octave-pump-eighths-120,wrong-start+4,free,8.290,E1,E1,1,0,44.44,0
octave-pump-eighths-120,wrong-start+4,free,8.543,E1,none,0,0,-,0
octave-pump-eighths-120,wrong-start+4,free,8.790,E2,E2,1,0,75.49,0
octave-pump-eighths-120,wrong-start+4,free,9.048,E1,E1,1,0,77.27,0
octave-pump-eighths-120,wrong-start+4,free,9.310,G1,G1,1,0,47.54,0
octave-pump-eighths-120,wrong-start+4,free,9.556,G1,none,0,0,-,0
octave-pump-eighths-120,wrong-start+4,free,9.786,G2,G2,1,0,76.78,0
octave-pump-eighths-120,wrong-start+4,free,10.041,G1,G1,1,0,76.78,0
octave-pump-eighths-120,wrong-start+4,free,10.289,E1,E1,1,0,42.52,0
octave-pump-eighths-120,wrong-start+4,free,10.549,E1,none,0,0,-,0
octave-pump-eighths-120,wrong-start+4,free,10.796,E2,E2,1,0,78.26,0
octave-pump-eighths-120,wrong-start+4,free,11.047,E1,E1,1,0,78.34,0
octave-pump-eighths-120,wrong-start+4,free,11.307,G1,G1,1,0,47.66,0
octave-pump-eighths-120,wrong-start+4,free,11.563,G1,none,0,0,-,0
octave-pump-eighths-120,wrong-start+4,free,11.810,G2,G2,1,0,77.67,0
octave-pump-eighths-120,wrong-start+4,free,12.054,G1,G1,1,0,76.20,0
octave-pump-eighths-120,wrong-start+4,free,12.288,A1,A1,1,0,40.23,0
octave-pump-eighths-120,wrong-start+4,free,12.541,A1,none,0,0,-,0
octave-pump-eighths-120,wrong-start+4,free,12.803,A2,A2,1,0,68.57,0
octave-pump-eighths-120,wrong-start+4,free,13.050,A1,A1,1,0,67.21,0
octave-pump-eighths-120,wrong-start+4,free,13.299,C2,C2,1,0,33.12,0
octave-pump-eighths-120,wrong-start+4,free,13.538,C2,none,0,0,-,0
octave-pump-eighths-120,wrong-start+4,free,13.794,C3,C3,1,0,62.91,0
octave-pump-eighths-120,wrong-start+4,free,14.056,C2,C2,1,0,61.54,0
octave-pump-eighths-120,wrong-start+4,free,14.311,A1,A1,1,0,36.74,0
octave-pump-eighths-120,wrong-start+4,free,14.560,A1,none,0,0,-,0
octave-pump-eighths-120,wrong-start+4,free,14.795,A2,A2,1,0,70.76,0
octave-pump-eighths-120,wrong-start+4,free,15.062,A1,A1,1,0,69.51,0
octave-pump-eighths-120,wrong-start+4,free,15.297,C2,C2,1,0,33.52,0
octave-pump-eighths-120,wrong-start+4,free,15.554,C2,none,0,0,-,0
octave-pump-eighths-120,wrong-start+4,free,15.798,C3,C3,1,0,64.75,0
octave-pump-eighths-120,wrong-start+4,free,16.054,C2,C2,1,0,63.42,0
octave-pump-eighths-120,wrong-start+4,song,0.286,E1,G1,0,1,54.01,1
octave-pump-eighths-120,wrong-start+4,song,0.542,E1,G1,0,1,58.43,1
octave-pump-eighths-120,wrong-start+4,song,0.790,E2,E2,1,1,2.36,0
octave-pump-eighths-120,wrong-start+4,song,1.038,E1,E1,1,0,79.02,0
octave-pump-eighths-120,wrong-start+4,song,1.314,G1,G1,1,1,2.43,0
octave-pump-eighths-120,wrong-start+4,song,1.545,G1,none,0,0,-,0
octave-pump-eighths-120,wrong-start+4,song,1.786,G2,G2,1,1,11.27,0
octave-pump-eighths-120,wrong-start+4,song,2.036,G1,G1,1,0,74.78,0
octave-pump-eighths-120,wrong-start+4,song,2.314,E1,A1,0,1,58.49,1
octave-pump-eighths-120,wrong-start+4,song,2.560,E1,A1,0,1,57.01,1
octave-pump-eighths-120,wrong-start+4,song,2.805,E2,E2,1,1,3.38,0
octave-pump-eighths-120,wrong-start+4,song,3.051,E1,E1,1,0,76.58,0
octave-pump-eighths-120,wrong-start+4,song,3.307,G1,G1,1,1,4.05,0
octave-pump-eighths-120,wrong-start+4,song,3.537,G1,G1,1,1,3.05,0
octave-pump-eighths-120,wrong-start+4,song,3.790,G2,G2,1,1,4.38,0
octave-pump-eighths-120,wrong-start+4,song,4.055,G1,G1,1,0,77.35,0
octave-pump-eighths-120,wrong-start+4,song,4.288,A1,A1,1,1,3.66,0
octave-pump-eighths-120,wrong-start+4,song,4.545,A1,none,0,0,-,0
octave-pump-eighths-120,wrong-start+4,song,4.798,A2,A2,1,1,5.74,0
octave-pump-eighths-120,wrong-start+4,song,5.064,A1,A1,1,0,66.52,0
octave-pump-eighths-120,wrong-start+4,song,5.288,C2,C2,1,0,34.82,0
octave-pump-eighths-120,wrong-start+4,song,5.557,C2,none,0,0,-,0
octave-pump-eighths-120,wrong-start+4,song,5.794,C3,C3,1,1,6.32,0
octave-pump-eighths-120,wrong-start+4,song,6.040,C2,C2,1,0,62.83,0
octave-pump-eighths-120,wrong-start+4,song,6.314,A1,A1,1,0,33.95,0
octave-pump-eighths-120,wrong-start+4,song,6.541,A1,none,0,0,-,0
octave-pump-eighths-120,wrong-start+4,song,6.787,A2,A2,1,1,5.24,0
octave-pump-eighths-120,wrong-start+4,song,7.045,A1,A1,1,0,70.03,0
octave-pump-eighths-120,wrong-start+4,song,7.294,C2,C2,1,1,7.13,0
octave-pump-eighths-120,wrong-start+4,song,7.563,C2,none,0,0,-,0
octave-pump-eighths-120,wrong-start+4,song,7.796,C3,C3,1,0,64.22,0
octave-pump-eighths-120,wrong-start+4,song,8.044,C2,C2,1,0,64.04,0
octave-pump-eighths-120,wrong-start+4,song,8.290,E1,E1,1,0,44.44,0
octave-pump-eighths-120,wrong-start+4,song,8.543,E1,none,0,0,-,0
octave-pump-eighths-120,wrong-start+4,song,8.790,E2,E2,1,1,3.49,0
octave-pump-eighths-120,wrong-start+4,song,9.048,E1,E1,1,0,77.27,0
octave-pump-eighths-120,wrong-start+4,song,9.310,G1,G1,1,1,3.54,0
octave-pump-eighths-120,wrong-start+4,song,9.556,G1,G1,1,1,4.18,0
octave-pump-eighths-120,wrong-start+4,song,9.786,G2,G2,1,1,3.44,0
octave-pump-eighths-120,wrong-start+4,song,10.041,G1,G1,1,0,76.78,0
octave-pump-eighths-120,wrong-start+4,song,10.289,E1,E1,1,0,42.52,0
octave-pump-eighths-120,wrong-start+4,song,10.549,E1,E1,1,1,3.31,0
octave-pump-eighths-120,wrong-start+4,song,10.796,E2,E2,1,1,3.59,0
octave-pump-eighths-120,wrong-start+4,song,11.047,E1,E1,1,0,78.34,0
octave-pump-eighths-120,wrong-start+4,song,11.307,G1,G1,1,1,3.66,0
octave-pump-eighths-120,wrong-start+4,song,11.563,G1,none,0,0,-,0
octave-pump-eighths-120,wrong-start+4,song,11.810,G2,G2,1,1,8.34,0
octave-pump-eighths-120,wrong-start+4,song,12.054,G1,G1,1,0,76.20,0
octave-pump-eighths-120,wrong-start+4,song,12.288,A1,A1,1,0,40.23,0
octave-pump-eighths-120,wrong-start+4,song,12.541,A1,none,0,0,-,0
octave-pump-eighths-120,wrong-start+4,song,12.803,A2,A2,1,1,4.57,0
octave-pump-eighths-120,wrong-start+4,song,13.050,A1,A1,1,0,67.21,0
octave-pump-eighths-120,wrong-start+4,song,13.299,C2,C2,1,1,3.79,0
octave-pump-eighths-120,wrong-start+4,song,13.538,C2,none,0,0,-,0
octave-pump-eighths-120,wrong-start+4,song,13.794,C3,C3,1,0,62.91,0
octave-pump-eighths-120,wrong-start+4,song,14.056,C2,C2,1,0,61.54,0
octave-pump-eighths-120,wrong-start+4,song,14.311,A1,A1,1,0,36.74,0
octave-pump-eighths-120,wrong-start+4,song,14.560,A1,none,0,0,-,0
octave-pump-eighths-120,wrong-start+4,song,14.795,A2,A2,1,1,9.43,0
octave-pump-eighths-120,wrong-start+4,song,15.062,A1,A1,1,0,69.51,0
octave-pump-eighths-120,wrong-start+4,song,15.297,C2,C2,1,0,33.52,0
octave-pump-eighths-120,wrong-start+4,song,15.554,C2,none,0,0,-,0
octave-pump-eighths-120,wrong-start+4,song,15.798,C3,C3,1,1,10.08,0
octave-pump-eighths-120,wrong-start+4,song,16.054,C2,C2,1,0,63.42,0
octave-pump-eighths-120,wrong-start+4,song+periodicity,0.286,E1,G1,0,1,54.01,1
octave-pump-eighths-120,wrong-start+4,song+periodicity,0.542,E1,G1,0,1,103.76,1
octave-pump-eighths-120,wrong-start+4,song+periodicity,0.790,E2,E2,1,1,2.36,0
octave-pump-eighths-120,wrong-start+4,song+periodicity,1.038,E1,E1,1,1,4.36,0
octave-pump-eighths-120,wrong-start+4,song+periodicity,1.314,G1,G1,1,1,2.43,0
octave-pump-eighths-120,wrong-start+4,song+periodicity,1.545,G1,G1,1,1,6.51,0
octave-pump-eighths-120,wrong-start+4,song+periodicity,1.786,G2,G2,1,1,4.61,0
octave-pump-eighths-120,wrong-start+4,song+periodicity,2.036,G1,G1,1,1,4.11,0
octave-pump-eighths-120,wrong-start+4,song+periodicity,2.314,E1,A1,0,1,58.49,1
octave-pump-eighths-120,wrong-start+4,song+periodicity,2.560,E1,A1,0,1,57.01,1
octave-pump-eighths-120,wrong-start+4,song+periodicity,2.805,E2,E2,1,1,3.38,0
octave-pump-eighths-120,wrong-start+4,song+periodicity,3.051,E1,E1,1,1,4.58,0
octave-pump-eighths-120,wrong-start+4,song+periodicity,3.307,G1,G1,1,1,4.05,0
octave-pump-eighths-120,wrong-start+4,song+periodicity,3.537,G1,G1,1,1,3.05,0
octave-pump-eighths-120,wrong-start+4,song+periodicity,3.790,G2,G2,1,1,4.38,0
octave-pump-eighths-120,wrong-start+4,song+periodicity,4.055,G1,G1,1,1,5.35,0
octave-pump-eighths-120,wrong-start+4,song+periodicity,4.288,A1,A1,1,1,3.66,0
octave-pump-eighths-120,wrong-start+4,song+periodicity,4.545,A1,A1,1,1,6.87,0
octave-pump-eighths-120,wrong-start+4,song+periodicity,4.798,A2,A2,1,1,5.74,0
octave-pump-eighths-120,wrong-start+4,song+periodicity,5.064,A1,A1,1,1,3.85,0
octave-pump-eighths-120,wrong-start+4,song+periodicity,5.288,C2,C2,1,1,4.15,0
octave-pump-eighths-120,wrong-start+4,song+periodicity,5.557,C2,C2,1,1,4.68,0
octave-pump-eighths-120,wrong-start+4,song+periodicity,5.794,C3,C3,1,1,4.99,0
octave-pump-eighths-120,wrong-start+4,song+periodicity,6.040,C2,C2,1,1,4.16,0
octave-pump-eighths-120,wrong-start+4,song+periodicity,6.314,A1,A1,1,1,4.62,0
octave-pump-eighths-120,wrong-start+4,song+periodicity,6.541,A1,A1,1,1,4.43,0
octave-pump-eighths-120,wrong-start+4,song+periodicity,6.787,A2,A2,1,1,3.91,0
octave-pump-eighths-120,wrong-start+4,song+periodicity,7.045,A1,A1,1,1,4.70,0
octave-pump-eighths-120,wrong-start+4,song+periodicity,7.294,C2,C2,1,1,4.47,0
octave-pump-eighths-120,wrong-start+4,song+periodicity,7.563,C2,C2,1,1,5.28,0
octave-pump-eighths-120,wrong-start+4,song+periodicity,7.796,C3,C3,1,1,8.22,0
octave-pump-eighths-120,wrong-start+4,song+periodicity,8.044,C2,C2,1,1,4.04,0
octave-pump-eighths-120,wrong-start+4,song+periodicity,8.290,E1,E1,1,1,7.10,0
octave-pump-eighths-120,wrong-start+4,song+periodicity,8.543,E1,E1,1,1,5.40,0
octave-pump-eighths-120,wrong-start+4,song+periodicity,8.790,E2,E2,1,1,3.49,0
octave-pump-eighths-120,wrong-start+4,song+periodicity,9.048,E1,E1,1,1,5.27,0
octave-pump-eighths-120,wrong-start+4,song+periodicity,9.310,G1,G1,1,1,3.54,0
octave-pump-eighths-120,wrong-start+4,song+periodicity,9.556,G1,G1,1,1,4.18,0
octave-pump-eighths-120,wrong-start+4,song+periodicity,9.786,G2,G2,1,1,3.44,0
octave-pump-eighths-120,wrong-start+4,song+periodicity,10.041,G1,G1,1,1,4.78,0
octave-pump-eighths-120,wrong-start+4,song+periodicity,10.289,E1,E1,1,1,6.52,0
octave-pump-eighths-120,wrong-start+4,song+periodicity,10.549,E1,E1,1,1,3.31,0
octave-pump-eighths-120,wrong-start+4,song+periodicity,10.796,E2,E2,1,1,3.59,0
octave-pump-eighths-120,wrong-start+4,song+periodicity,11.047,E1,E1,1,1,5.01,0
octave-pump-eighths-120,wrong-start+4,song+periodicity,11.307,G1,G1,1,1,3.66,0
octave-pump-eighths-120,wrong-start+4,song+periodicity,11.563,G1,G1,1,1,5.32,0
octave-pump-eighths-120,wrong-start+4,song+periodicity,11.810,G2,G2,1,1,5.67,0
octave-pump-eighths-120,wrong-start+4,song+periodicity,12.054,G1,G1,1,1,4.20,0
octave-pump-eighths-120,wrong-start+4,song+periodicity,12.288,A1,A1,1,1,4.23,0
octave-pump-eighths-120,wrong-start+4,song+periodicity,12.541,A1,A1,1,1,6.97,0
octave-pump-eighths-120,wrong-start+4,song+periodicity,12.803,A2,A2,1,1,4.57,0
octave-pump-eighths-120,wrong-start+4,song+periodicity,13.050,A1,A1,1,1,5.87,0
octave-pump-eighths-120,wrong-start+4,song+periodicity,13.299,C2,C2,1,1,3.79,0
octave-pump-eighths-120,wrong-start+4,song+periodicity,13.538,C2,C2,1,1,5.03,0
octave-pump-eighths-120,wrong-start+4,song+periodicity,13.794,C3,C3,1,1,5.58,0
octave-pump-eighths-120,wrong-start+4,song+periodicity,14.056,C2,C2,1,1,4.20,0
octave-pump-eighths-120,wrong-start+4,song+periodicity,14.311,A1,A1,1,1,4.74,0
octave-pump-eighths-120,wrong-start+4,song+periodicity,14.560,A1,A1,1,1,3.82,0
octave-pump-eighths-120,wrong-start+4,song+periodicity,14.795,A2,A2,1,1,4.10,0
octave-pump-eighths-120,wrong-start+4,song+periodicity,15.062,A1,A1,1,1,4.18,0
octave-pump-eighths-120,wrong-start+4,song+periodicity,15.297,C2,C2,1,1,8.19,0
octave-pump-eighths-120,wrong-start+4,song+periodicity,15.554,C2,C2,1,1,5.12,0
octave-pump-eighths-120,wrong-start+4,song+periodicity,15.798,C3,C3,1,1,6.08,0
octave-pump-eighths-120,wrong-start+4,song+periodicity,16.054,C2,C2,1,1,4.75,0
walking-quarters-110,as-written,free,0.285,A1,A1,1,0,32.30,0
walking-quarters-110,as-written,free,0.838,C#2,C#2,1,0,33.51,0
walking-quarters-110,as-written,free,1.386,E2,E2,1,0,44.91,0
walking-quarters-110,as-written,free,1.922,F#2,F#2,1,0,46.48,0
walking-quarters-110,as-written,free,2.472,A1,A1,1,0,39.03,0
walking-quarters-110,as-written,free,3.020,C#2,C#2,1,0,31.55,0
walking-quarters-110,as-written,free,3.584,E2,E2,1,0,44.30,0
walking-quarters-110,as-written,free,4.129,F#2,F#2,1,0,45.45,0
walking-quarters-110,as-written,free,4.659,D2,D2,1,0,33.02,0
walking-quarters-110,as-written,free,5.199,F#2,F#2,1,0,46.09,0
walking-quarters-110,as-written,free,5.756,A2,A2,1,0,38.50,0
walking-quarters-110,as-written,free,6.299,B2,B2,1,0,38.75,0
walking-quarters-110,as-written,free,6.840,D2,D2,1,0,34.51,0
walking-quarters-110,as-written,free,7.376,F#2,F#2,1,0,46.63,0
walking-quarters-110,as-written,free,7.936,A2,A2,1,0,34.74,0
walking-quarters-110,as-written,free,8.493,B2,B2,1,0,38.96,0
walking-quarters-110,as-written,free,9.021,A1,A1,1,0,39.48,0
walking-quarters-110,as-written,free,9.579,C#2,C#2,1,0,32.08,0
walking-quarters-110,as-written,free,10.116,E2,E2,1,0,46.57,0
walking-quarters-110,as-written,free,10.666,F#2,F#2,1,0,39.59,0
walking-quarters-110,as-written,free,11.222,A1,A1,1,0,38.15,0
walking-quarters-110,as-written,free,11.749,C#2,C#2,1,0,30.86,0
walking-quarters-110,as-written,free,12.304,E2,E2,1,0,46.79,0
walking-quarters-110,as-written,free,12.851,F#2,F#2,1,0,46.79,0
walking-quarters-110,as-written,free,13.385,D2,D2,1,0,34.61,0
walking-quarters-110,as-written,free,13.948,F#2,F#2,1,0,46.70,0
walking-quarters-110,as-written,free,14.478,A2,A2,1,0,36.41,0
walking-quarters-110,as-written,free,15.015,B2,B2,1,0,39.79,0
walking-quarters-110,as-written,free,15.571,D2,D2,1,0,34.37,0
walking-quarters-110,as-written,free,16.112,F#2,F#2,1,0,47.91,0
walking-quarters-110,as-written,free,16.678,A2,A2,1,0,39.34,0
walking-quarters-110,as-written,free,17.210,B2,B2,1,0,41.07,0
walking-quarters-110,as-written,song,0.285,A1,A1,1,1,2.97,0
walking-quarters-110,as-written,song,0.838,C#2,C#2,1,1,2.85,0
walking-quarters-110,as-written,song,1.386,E2,E2,1,1,3.58,0
walking-quarters-110,as-written,song,1.922,F#2,F#2,1,1,13.15,0
walking-quarters-110,as-written,song,2.472,A1,A1,1,0,39.03,0
walking-quarters-110,as-written,song,3.020,C#2,C#2,1,1,3.55,0
walking-quarters-110,as-written,song,3.584,E2,E2,1,1,4.30,0
walking-quarters-110,as-written,song,4.129,F#2,F#2,1,1,4.12,0
walking-quarters-110,as-written,song,4.659,D2,D2,1,1,5.02,0
walking-quarters-110,as-written,song,5.199,F#2,F#2,1,1,4.76,0
walking-quarters-110,as-written,song,5.756,A2,A2,1,1,3.84,0
walking-quarters-110,as-written,song,6.299,B2,B2,1,1,5.42,0
walking-quarters-110,as-written,song,6.840,D2,D2,1,0,34.51,0
walking-quarters-110,as-written,song,7.376,F#2,F#2,1,1,3.96,0
walking-quarters-110,as-written,song,7.936,A2,A2,1,1,4.07,0
walking-quarters-110,as-written,song,8.493,B2,B2,1,0,38.96,0
walking-quarters-110,as-written,song,9.021,A1,A1,1,0,39.48,0
walking-quarters-110,as-written,song,9.579,C#2,C#2,1,1,2.75,0
walking-quarters-110,as-written,song,10.116,E2,E2,1,1,3.91,0
walking-quarters-110,as-written,song,10.666,F#2,F#2,1,1,3.59,0
walking-quarters-110,as-written,song,11.222,A1,A1,1,0,38.15,0
walking-quarters-110,as-written,song,11.749,C#2,C#2,1,1,2.86,0
walking-quarters-110,as-written,song,12.304,E2,E2,1,1,4.12,0
walking-quarters-110,as-written,song,12.851,F#2,F#2,1,1,4.12,0
walking-quarters-110,as-written,song,13.385,D2,D2,1,0,34.61,0
walking-quarters-110,as-written,song,13.948,F#2,F#2,1,1,4.03,0
walking-quarters-110,as-written,song,14.478,A2,A2,1,1,5.75,0
walking-quarters-110,as-written,song,15.015,B2,B2,1,0,39.79,0
walking-quarters-110,as-written,song,15.571,D2,D2,1,1,6.37,0
walking-quarters-110,as-written,song,16.112,F#2,F#2,1,1,3.91,0
walking-quarters-110,as-written,song,16.678,A2,A2,1,1,8.67,0
walking-quarters-110,as-written,song,17.210,B2,B2,1,1,5.07,0
walking-quarters-110,as-written,song+periodicity,0.285,A1,A1,1,1,2.97,0
walking-quarters-110,as-written,song+periodicity,0.838,C#2,C#2,1,1,2.85,0
walking-quarters-110,as-written,song+periodicity,1.386,E2,E2,1,1,3.58,0
walking-quarters-110,as-written,song+periodicity,1.922,F#2,F#2,1,1,6.48,0
walking-quarters-110,as-written,song+periodicity,2.472,A1,A1,1,1,5.70,0
walking-quarters-110,as-written,song+periodicity,3.020,C#2,C#2,1,1,3.55,0
walking-quarters-110,as-written,song+periodicity,3.584,E2,E2,1,1,4.30,0
walking-quarters-110,as-written,song+periodicity,4.129,F#2,F#2,1,1,4.12,0
walking-quarters-110,as-written,song+periodicity,4.659,D2,D2,1,1,5.02,0
walking-quarters-110,as-written,song+periodicity,5.199,F#2,F#2,1,1,4.76,0
walking-quarters-110,as-written,song+periodicity,5.756,A2,A2,1,1,3.84,0
walking-quarters-110,as-written,song+periodicity,6.299,B2,B2,1,1,5.42,0
walking-quarters-110,as-written,song+periodicity,6.840,D2,D2,1,1,3.85,0
walking-quarters-110,as-written,song+periodicity,7.376,F#2,F#2,1,1,3.96,0
walking-quarters-110,as-written,song+periodicity,7.936,A2,A2,1,1,4.07,0
walking-quarters-110,as-written,song+periodicity,8.493,B2,B2,1,1,5.63,0
walking-quarters-110,as-written,song+periodicity,9.021,A1,A1,1,1,6.15,0
walking-quarters-110,as-written,song+periodicity,9.579,C#2,C#2,1,1,2.75,0
walking-quarters-110,as-written,song+periodicity,10.116,E2,E2,1,1,3.91,0
walking-quarters-110,as-written,song+periodicity,10.666,F#2,F#2,1,1,3.59,0
walking-quarters-110,as-written,song+periodicity,11.222,A1,A1,1,1,4.82,0
walking-quarters-110,as-written,song+periodicity,11.749,C#2,C#2,1,1,2.86,0
walking-quarters-110,as-written,song+periodicity,12.304,E2,E2,1,1,4.12,0
walking-quarters-110,as-written,song+periodicity,12.851,F#2,F#2,1,1,4.12,0
walking-quarters-110,as-written,song+periodicity,13.385,D2,D2,1,1,3.94,0
walking-quarters-110,as-written,song+periodicity,13.948,F#2,F#2,1,1,4.03,0
walking-quarters-110,as-written,song+periodicity,14.478,A2,A2,1,1,5.75,0
walking-quarters-110,as-written,song+periodicity,15.015,B2,B2,1,1,5.12,0
walking-quarters-110,as-written,song+periodicity,15.571,D2,D2,1,1,5.04,0
walking-quarters-110,as-written,song+periodicity,16.112,F#2,F#2,1,1,3.91,0
walking-quarters-110,as-written,song+periodicity,16.678,A2,A2,1,1,6.00,0
walking-quarters-110,as-written,song+periodicity,17.210,B2,B2,1,1,5.07,0
walking-quarters-110,tempo+8%,free,0.285,A1,A1,1,0,32.12,0
walking-quarters-110,tempo+8%,free,0.816,C#2,C#2,1,0,32.22,0
walking-quarters-110,tempo+8%,free,1.298,E2,E2,1,0,47.67,0
walking-quarters-110,tempo+8%,free,1.822,F#2,F#2,1,0,48.19,0
walking-quarters-110,tempo+8%,free,2.309,A1,A1,1,0,35.93,0
walking-quarters-110,tempo+8%,free,2.824,C#2,C#2,1,0,32.99,0
walking-quarters-110,tempo+8%,free,3.332,E2,E2,1,0,47.60,0
walking-quarters-110,tempo+8%,free,3.823,F#2,F#2,1,0,47.73,0
walking-quarters-110,tempo+8%,free,4.347,D2,D2,1,0,32.76,0
walking-quarters-110,tempo+8%,free,4.832,F#2,F#2,1,0,47.97,0
walking-quarters-110,tempo+8%,free,5.349,A2,A2,1,0,39.19,0
walking-quarters-110,tempo+8%,free,5.868,B2,B2,1,0,37.58,0
walking-quarters-110,tempo+8%,free,6.360,D2,D2,1,0,34.36,0
walking-quarters-110,tempo+8%,free,6.858,F#2,F#2,1,0,47.16,0
walking-quarters-110,tempo+8%,free,7.384,A2,A2,1,0,33.71,0
walking-quarters-110,tempo+8%,free,7.888,B2,B2,1,0,39.64,0
walking-quarters-110,tempo+8%,free,8.388,A1,A1,1,0,34.41,0
walking-quarters-110,tempo+8%,free,8.892,C#2,C#2,1,0,30.17,0
walking-quarters-110,tempo+8%,free,9.392,E2,E2,1,0,48.29,0
walking-quarters-110,tempo+8%,free,9.888,F#2,F#2,1,0,40.50,0
walking-quarters-110,tempo+8%,free,10.392,A1,A1,1,0,38.23,0
walking-quarters-110,tempo+8%,free,10.909,C#2,C#2,1,0,33.72,0
walking-quarters-110,tempo+8%,free,11.425,E2,E2,1,0,47.38,0
walking-quarters-110,tempo+8%,free,11.924,F#2,F#2,1,0,46.76,0
walking-quarters-110,tempo+8%,free,12.428,D2,D2,1,0,34.22,0
walking-quarters-110,tempo+8%,free,12.921,F#2,F#2,1,0,47.29,0
walking-quarters-110,tempo+8%,free,13.428,A2,A2,1,0,37.67,0
walking-quarters-110,tempo+8%,free,13.932,B2,B2,1,0,40.01,0
walking-quarters-110,tempo+8%,free,14.436,D2,D2,1,0,31.90,0
walking-quarters-110,tempo+8%,free,14.945,F#2,F#2,1,0,45.82,0
walking-quarters-110,tempo+8%,free,15.438,A2,A2,1,0,41.84,0
walking-quarters-110,tempo+8%,free,15.969,B2,B2,1,0,41.39,0
walking-quarters-110,tempo+8%,song,0.285,A1,A1,1,1,2.78,0
walking-quarters-110,tempo+8%,song,0.816,C#2,C#2,1,1,4.22,0
walking-quarters-110,tempo+8%,song,1.298,E2,E2,1,1,3.67,0
walking-quarters-110,tempo+8%,song,1.822,F#2,F#2,1,1,5.52,0
walking-quarters-110,tempo+8%,song,2.309,A1,A1,1,0,35.93,0
walking-quarters-110,tempo+8%,song,2.824,C#2,C#2,1,1,3.66,0
walking-quarters-110,tempo+8%,song,3.332,E2,E2,1,1,3.60,0
walking-quarters-110,tempo+8%,song,3.823,F#2,F#2,1,1,3.73,0
walking-quarters-110,tempo+8%,song,4.347,D2,D2,1,1,4.76,0
walking-quarters-110,tempo+8%,song,4.832,F#2,F#2,1,1,14.64,0
walking-quarters-110,tempo+8%,song,5.349,A2,A2,1,1,4.52,0
walking-quarters-110,tempo+8%,song,5.868,B2,B2,1,1,4.25,0
walking-quarters-110,tempo+8%,song,6.360,D2,D2,1,0,34.36,0
walking-quarters-110,tempo+8%,song,6.858,F#2,F#2,1,1,3.16,0
walking-quarters-110,tempo+8%,song,7.384,A2,A2,1,1,8.38,0
walking-quarters-110,tempo+8%,song,7.888,B2,B2,1,0,39.64,0
walking-quarters-110,tempo+8%,song,8.388,A1,A1,1,0,34.41,0
walking-quarters-110,tempo+8%,song,8.892,C#2,C#2,1,1,3.50,0
walking-quarters-110,tempo+8%,song,9.392,E2,E2,1,1,4.29,0
walking-quarters-110,tempo+8%,song,9.888,F#2,F#2,1,1,4.50,0
walking-quarters-110,tempo+8%,song,10.392,A1,A1,1,0,38.23,0
walking-quarters-110,tempo+8%,song,10.909,C#2,C#2,1,1,3.05,0
walking-quarters-110,tempo+8%,song,11.425,E2,E2,1,1,3.38,0
walking-quarters-110,tempo+8%,song,11.924,F#2,F#2,1,1,4.09,0
walking-quarters-110,tempo+8%,song,12.428,D2,D2,1,0,34.22,0
walking-quarters-110,tempo+8%,song,12.921,F#2,F#2,1,1,3.29,0
walking-quarters-110,tempo+8%,song,13.428,A2,A2,1,1,4.33,0
walking-quarters-110,tempo+8%,song,13.932,B2,B2,1,0,40.01,0
walking-quarters-110,tempo+8%,song,14.436,D2,D2,1,1,7.90,0
walking-quarters-110,tempo+8%,song,14.945,F#2,F#2,1,1,3.15,0
walking-quarters-110,tempo+8%,song,15.438,A2,A2,1,1,8.51,0
walking-quarters-110,tempo+8%,song,15.969,B2,B2,1,1,4.05,0
walking-quarters-110,tempo+8%,song+periodicity,0.285,A1,A1,1,1,2.78,0
walking-quarters-110,tempo+8%,song+periodicity,0.816,C#2,C#2,1,1,4.22,0
walking-quarters-110,tempo+8%,song+periodicity,1.298,E2,E2,1,1,3.67,0
walking-quarters-110,tempo+8%,song+periodicity,1.822,F#2,F#2,1,1,5.52,0
walking-quarters-110,tempo+8%,song+periodicity,2.309,A1,A1,1,1,6.60,0
walking-quarters-110,tempo+8%,song+periodicity,2.824,C#2,C#2,1,1,3.66,0
walking-quarters-110,tempo+8%,song+periodicity,3.332,E2,E2,1,1,3.60,0
walking-quarters-110,tempo+8%,song+periodicity,3.823,F#2,F#2,1,1,3.73,0
walking-quarters-110,tempo+8%,song+periodicity,4.347,D2,D2,1,1,4.76,0
walking-quarters-110,tempo+8%,song+periodicity,4.832,F#2,F#2,1,1,3.97,0
walking-quarters-110,tempo+8%,song+periodicity,5.349,A2,A2,1,1,4.52,0
walking-quarters-110,tempo+8%,song+periodicity,5.868,B2,B2,1,1,4.25,0
walking-quarters-110,tempo+8%,song+periodicity,6.360,D2,D2,1,1,3.69,0
walking-quarters-110,tempo+8%,song+periodicity,6.858,F#2,F#2,1,1,3.16,0
walking-quarters-110,tempo+8%,song+periodicity,7.384,A2,A2,1,1,4.38,0
walking-quarters-110,tempo+8%,song+periodicity,7.888,B2,B2,1,1,4.97,0
walking-quarters-110,tempo+8%,song+periodicity,8.388,A1,A1,1,1,3.74,0
walking-quarters-110,tempo+8%,song+periodicity,8.892,C#2,C#2,1,1,3.50,0
walking-quarters-110,tempo+8%,song+periodicity,9.392,E2,E2,1,1,4.29,0
walking-quarters-110,tempo+8%,song+periodicity,9.888,F#2,F#2,1,1,4.50,0
walking-quarters-110,tempo+8%,song+periodicity,10.392,A1,A1,1,1,4.89,0
walking-quarters-110,tempo+8%,song+periodicity,10.909,C#2,C#2,1,1,3.05,0
walking-quarters-110,tempo+8%,song+periodicity,11.425,E2,E2,1,1,3.38,0
walking-quarters-110,tempo+8%,song+periodicity,11.924,F#2,F#2,1,1,4.09,0
walking-quarters-110,tempo+8%,song+periodicity,12.428,D2,D2,1,1,4.89,0
walking-quarters-110,tempo+8%,song+periodicity,12.921,F#2,F#2,1,1,3.29,0
walking-quarters-110,tempo+8%,song+periodicity,13.428,A2,A2,1,1,4.33,0
walking-quarters-110,tempo+8%,song+periodicity,13.932,B2,B2,1,1,4.01,0
walking-quarters-110,tempo+8%,song+periodicity,14.436,D2,D2,1,1,3.90,0
walking-quarters-110,tempo+8%,song+periodicity,14.945,F#2,F#2,1,1,3.15,0
walking-quarters-110,tempo+8%,song+periodicity,15.438,A2,A2,1,1,5.84,0
walking-quarters-110,tempo+8%,song+periodicity,15.969,B2,B2,1,1,4.05,0
walking-quarters-110,variations-10%,free,0.285,A1,A1,1,0,31.93,0
walking-quarters-110,variations-10%,free,0.846,C#2,C#2,1,0,34.01,0
walking-quarters-110,variations-10%,free,1.383,E2,E2,1,0,47.98,0
walking-quarters-110,variations-10%,free,1.923,F#2,F#2,1,0,47.99,0
walking-quarters-110,variations-10%,free,2.477,A1,A1,1,0,37.37,0
walking-quarters-110,variations-10%,free,3.025,C#2,C#2,1,0,32.56,0
walking-quarters-110,variations-10%,free,3.570,E2,E2,1,0,49.59,0
walking-quarters-110,variations-10%,free,4.107,F#2,F#2,1,0,44.73,0
walking-quarters-110,variations-10%,free,4.658,D2,D2,1,0,32.36,0
walking-quarters-110,variations-10%,free,5.223,F#2,F#2,1,0,47.62,0
walking-quarters-110,variations-10%,free,5.747,A2,A2,1,0,38.24,0
walking-quarters-110,variations-10%,free,6.309,B2,B2,1,0,38.98,0
walking-quarters-110,variations-10%,free,6.855,E2,E2,1,0,47.49,0
walking-quarters-110,variations-10%,free,7.380,F#2,F#2,1,0,47.55,0
walking-quarters-110,variations-10%,free,7.950,A2,A2,1,0,35.61,0
walking-quarters-110,variations-10%,free,8.495,B2,B2,1,0,37.32,0
walking-quarters-110,variations-10%,free,9.024,A#1,A#1,1,0,38.83,0
walking-quarters-110,variations-10%,free,9.560,C#2,C#2,1,0,32.34,0
walking-quarters-110,variations-10%,free,10.103,E2,E2,1,0,48.77,0
walking-quarters-110,variations-10%,free,10.653,F#2,F#2,1,0,38.65,0
walking-quarters-110,variations-10%,free,11.219,A1,A1,1,0,37.97,0
walking-quarters-110,variations-10%,free,11.741,C#2,C#2,1,0,33.79,0
walking-quarters-110,variations-10%,free,12.293,E2,E2,1,0,47.07,0
walking-quarters-110,variations-10%,free,12.852,F#2,F#2,1,0,45.23,0
walking-quarters-110,variations-10%,free,13.391,D2,D2,1,0,34.43,0
walking-quarters-110,variations-10%,free,13.939,F#2,F#2,1,0,46.63,0
walking-quarters-110,variations-10%,free,14.471,G#2,G#2,1,0,39.37,0
walking-quarters-110,variations-10%,free,15.024,B2,B2,1,0,40.89,0
walking-quarters-110,variations-10%,free,15.587,D2,D2,1,0,35.43,0
walking-quarters-110,variations-10%,free,16.130,F#2,F#2,1,0,47.52,0
walking-quarters-110,variations-10%,free,16.668,A2,A2,1,0,39.85,0
walking-quarters-110,variations-10%,free,17.204,B2,B2,1,0,38.89,0
walking-quarters-110,variations-10%,song,0.285,A1,A1,1,1,2.59,0
walking-quarters-110,variations-10%,song,0.846,C#2,C#2,1,1,3.35,0
walking-quarters-110,variations-10%,song,1.383,E2,E2,1,1,3.98,0
walking-quarters-110,variations-10%,song,1.923,F#2,F#2,1,1,5.32,0
walking-quarters-110,variations-10%,song,2.477,A1,A1,1,0,37.37,0
walking-quarters-110,variations-10%,song,3.025,C#2,C#2,1,1,3.23,0
walking-quarters-110,variations-10%,song,3.570,E2,E2,1,1,4.25,0
walking-quarters-110,variations-10%,song,4.107,F#2,F#2,1,1,4.73,0
walking-quarters-110,variations-10%,song,4.658,D2,D2,1,1,5.70,0
walking-quarters-110,variations-10%,song,5.223,F#2,F#2,1,1,4.95,0
walking-quarters-110,variations-10%,song,5.747,A2,A2,1,1,4.91,0
walking-quarters-110,variations-10%,song,6.309,B2,B2,1,1,4.31,0
walking-quarters-110,variations-10%,song,6.855,E2,E2,1,0,47.49,0
walking-quarters-110,variations-10%,song,7.380,F#2,F#2,1,1,3.55,0
walking-quarters-110,variations-10%,song,7.950,A2,A2,1,1,6.27,0
walking-quarters-110,variations-10%,song,8.495,B2,B2,1,0,37.32,0
walking-quarters-110,variations-10%,song,9.024,A#1,A#1,1,0,38.83,0
walking-quarters-110,variations-10%,song,9.560,C#2,C#2,1,1,3.01,0
walking-quarters-110,variations-10%,song,10.103,E2,E2,1,1,4.77,0
walking-quarters-110,variations-10%,song,10.653,F#2,F#2,1,1,3.98,0
walking-quarters-110,variations-10%,song,11.219,A1,A1,1,0,37.97,0
walking-quarters-110,variations-10%,song,11.741,C#2,C#2,1,1,3.12,0
walking-quarters-110,variations-10%,song,12.293,E2,E2,1,1,3.07,0
walking-quarters-110,variations-10%,song,12.852,F#2,F#2,1,1,3.89,0
walking-quarters-110,variations-10%,song,13.391,D2,D2,1,0,34.43,0
walking-quarters-110,variations-10%,song,13.939,F#2,F#2,1,1,3.97,0
walking-quarters-110,variations-10%,song,14.471,G#2,A2,0,1,48.70,1
walking-quarters-110,variations-10%,song,15.024,B2,B2,1,0,40.89,0
walking-quarters-110,variations-10%,song,15.587,D2,D2,1,1,7.43,0
walking-quarters-110,variations-10%,song,16.130,F#2,F#2,1,1,3.52,0
walking-quarters-110,variations-10%,song,16.668,A2,A2,1,1,7.85,0
walking-quarters-110,variations-10%,song,17.204,B2,B2,1,1,4.22,0
walking-quarters-110,variations-10%,song+periodicity,0.285,A1,A1,1,1,2.59,0
walking-quarters-110,variations-10%,song+periodicity,0.846,C#2,C#2,1,1,3.35,0
walking-quarters-110,variations-10%,song+periodicity,1.383,E2,E2,1,1,3.98,0
walking-quarters-110,variations-10%,song+periodicity,1.923,F#2,F#2,1,1,3.99,0
walking-quarters-110,variations-10%,song+periodicity,2.477,A1,A1,1,1,5.37,0
walking-quarters-110,variations-10%,song+periodicity,3.025,C#2,C#2,1,1,3.23,0
walking-quarters-110,variations-10%,song+periodicity,3.570,E2,E2,1,1,4.25,0
walking-quarters-110,variations-10%,song+periodicity,4.107,F#2,F#2,1,1,4.73,0
walking-quarters-110,variations-10%,song+periodicity,4.658,D2,D2,1,1,5.70,0
walking-quarters-110,variations-10%,song+periodicity,5.223,F#2,F#2,1,1,4.95,0
walking-quarters-110,variations-10%,song+periodicity,5.747,A2,A2,1,1,4.91,0
walking-quarters-110,variations-10%,song+periodicity,6.309,B2,B2,1,1,4.31,0
walking-quarters-110,variations-10%,song+periodicity,6.855,E2,D2,0,1,56.82,1
walking-quarters-110,variations-10%,song+periodicity,7.380,F#2,F#2,1,1,3.55,0
walking-quarters-110,variations-10%,song+periodicity,7.950,A2,A2,1,1,4.94,0
walking-quarters-110,variations-10%,song+periodicity,8.495,B2,B2,1,1,5.32,0
walking-quarters-110,variations-10%,song+periodicity,9.024,A#1,A1,0,1,48.16,1
walking-quarters-110,variations-10%,song+periodicity,9.560,C#2,C#2,1,1,3.01,0
walking-quarters-110,variations-10%,song+periodicity,10.103,E2,E2,1,1,4.77,0
walking-quarters-110,variations-10%,song+periodicity,10.653,F#2,F#2,1,1,3.98,0
walking-quarters-110,variations-10%,song+periodicity,11.219,A1,A1,1,1,4.64,0
walking-quarters-110,variations-10%,song+periodicity,11.741,C#2,C#2,1,1,3.12,0
walking-quarters-110,variations-10%,song+periodicity,12.293,E2,E2,1,1,3.07,0
walking-quarters-110,variations-10%,song+periodicity,12.852,F#2,F#2,1,1,3.89,0
walking-quarters-110,variations-10%,song+periodicity,13.391,D2,D2,1,1,5.10,0
walking-quarters-110,variations-10%,song+periodicity,13.939,F#2,F#2,1,1,3.97,0
walking-quarters-110,variations-10%,song+periodicity,14.471,G#2,A2,0,1,48.70,1
walking-quarters-110,variations-10%,song+periodicity,15.024,B2,B2,1,1,4.89,0
walking-quarters-110,variations-10%,song+periodicity,15.587,D2,D2,1,1,4.76,0
walking-quarters-110,variations-10%,song+periodicity,16.130,F#2,F#2,1,1,3.52,0
walking-quarters-110,variations-10%,song+periodicity,16.668,A2,A2,1,1,5.18,0
walking-quarters-110,variations-10%,song+periodicity,17.204,B2,B2,1,1,4.22,0
walking-quarters-110,ghost-clicks-10%,free,0.286,A1,A1,1,0,31.73,0
walking-quarters-110,ghost-clicks-10%,free,0.857,C#2,C#2,1,0,28.51,0
walking-quarters-110,ghost-clicks-10%,free,1.377,E2,E2,1,0,46.04,0
walking-quarters-110,ghost-clicks-10%,free,1.947,F#2,F#2,1,0,44.58,0
walking-quarters-110,ghost-clicks-10%,free,2.484,A1,A1,1,0,38.68,0
walking-quarters-110,ghost-clicks-10%,free,3.036,C#2,C#2,1,0,34.34,0
walking-quarters-110,ghost-clicks-10%,free,3.585,E2,E2,1,0,45.41,0
walking-quarters-110,ghost-clicks-10%,free,4.103,F#2,F#2,1,0,48.67,0
walking-quarters-110,ghost-clicks-10%,free,4.661,D2,D2,1,0,34.16,0
walking-quarters-110,ghost-clicks-10%,free,5.199,F#2,F#2,1,0,37.98,0
walking-quarters-110,ghost-clicks-10%,free,5.764,A2,A2,1,0,40.88,0
walking-quarters-110,ghost-clicks-10%,free,6.286,B2,B2,1,0,39.45,0
walking-quarters-110,ghost-clicks-10%,free,6.859,D2,D2,1,0,28.97,0
walking-quarters-110,ghost-clicks-10%,free,7.398,F#2,F#2,1,0,47.47,0
walking-quarters-110,ghost-clicks-10%,free,7.936,A2,A2,1,0,38.23,0
walking-quarters-110,ghost-clicks-10%,free,8.490,B2,B2,1,0,40.67,0
walking-quarters-110,ghost-clicks-10%,free,9.030,A1,A1,1,0,40.66,0
walking-quarters-110,ghost-clicks-10%,free,9.563,C#2,C#2,1,0,28.63,0
walking-quarters-110,ghost-clicks-10%,free,10.112,E2,E2,1,0,47.68,0
walking-quarters-110,ghost-clicks-10%,free,10.678,F#2,F#2,1,0,46.91,0
walking-quarters-110,ghost-clicks-10%,free,11.213,A1,A1,1,0,39.14,0
walking-quarters-110,ghost-clicks-10%,free,11.769,C#2,C#2,1,0,33.43,0
walking-quarters-110,ghost-clicks-10%,free,12.291,E2,E2,1,0,46.14,0
walking-quarters-110,ghost-clicks-10%,free,12.842,F#2,F#2,1,0,37.58,0
walking-quarters-110,ghost-clicks-10%,free,13.390,D2,D2,1,0,33.02,0
walking-quarters-110,ghost-clicks-10%,free,13.932,F#2,F#2,1,0,48.07,0
walking-quarters-110,ghost-clicks-10%,free,14.476,A2,A2,1,0,38.95,0
walking-quarters-110,ghost-clicks-10%,free,15.022,B2,B2,1,0,37.87,0
walking-quarters-110,ghost-clicks-10%,free,15.560,D2,D2,1,0,32.41,0
walking-quarters-110,ghost-clicks-10%,free,16.128,F#2,F#2,1,0,48.98,0
walking-quarters-110,ghost-clicks-10%,free,16.675,A2,A2,1,0,39.47,0
walking-quarters-110,ghost-clicks-10%,free,17.204,B2,B2,1,0,38.26,0
walking-quarters-110,ghost-clicks-10%,song,0.286,A1,A1,1,1,2.40,0
walking-quarters-110,ghost-clicks-10%,song,0.857,C#2,C#2,1,1,3.17,0
walking-quarters-110,ghost-clicks-10%,song,1.377,E2,E2,1,1,7.37,0
walking-quarters-110,ghost-clicks-10%,song,1.947,F#2,F#2,1,1,4.58,0
walking-quarters-110,ghost-clicks-10%,song,2.484,A1,A1,1,0,38.68,0
walking-quarters-110,ghost-clicks-10%,song,3.036,C#2,C#2,1,1,3.68,0
walking-quarters-110,ghost-clicks-10%,song,3.585,E2,E2,1,1,2.74,0
walking-quarters-110,ghost-clicks-10%,song,4.103,F#2,F#2,1,1,4.67,0
walking-quarters-110,ghost-clicks-10%,song,4.661,D2,D2,1,0,34.16,0
walking-quarters-110,ghost-clicks-10%,song,5.199,F#2,F#2,1,1,3.31,0
walking-quarters-110,ghost-clicks-10%,song,5.764,A2,A2,1,1,4.88,0
walking-quarters-110,ghost-clicks-10%,song,6.286,B2,B2,1,1,6.12,0
walking-quarters-110,ghost-clicks-10%,song,6.859,D2,D2,1,1,11.64,0
walking-quarters-110,ghost-clicks-10%,song,7.398,F#2,F#2,1,1,6.14,0
walking-quarters-110,ghost-clicks-10%,song,7.936,A2,A2,1,1,4.90,0
walking-quarters-110,ghost-clicks-10%,song,8.490,B2,B2,1,1,4.67,0
walking-quarters-110,ghost-clicks-10%,song,9.030,A1,A1,1,0,40.66,0
walking-quarters-110,ghost-clicks-10%,song,9.563,C#2,C#2,1,1,3.30,0
walking-quarters-110,ghost-clicks-10%,song,10.112,E2,E2,1,1,3.68,0
walking-quarters-110,ghost-clicks-10%,song,10.678,F#2,F#2,1,1,5.57,0
walking-quarters-110,ghost-clicks-10%,song,11.213,A1,A1,1,0,39.14,0
walking-quarters-110,ghost-clicks-10%,song,11.769,C#2,C#2,1,1,2.76,0
walking-quarters-110,ghost-clicks-10%,song,12.291,E2,E2,1,1,7.48,0
walking-quarters-110,ghost-clicks-10%,song,12.842,F#2,F#2,1,1,2.91,0
walking-quarters-110,ghost-clicks-10%,song,13.390,D2,D2,1,0,33.02,0
walking-quarters-110,ghost-clicks-10%,song,13.932,F#2,F#2,1,1,4.07,0
walking-quarters-110,ghost-clicks-10%,song,14.476,A2,A2,1,1,4.29,0
walking-quarters-110,ghost-clicks-10%,song,15.022,B2,B2,1,0,37.87,0
walking-quarters-110,ghost-clicks-10%,song,15.560,D2,D2,1,0,32.41,0
walking-quarters-110,ghost-clicks-10%,song,16.128,F#2,F#2,1,1,3.65,0
walking-quarters-110,ghost-clicks-10%,song,16.675,A2,A2,1,1,4.81,0
walking-quarters-110,ghost-clicks-10%,song,17.204,B2,B2,1,1,4.93,0
walking-quarters-110,ghost-clicks-10%,song+periodicity,0.286,A1,A1,1,1,2.40,0
walking-quarters-110,ghost-clicks-10%,song+periodicity,0.857,C#2,C#2,1,1,3.17,0
walking-quarters-110,ghost-clicks-10%,song+periodicity,1.377,E2,E2,1,1,7.37,0
walking-quarters-110,ghost-clicks-10%,song+periodicity,1.947,F#2,F#2,1,1,4.58,0
walking-quarters-110,ghost-clicks-10%,song+periodicity,2.484,A1,A1,1,1,5.35,0
walking-quarters-110,ghost-clicks-10%,song+periodicity,3.036,C#2,C#2,1,1,3.68,0
walking-quarters-110,ghost-clicks-10%,song+periodicity,3.585,E2,E2,1,1,2.74,0
walking-quarters-110,ghost-clicks-10%,song+periodicity,4.103,F#2,F#2,1,1,4.67,0
walking-quarters-110,ghost-clicks-10%,song+periodicity,4.661,D2,D2,1,1,4.83,0
walking-quarters-110,ghost-clicks-10%,song+periodicity,5.199,F#2,F#2,1,1,3.31,0
walking-quarters-110,ghost-clicks-10%,song+periodicity,5.764,A2,A2,1,1,4.88,0
walking-quarters-110,ghost-clicks-10%,song+periodicity,6.286,B2,B2,1,1,4.79,0
walking-quarters-110,ghost-clicks-10%,song+periodicity,6.859,D2,D2,1,1,4.97,0
walking-quarters-110,ghost-clicks-10%,song+periodicity,7.398,F#2,F#2,1,1,6.14,0
walking-quarters-110,ghost-clicks-10%,song+periodicity,7.936,A2,A2,1,1,3.56,0
walking-quarters-110,ghost-clicks-10%,song+periodicity,8.490,B2,B2,1,1,4.67,0
walking-quarters-110,ghost-clicks-10%,song+periodicity,9.030,A1,A1,1,1,4.66,0
walking-quarters-110,ghost-clicks-10%,song+periodicity,9.563,C#2,C#2,1,1,3.30,0
walking-quarters-110,ghost-clicks-10%,song+periodicity,10.112,E2,E2,1,1,3.68,0
walking-quarters-110,ghost-clicks-10%,song+periodicity,10.678,F#2,F#2,1,1,4.24,0
walking-quarters-110,ghost-clicks-10%,song+periodicity,11.213,A1,A1,1,1,3.14,0
walking-quarters-110,ghost-clicks-10%,song+periodicity,11.769,C#2,C#2,1,1,2.76,0
walking-quarters-110,ghost-clicks-10%,song+periodicity,12.291,E2,E2,1,1,7.48,0
walking-quarters-110,ghost-clicks-10%,song+periodicity,12.842,F#2,F#2,1,1,2.91,0
walking-quarters-110,ghost-clicks-10%,song+periodicity,13.390,D2,D2,1,1,5.02,0
walking-quarters-110,ghost-clicks-10%,song+periodicity,13.932,F#2,F#2,1,1,4.07,0
walking-quarters-110,ghost-clicks-10%,song+periodicity,14.476,A2,A2,1,1,4.29,0
walking-quarters-110,ghost-clicks-10%,song+periodicity,15.022,B2,B2,1,1,5.87,0
walking-quarters-110,ghost-clicks-10%,song+periodicity,15.560,D2,D2,1,1,4.41,0
walking-quarters-110,ghost-clicks-10%,song+periodicity,16.128,F#2,F#2,1,1,3.65,0
walking-quarters-110,ghost-clicks-10%,song+periodicity,16.675,A2,A2,1,1,4.81,0
walking-quarters-110,ghost-clicks-10%,song+periodicity,17.204,B2,B2,1,1,4.93,0
walking-quarters-110,skipped-5%,free,0.286,A1,A1,1,0,31.56,0
walking-quarters-110,skipped-5%,free,0.857,C#2,C#2,1,0,33.60,0
walking-quarters-110,skipped-5%,free,1.398,E2,E2,1,0,47.01,0
walking-quarters-110,skipped-5%,free,1.927,F#2,F#2,1,0,47.35,0
walking-quarters-110,skipped-5%,free,2.474,A1,A1,1,0,38.12,0
walking-quarters-110,skipped-5%,free,3.018,C#2,C#2,1,0,32.28,0
walking-quarters-110,skipped-5%,free,3.560,E2,E2,1,0,48.09,0
walking-quarters-110,skipped-5%,free,4.112,F#2,F#2,1,0,45.61,0
walking-quarters-110,skipped-5%,free,4.649,D2,D2,1,0,33.46,0
walking-quarters-110,skipped-5%,free,5.196,F#2,F#2,1,0,46.32,0
walking-quarters-110,skipped-5%,free,5.751,A2,A2,1,0,39.77,0
walking-quarters-110,skipped-5%,free,6.303,B2,B2,1,0,39.87,0
walking-quarters-110,skipped-5%,free,6.843,D2,D2,1,0,34.77,0
walking-quarters-110,skipped-5%,free,7.406,F#2,F#2,1,0,46.10,0
walking-quarters-110,skipped-5%,free,7.922,A2,A2,1,0,34.86,0
walking-quarters-110,skipped-5%,free,8.485,B2,B2,1,0,38.04,0
walking-quarters-110,skipped-5%,free,9.038,A1,A1,1,0,39.36,0
walking-quarters-110,skipped-5%,free,9.565,C#2,C#2,1,0,29.60,0
walking-quarters-110,skipped-5%,free,10.113,E2,E2,1,0,46.80,0
walking-quarters-110,skipped-5%,free,10.657,F#2,F#2,1,0,40.08,0
walking-quarters-110,skipped-5%,free,11.203,A1,A1,1,0,39.23,0
walking-quarters-110,skipped-5%,free,11.759,C#2,C#2,1,0,32.96,0
walking-quarters-110,skipped-5%,free,12.299,E2,E2,1,0,45.86,0
walking-quarters-110,skipped-5%,free,12.855,F#2,F#2,1,0,47.81,0
walking-quarters-110,skipped-5%,free,13.378,D2,D2,1,0,33.77,0
walking-quarters-110,skipped-5%,free,13.931,F#2,F#2,1,0,46.59,0
walking-quarters-110,skipped-5%,free,14.473,A2,A2,1,0,37.86,0
walking-quarters-110,skipped-5%,free,15.017,B2,B2,1,0,35.04,0
walking-quarters-110,skipped-5%,free,15.572,D2,D2,1,0,36.15,0
walking-quarters-110,skipped-5%,free,16.105,F#2,F#2,1,0,46.10,0
walking-quarters-110,skipped-5%,free,16.658,A2,A2,1,0,38.88,0
walking-quarters-110,skipped-5%,free,17.223,B2,B2,1,0,39.29,0
walking-quarters-110,skipped-5%,song,0.286,A1,A1,1,1,2.22,0
walking-quarters-110,skipped-5%,song,0.857,C#2,C#2,1,1,2.93,0
walking-quarters-110,skipped-5%,song,1.398,E2,E2,1,1,4.35,0
walking-quarters-110,skipped-5%,song,1.927,F#2,F#2,1,1,6.02,0
walking-quarters-110,skipped-5%,song,2.474,A1,A1,1,0,38.12,0
walking-quarters-110,skipped-5%,song,3.018,C#2,C#2,1,1,2.95,0
walking-quarters-110,skipped-5%,song,3.560,E2,E2,1,1,4.09,0
walking-quarters-110,skipped-5%,song,4.112,F#2,F#2,1,1,4.28,0
walking-quarters-110,skipped-5%,song,4.649,D2,D2,1,1,4.12,0
walking-quarters-110,skipped-5%,song,5.196,F#2,F#2,1,1,3.66,0
walking-quarters-110,skipped-5%,song,5.751,A2,A2,1,1,3.77,0
walking-quarters-110,skipped-5%,song,6.303,B2,B2,1,1,5.20,0
walking-quarters-110,skipped-5%,song,6.843,D2,D2,1,0,34.77,0
walking-quarters-110,skipped-5%,song,7.406,F#2,F#2,1,1,3.44,0
walking-quarters-110,skipped-5%,song,7.922,A2,A2,1,1,9.53,0
walking-quarters-110,skipped-5%,song,8.485,B2,B2,1,0,38.04,0
walking-quarters-110,skipped-5%,song,9.038,A1,A1,1,0,39.36,0
walking-quarters-110,skipped-5%,song,9.565,C#2,C#2,1,1,2.93,0
walking-quarters-110,skipped-5%,song,10.113,E2,E2,1,1,2.80,0
walking-quarters-110,skipped-5%,song,10.657,F#2,F#2,1,1,4.08,0
walking-quarters-110,skipped-5%,song,11.203,A1,A1,1,0,39.23,0
walking-quarters-110,skipped-5%,song,11.759,C#2,C#2,1,1,3.63,0
walking-quarters-110,skipped-5%,song,12.299,E2,E2,1,1,3.20,0
walking-quarters-110,skipped-5%,song,12.855,F#2,F#2,1,1,3.81,0
walking-quarters-110,skipped-5%,song,13.378,D2,D2,1,0,33.77,0
walking-quarters-110,skipped-5%,song,13.931,F#2,F#2,1,1,3.92,0
walking-quarters-110,skipped-5%,song,14.473,A2,A2,1,1,4.52,0
walking-quarters-110,skipped-5%,song,15.017,B2,B2,1,0,35.04,0
walking-quarters-110,skipped-5%,song,15.572,D2,D2,1,1,6.82,0
walking-quarters-110,skipped-5%,song,16.105,F#2,F#2,1,1,3.43,0
walking-quarters-110,skipped-5%,song,16.658,A2,A2,1,1,8.22,0
walking-quarters-110,skipped-5%,song,17.223,B2,B2,1,1,4.63,0
walking-quarters-110,skipped-5%,song+periodicity,0.286,A1,A1,1,1,2.22,0
walking-quarters-110,skipped-5%,song+periodicity,0.857,C#2,C#2,1,1,2.93,0
walking-quarters-110,skipped-5%,song+periodicity,1.398,E2,E2,1,1,4.35,0
walking-quarters-110,skipped-5%,song+periodicity,1.927,F#2,F#2,1,1,4.69,0
walking-quarters-110,skipped-5%,song+periodicity,2.474,A1,A1,1,1,4.79,0
walking-quarters-110,skipped-5%,song+periodicity,3.018,C#2,C#2,1,1,2.95,0
walking-quarters-110,skipped-5%,song+periodicity,3.560,E2,E2,1,1,4.09,0
walking-quarters-110,skipped-5%,song+periodicity,4.112,F#2,F#2,1,1,4.28,0
walking-quarters-110,skipped-5%,song+periodicity,4.649,D2,D2,1,1,4.12,0
walking-quarters-110,skipped-5%,song+periodicity,5.196,F#2,F#2,1,1,3.66,0
walking-quarters-110,skipped-5%,song+periodicity,5.751,A2,A2,1,1,3.77,0
walking-quarters-110,skipped-5%,song+periodicity,6.303,B2,B2,1,1,5.20,0
walking-quarters-110,skipped-5%,song+periodicity,6.843,D2,D2,1,1,5.43,0
walking-quarters-110,skipped-5%,song+periodicity,7.406,F#2,F#2,1,1,3.44,0
walking-quarters-110,skipped-5%,song+periodicity,7.922,A2,A2,1,1,5.53,0
walking-quarters-110,skipped-5%,song+periodicity,8.485,B2,B2,1,1,4.71,0
walking-quarters-110,skipped-5%,song+periodicity,9.038,A1,A1,1,1,4.69,0
walking-quarters-110,skipped-5%,song+periodicity,9.565,C#2,C#2,1,1,2.93,0
walking-quarters-110,skipped-5%,song+periodicity,10.113,E2,E2,1,1,2.80,0
walking-quarters-110,skipped-5%,song+periodicity,10.657,F#2,F#2,1,1,4.08,0
walking-quarters-110,skipped-5%,song+periodicity,11.203,A1,A1,1,1,4.56,0
walking-quarters-110,skipped-5%,song+periodicity,11.759,C#2,C#2,1,1,3.63,0
walking-quarters-110,skipped-5%,song+periodicity,12.299,E2,E2,1,1,3.20,0
walking-quarters-110,skipped-5%,song+periodicity,12.855,F#2,F#2,1,1,3.81,0
walking-quarters-110,skipped-5%,song+periodicity,13.378,D2,D2,1,1,4.44,0
walking-quarters-110,skipped-5%,song+periodicity,13.931,F#2,F#2,1,1,3.92,0
walking-quarters-110,skipped-5%,song+periodicity,14.473,A2,A2,1,1,4.52,0
walking-quarters-110,skipped-5%,song+periodicity,15.017,B2,B2,1,1,4.37,0
walking-quarters-110,skipped-5%,song+periodicity,15.572,D2,D2,1,1,4.15,0
walking-quarters-110,skipped-5%,song+periodicity,16.105,F#2,F#2,1,1,3.43,0
walking-quarters-110,skipped-5%,song+periodicity,16.658,A2,A2,1,1,5.55,0
walking-quarters-110,skipped-5%,song+periodicity,17.223,B2,B2,1,1,4.63,0
walking-quarters-110,wrong-start+4,free,0.286,A1,A1,1,0,31.35,0
walking-quarters-110,wrong-start+4,free,0.837,C#2,C#2,1,0,33.64,0
walking-quarters-110,wrong-start+4,free,1.381,E2,E2,1,0,44.78,0
walking-quarters-110,wrong-start+4,free,1.925,F#2,F#2,1,0,47.33,0
walking-quarters-110,wrong-start+4,free,2.495,A1,A1,1,0,39.28,0
walking-quarters-110,wrong-start+4,free,3.023,C#2,C#2,1,0,31.91,0
walking-quarters-110,wrong-start+4,free,3.559,E2,E2,1,0,49.21,0
walking-quarters-110,wrong-start+4,free,4.104,F#2,F#2,1,0,46.60,0
walking-quarters-110,wrong-start+4,free,4.677,D2,D2,1,0,33.52,0
walking-quarters-110,wrong-start+4,free,5.219,F#2,F#2,1,0,48.59,0
walking-quarters-110,wrong-start+4,free,5.759,A2,A2,1,0,38.17,0
walking-quarters-110,wrong-start+4,free,6.301,B2,B2,1,0,41.24,0
walking-quarters-110,wrong-start+4,free,6.852,D2,D2,1,0,33.26,0
walking-quarters-110,wrong-start+4,free,7.378,F#2,F#2,1,0,47.48,0
walking-quarters-110,wrong-start+4,free,7.927,A2,A2,1,0,36.02,0
walking-quarters-110,wrong-start+4,free,8.486,B2,B2,1,0,41.53,0
walking-quarters-110,wrong-start+4,free,9.016,A1,A1,1,0,39.05,0
walking-quarters-110,wrong-start+4,free,9.568,C#2,C#2,1,0,32.14,0
walking-quarters-110,wrong-start+4,free,10.116,E2,E2,1,0,46.22,0
walking-quarters-110,wrong-start+4,free,10.678,F#2,F#2,1,0,39.55,0
walking-quarters-110,wrong-start+4,free,11.197,A1,A1,1,0,37.73,0
walking-quarters-110,wrong-start+4,free,11.761,C#2,C#2,1,0,30.80,0
walking-quarters-110,wrong-start+4,free,12.294,E2,E2,1,0,48.99,0
walking-quarters-110,wrong-start+4,free,12.835,F#2,F#2,1,0,47.37,0
walking-quarters-110,wrong-start+4,free,13.405,D2,D2,1,0,35.04,0
walking-quarters-110,wrong-start+4,free,13.927,F#2,F#2,1,0,44.73,0
walking-quarters-110,wrong-start+4,free,14.469,A2,A2,1,0,39.42,0
walking-quarters-110,wrong-start+4,free,15.022,B2,B2,1,0,35.43,0
walking-quarters-110,wrong-start+4,free,15.567,D2,D2,1,0,33.07,0
walking-quarters-110,wrong-start+4,free,16.131,F#2,F#2,1,0,46.44,0
walking-quarters-110,wrong-start+4,free,16.659,A2,A2,1,0,37.92,0
walking-quarters-110,wrong-start+4,free,17.203,B2,B2,1,0,39.61,0
walking-quarters-110,wrong-start+4,song,0.286,A1,A1,1,1,2.01,0
walking-quarters-110,wrong-start+4,song,0.837,C#2,C#2,1,1,2.98,0
walking-quarters-110,wrong-start+4,song,1.381,E2,E2,1,1,3.45,0
walking-quarters-110,wrong-start+4,song,1.925,F#2,F#2,1,1,12.66,0
walking-quarters-110,wrong-start+4,song,2.495,A1,A1,1,0,39.28,0
walking-quarters-110,wrong-start+4,song,3.023,C#2,F#2,0,1,42.57,1
walking-quarters-110,wrong-start+4,song,3.559,E2,E2,1,1,3.88,0
walking-quarters-110,wrong-start+4,song,4.104,F#2,F#2,1,1,3.93,0
walking-quarters-110,wrong-start+4,song,4.677,D2,D2,1,1,4.18,0
walking-quarters-110,wrong-start+4,song,5.219,F#2,F#2,1,1,4.59,0
walking-quarters-110,wrong-start+4,song,5.759,A2,A2,1,1,4.84,0
walking-quarters-110,wrong-start+4,song,6.301,B2,B2,1,1,5.24,0
walking-quarters-110,wrong-start+4,song,6.852,D2,D2,1,0,33.26,0
walking-quarters-110,wrong-start+4,song,7.378,F#2,F#2,1,1,3.48,0
walking-quarters-110,wrong-start+4,song,7.927,A2,A2,1,1,6.69,0
walking-quarters-110,wrong-start+4,song,8.486,B2,B2,1,0,41.53,0
walking-quarters-110,wrong-start+4,song,9.016,A1,A1,1,0,39.05,0
walking-quarters-110,wrong-start+4,song,9.568,C#2,C#2,1,1,4.14,0
walking-quarters-110,wrong-start+4,song,10.116,E2,E2,1,1,3.56,0
walking-quarters-110,wrong-start+4,song,10.678,F#2,F#2,1,1,3.55,0
walking-quarters-110,wrong-start+4,song,11.197,A1,A1,1,0,37.73,0
walking-quarters-110,wrong-start+4,song,11.761,C#2,C#2,1,1,2.80,0
walking-quarters-110,wrong-start+4,song,12.294,E2,E2,1,1,3.65,0
walking-quarters-110,wrong-start+4,song,12.835,F#2,F#2,1,1,4.71,0
walking-quarters-110,wrong-start+4,song,13.405,D2,D2,1,0,35.04,0
walking-quarters-110,wrong-start+4,song,13.927,F#2,F#2,1,1,4.73,0
walking-quarters-110,wrong-start+4,song,14.469,A2,A2,1,1,4.76,0
walking-quarters-110,wrong-start+4,song,15.022,B2,B2,1,0,35.43,0
walking-quarters-110,wrong-start+4,song,15.567,D2,D2,1,1,6.41,0
walking-quarters-110,wrong-start+4,song,16.131,F#2,F#2,1,1,3.77,0
walking-quarters-110,wrong-start+4,song,16.659,A2,A2,1,1,8.58,0
walking-quarters-110,wrong-start+4,song,17.203,B2,B2,1,1,4.94,0
walking-quarters-110,wrong-start+4,song+periodicity,0.286,A1,A1,1,1,2.01,0
walking-quarters-110,wrong-start+4,song+periodicity,0.837,C#2,C#2,1,1,2.98,0
walking-quarters-110,wrong-start+4,song+periodicity,1.381,E2,E2,1,1,3.45,0
walking-quarters-110,wrong-start+4,song+periodicity,1.925,F#2,F#2,1,1,4.66,0
walking-quarters-110,wrong-start+4,song+periodicity,2.495,A1,D2,0,1,49.94,1
walking-quarters-110,wrong-start+4,song+periodicity,3.023,C#2,F#2,0,1,42.57,1
walking-quarters-110,wrong-start+4,song+periodicity,3.559,E2,E2,1,1,3.88,0
walking-quarters-110,wrong-start+4,song+periodicity,4.104,F#2,F#2,1,1,3.93,0
walking-quarters-110,wrong-start+4,song+periodicity,4.677,D2,D2,1,1,4.18,0
walking-quarters-110,wrong-start+4,song+periodicity,5.219,F#2,F#2,1,1,4.59,0
walking-quarters-110,wrong-start+4,song+periodicity,5.759,A2,A2,1,1,4.84,0
walking-quarters-110,wrong-start+4,song+periodicity,6.301,B2,B2,1,1,5.24,0
walking-quarters-110,wrong-start+4,song+periodicity,6.852,D2,D2,1,1,7.93,0
walking-quarters-110,wrong-start+4,song+periodicity,7.378,F#2,F#2,1,1,3.48,0
walking-quarters-110,wrong-start+4,song+periodicity,7.927,A2,A2,1,1,5.35,0
walking-quarters-110,wrong-start+4,song+periodicity,8.486,B2,B2,1,1,5.53,0
walking-quarters-110,wrong-start+4,song+periodicity,9.016,A1,A1,1,1,4.38,0
walking-quarters-110,wrong-start+4,song+periodicity,9.568,C#2,C#2,1,1,4.14,0
walking-quarters-110,wrong-start+4,song+periodicity,10.116,E2,E2,1,1,3.56,0
walking-quarters-110,wrong-start+4,song+periodicity,10.678,F#2,F#2,1,1,3.55,0
walking-quarters-110,wrong-start+4,song+periodicity,11.197,A1,A1,1,1,4.39,0
walking-quarters-110,wrong-start+4,song+periodicity,11.761,C#2,C#2,1,1,2.80,0
walking-quarters-110,wrong-start+4,song+periodicity,12.294,E2,E2,1,1,3.65,0
walking-quarters-110,wrong-start+4,song+periodicity,12.835,F#2,F#2,1,1,4.71,0
walking-quarters-110,wrong-start+4,song+periodicity,13.405,D2,D2,1,1,4.38,0
walking-quarters-110,wrong-start+4,song+periodicity,13.927,F#2,F#2,1,1,4.73,0
walking-quarters-110,wrong-start+4,song+periodicity,14.469,A2,A2,1,1,4.76,0
walking-quarters-110,wrong-start+4,song+periodicity,15.022,B2,B2,1,1,4.76,0
walking-quarters-110,wrong-start+4,song+periodicity,15.567,D2,D2,1,1,5.07,0
walking-quarters-110,wrong-start+4,song+periodicity,16.131,F#2,F#2,1,1,3.77,0
walking-quarters-110,wrong-start+4,song+periodicity,16.659,A2,A2,1,1,8.58,0
walking-quarters-110,wrong-start+4,song+periodicity,17.203,B2,B2,1,1,4.94,0
repeated-sixteenths-100,as-written,free,0.285,D2,D2,1,0,26.97,0
repeated-sixteenths-100,as-written,free,0.443,D2,none,0,0,-,0
repeated-sixteenths-100,as-written,free,0.595,D2,none,0,0,-,0
repeated-sixteenths-100,as-written,free,0.735,D2,none,0,0,-,0
repeated-sixteenths-100,as-written,free,0.890,F2,F2,1,0,44.85,0
repeated-sixteenths-100,as-written,free,1.043,F2,none,0,0,-,0
repeated-sixteenths-100,as-written,free,1.211,G2,G2,1,0,46.36,0
repeated-sixteenths-100,as-written,free,1.361,A2,A2,1,0,41.63,0
repeated-sixteenths-100,as-written,free,1.495,D2,D2,1,0,35.32,0
repeated-sixteenths-100,as-written,free,1.640,D2,none,0,0,-,0
repeated-sixteenths-100,as-written,free,1.802,D2,none,0,0,-,0
repeated-sixteenths-100,as-written,free,1.949,D2,none,0,0,-,0
repeated-sixteenths-100,as-written,free,2.095,C2,C2,1,0,35.97,0
repeated-sixteenths-100,as-written,free,2.235,C2,none,0,0,-,0
repeated-sixteenths-100,as-written,free,2.400,A1,A1,1,0,40.43,0
repeated-sixteenths-100,as-written,free,2.561,B1,B1,1,0,36.11,0
repeated-sixteenths-100,as-written,free,2.693,D2,D2,1,0,34.75,0
repeated-sixteenths-100,as-written,free,2.856,D2,none,0,0,-,0
repeated-sixteenths-100,as-written,free,2.998,D2,none,0,0,-,0
repeated-sixteenths-100,as-written,free,3.152,D2,none,0,0,-,0
repeated-sixteenths-100,as-written,free,3.313,F2,F2,1,0,47.24,0
repeated-sixteenths-100,as-written,free,3.445,F2,none,0,0,-,0
repeated-sixteenths-100,as-written,free,3.604,G2,G2,1,0,48.12,0
repeated-sixteenths-100,as-written,free,3.755,A2,A2,1,0,39.58,0
repeated-sixteenths-100,as-written,free,3.894,D2,D2,1,0,33.52,0
repeated-sixteenths-100,as-written,free,4.062,D2,none,0,0,-,0
repeated-sixteenths-100,as-written,free,4.196,D2,none,0,0,-,0
repeated-sixteenths-100,as-written,free,4.338,D2,none,0,0,-,0
repeated-sixteenths-100,as-written,free,4.498,C2,C2,1,0,33.77,0
repeated-sixteenths-100,as-written,free,4.644,C2,none,0,0,-,0
repeated-sixteenths-100,as-written,free,4.814,A1,A1,1,0,37.64,0
repeated-sixteenths-100,as-written,free,4.951,B1,B1,1,0,40.16,0
repeated-sixteenths-100,as-written,free,5.105,G2,G2,1,0,47.48,0
repeated-sixteenths-100,as-written,free,5.248,G2,none,0,0,-,0
repeated-sixteenths-100,as-written,free,5.405,G2,none,0,0,-,0
repeated-sixteenths-100,as-written,free,5.543,G2,none,0,0,-,0
repeated-sixteenths-100,as-written,free,5.706,A#2,A#2,1,0,42.09,0
repeated-sixteenths-100,as-written,free,5.863,A#2,none,0,0,-,0
repeated-sixteenths-100,as-written,free,6.000,C3,C3,1,0,31.68,0
repeated-sixteenths-100,as-written,free,6.161,D3,D3,1,0,33.71,0
repeated-sixteenths-100,as-written,free,6.292,G2,G2,1,0,45.80,0
repeated-sixteenths-100,as-written,free,6.459,G2,none,0,0,-,0
repeated-sixteenths-100,as-written,free,6.607,G2,none,0,0,-,0
repeated-sixteenths-100,as-written,free,6.744,G2,none,0,0,-,0
repeated-sixteenths-100,as-written,free,6.912,F2,F2,1,0,48.32,0
repeated-sixteenths-100,as-written,free,7.044,F2,none,0,0,-,0
repeated-sixteenths-100,as-written,free,7.205,D2,D2,1,0,30.16,0
repeated-sixteenths-100,as-written,free,7.365,E2,E2,1,0,47.12,0
repeated-sixteenths-100,as-written,free,7.504,G2,G2,1,0,47.75,0
repeated-sixteenths-100,as-written,free,7.647,G2,none,0,0,-,0
repeated-sixteenths-100,as-written,free,7.804,G2,none,0,0,-,0
repeated-sixteenths-100,as-written,free,7.964,G2,none,0,0,-,0
repeated-sixteenths-100,as-written,free,8.099,A#2,A#2,1,0,40.85,0
repeated-sixteenths-100,as-written,free,8.244,A#2,none,0,0,-,0
repeated-sixteenths-100,as-written,free,8.408,C3,C3,1,0,34.31,0
repeated-sixteenths-100,as-written,free,8.561,D3,D3,1,0,33.71,0
repeated-sixteenths-100,as-written,free,8.687,G2,G2,1,0,44.78,0
repeated-sixteenths-100,as-written,free,8.861,G2,none,0,0,-,0
repeated-sixteenths-100,as-written,free,9.011,G2,none,0,0,-,0
repeated-sixteenths-100,as-written,free,9.164,G2,none,0,0,-,0
repeated-sixteenths-100,as-written,free,9.288,F2,F2,1,0,46.22,0
repeated-sixteenths-100,as-written,free,9.437,F2,none,0,0,-,0
repeated-sixteenths-100,as-written,free,9.596,D2,D2,1,0,34.87,0
repeated-sixteenths-100,as-written,free,9.745,E2,E2,1,0,45.42,0
repeated-sixteenths-100,as-written,song,0.285,D2,D2,1,1,2.97,0
repeated-sixteenths-100,as-written,song,0.443,D2,none,0,0,-,0
repeated-sixteenths-100,as-written,song,0.595,D2,none,0,0,-,0
repeated-sixteenths-100,as-written,song,0.735,D2,none,0,0,-,0
repeated-sixteenths-100,as-written,song,0.890,F2,F2,1,0,44.85,0
repeated-sixteenths-100,as-written,song,1.043,F2,none,0,0,-,0
repeated-sixteenths-100,as-written,song,1.211,G2,G2,1,0,46.36,0
repeated-sixteenths-100,as-written,song,1.361,A2,A2,1,0,41.63,0
repeated-sixteenths-100,as-written,song,1.495,D2,D2,1,0,35.32,0
repeated-sixteenths-100,as-written,song,1.640,D2,none,0,0,-,0
repeated-sixteenths-100,as-written,song,1.802,D2,none,0,0,-,0
repeated-sixteenths-100,as-written,song,1.949,D2,none,0,0,-,0
repeated-sixteenths-100,as-written,song,2.095,C2,C2,1,0,35.97,0
repeated-sixteenths-100,as-written,song,2.235,C2,none,0,0,-,0
repeated-sixteenths-100,as-written,song,2.400,A1,A1,1,0,40.43,0
repeated-sixteenths-100,as-written,song,2.561,B1,B1,1,0,36.11,0
repeated-sixteenths-100,as-written,song,2.693,D2,D2,1,0,34.75,0
repeated-sixteenths-100,as-written,song,2.856,D2,none,0,0,-,0
repeated-sixteenths-100,as-written,song,2.998,D2,none,0,0,-,0
repeated-sixteenths-100,as-written,song,3.152,D2,none,0,0,-,0
repeated-sixteenths-100,as-written,song,3.313,F2,F2,1,0,47.24,0
repeated-sixteenths-100,as-written,song,3.445,F2,none,0,0,-,0
repeated-sixteenths-100,as-written,song,3.604,G2,G2,1,0,48.12,0
repeated-sixteenths-100,as-written,song,3.755,A2,A2,1,0,39.58,0
repeated-sixteenths-100,as-written,song,3.894,D2,D2,1,0,33.52,0
repeated-sixteenths-100,as-written,song,4.062,D2,none,0,0,-,0
repeated-sixteenths-100,as-written,song,4.196,D2,none,0,0,-,0
repeated-sixteenths-100,as-written,song,4.338,D2,none,0,0,-,0
repeated-sixteenths-100,as-written,song,4.498,C2,C2,1,0,33.77,0
repeated-sixteenths-100,as-written,song,4.644,C2,none,0,0,-,0
repeated-sixteenths-100,as-written,song,4.814,A1,A1,1,0,37.64,0
repeated-sixteenths-100,as-written,song,4.951,B1,B1,1,0,40.16,0
repeated-sixteenths-100,as-written,song,5.105,G2,G2,1,0,47.48,0
repeated-sixteenths-100,as-written,song,5.248,G2,none,0,0,-,0
repeated-sixteenths-100,as-written,song,5.405,G2,none,0,0,-,0
repeated-sixteenths-100,as-written,song,5.543,G2,none,0,0,-,0
repeated-sixteenths-100,as-written,song,5.706,A#2,A#2,1,0,42.09,0
repeated-sixteenths-100,as-written,song,5.863,A#2,none,0,0,-,0
repeated-sixteenths-100,as-written,song,6.000,C3,C3,1,0,31.68,0
repeated-sixteenths-100,as-written,song,6.161,D3,D3,1,0,33.71,0
repeated-sixteenths-100,as-written,song,6.292,G2,G2,1,0,45.80,0
repeated-sixteenths-100,as-written,song,6.459,G2,none,0,0,-,0
repeated-sixteenths-100,as-written,song,6.607,G2,none,0,0,-,0
repeated-sixteenths-100,as-written,song,6.744,G2,none,0,0,-,0
repeated-sixteenths-100,as-written,song,6.912,F2,F2,1,0,48.32,0
repeated-sixteenths-100,as-written,song,7.044,F2,none,0,0,-,0
repeated-sixteenths-100,as-written,song,7.205,D2,D2,1,0,30.16,0
repeated-sixteenths-100,as-written,song,7.365,E2,E2,1,0,47.12,0
repeated-sixteenths-100,as-written,song,7.504,G2,G2,1,0,47.75,0
repeated-sixteenths-100,as-written,song,7.647,G2,none,0,0,-,0
repeated-sixteenths-100,as-written,song,7.804,G2,none,0,0,-,0
repeated-sixteenths-100,as-written,song,7.964,G2,none,0,0,-,0
repeated-sixteenths-100,as-written,song,8.099,A#2,A#2,1,0,40.85,0
repeated-sixteenths-100,as-written,song,8.244,A#2,none,0,0,-,0
repeated-sixteenths-100,as-written,song,8.408,C3,C3,1,0,34.31,0
repeated-sixteenths-100,as-written,song,8.561,D3,D3,1,0,33.71,0
repeated-sixteenths-100,as-written,song,8.687,G2,G2,1,0,44.78,0
repeated-sixteenths-100,as-written,song,8.861,G2,none,0,0,-,0
repeated-sixteenths-100,as-written,song,9.011,G2,none,0,0,-,0
repeated-sixteenths-100,as-written,song,9.164,G2,none,0,0,-,0
repeated-sixteenths-100,as-written,song,9.288,F2,F2,1,0,46.22,0
repeated-sixteenths-100,as-written,song,9.437,F2,none,0,0,-,0
repeated-sixteenths-100,as-written,song,9.596,D2,D2,1,0,34.87,0
repeated-sixteenths-100,as-written,song,9.745,E2,E2,1,0,45.42,0
repeated-sixteenths-100,as-written,song+periodicity,0.285,D2,D2,1,1,2.97,0
repeated-sixteenths-100,as-written,song+periodicity,0.443,D2,D2,1,1,4.97,0
repeated-sixteenths-100,as-written,song+periodicity,0.595,D2,D2,1,1,5.15,0
repeated-sixteenths-100,as-written,song+periodicity,0.735,D2,D2,1,1,4.85,0
repeated-sixteenths-100,as-written,song+periodicity,0.890,F2,F2,1,1,4.85,0
repeated-sixteenths-100,as-written,song+periodicity,1.043,F2,F2,1,1,4.82,0
repeated-sixteenths-100,as-written,song+periodicity,1.211,G2,G2,1,1,5.02,0
repeated-sixteenths-100,as-written,song+periodicity,1.361,A2,A2,1,1,4.30,0
repeated-sixteenths-100,as-written,song+periodicity,1.495,D2,D2,1,1,4.65,0
repeated-sixteenths-100,as-written,song+periodicity,1.640,D2,D2,1,1,3.85,0
repeated-sixteenths-100,as-written,song+periodicity,1.802,D2,D2,1,1,5.05,0
repeated-sixteenths-100,as-written,song+periodicity,1.949,D2,D2,1,1,4.75,0
repeated-sixteenths-100,as-written,song+periodicity,2.095,C2,C2,1,1,5.30,0
repeated-sixteenths-100,as-written,song+periodicity,2.235,C2,C2,1,1,4.87,0
repeated-sixteenths-100,as-written,song+periodicity,2.400,A1,A1,1,1,4.43,0
repeated-sixteenths-100,as-written,song+periodicity,2.561,B1,B1,1,1,8.11,0
repeated-sixteenths-100,as-written,song+periodicity,2.693,D2,D2,1,1,6.75,0
repeated-sixteenths-100,as-written,song+periodicity,2.856,D2,D2,1,1,4.14,0
repeated-sixteenths-100,as-written,song+periodicity,2.998,D2,D2,1,1,4.76,0
repeated-sixteenths-100,as-written,song+periodicity,3.152,D2,D2,1,1,3.90,0
repeated-sixteenths-100,as-written,song+periodicity,3.313,F2,F2,1,1,4.58,0
repeated-sixteenths-100,as-written,song+periodicity,3.445,F2,F2,1,1,4.74,0
repeated-sixteenths-100,as-written,song+periodicity,3.604,G2,G2,1,1,8.12,0
repeated-sixteenths-100,as-written,song+periodicity,3.755,A2,A2,1,1,6.24,0
repeated-sixteenths-100,as-written,song+periodicity,3.894,D2,D2,1,1,5.52,0
repeated-sixteenths-100,as-written,song+periodicity,4.062,D2,D2,1,1,3.73,0
repeated-sixteenths-100,as-written,song+periodicity,4.196,D2,D2,1,1,7.56,0
repeated-sixteenths-100,as-written,song+periodicity,4.338,D2,D2,1,1,5.06,0
repeated-sixteenths-100,as-written,song+periodicity,4.498,C2,C2,1,1,4.44,0
repeated-sixteenths-100,as-written,song+periodicity,4.644,C2,C2,1,1,4.09,0
repeated-sixteenths-100,as-written,song+periodicity,4.814,A1,A1,1,1,8.31,0
repeated-sixteenths-100,as-written,song+periodicity,4.951,B1,B1,1,1,5.50,0
repeated-sixteenths-100,as-written,song+periodicity,5.105,G2,G2,1,1,4.82,0
repeated-sixteenths-100,as-written,song+periodicity,5.248,G2,G2,1,1,6.87,0
repeated-sixteenths-100,as-written,song+periodicity,5.405,G2,G2,1,1,5.21,0
repeated-sixteenths-100,as-written,song+periodicity,5.543,G2,G2,1,1,5.49,0
repeated-sixteenths-100,as-written,song+periodicity,5.706,A#2,A#2,1,1,6.09,0
repeated-sixteenths-100,as-written,song+periodicity,5.863,A#2,A#2,1,1,4.96,0
repeated-sixteenths-100,as-written,song+periodicity,6.000,C3,C3,1,1,5.01,0
repeated-sixteenths-100,as-written,song+periodicity,6.161,D3,D3,1,1,8.38,0
repeated-sixteenths-100,as-written,song+periodicity,6.292,G2,G2,1,1,5.80,0
repeated-sixteenths-100,as-written,song+periodicity,6.459,G2,G2,1,1,4.61,0
repeated-sixteenths-100,as-written,song+periodicity,6.607,G2,G2,1,1,4.76,0
repeated-sixteenths-100,as-written,song+periodicity,6.744,G2,G2,1,1,4.45,0
repeated-sixteenths-100,as-written,song+periodicity,6.912,F2,F2,1,1,4.32,0
repeated-sixteenths-100,as-written,song+periodicity,7.044,F2,F2,1,1,4.02,0
repeated-sixteenths-100,as-written,song+periodicity,7.205,D2,D2,1,1,6.16,0
repeated-sixteenths-100,as-written,song+periodicity,7.365,E2,E2,1,1,4.45,0
repeated-sixteenths-100,as-written,song+periodicity,7.504,G2,G2,1,1,5.09,0
repeated-sixteenths-100,as-written,song+periodicity,7.647,G2,G2,1,1,4.73,0
repeated-sixteenths-100,as-written,song+periodicity,7.804,G2,G2,1,1,4.05,0
repeated-sixteenths-100,as-written,song+periodicity,7.964,G2,G2,1,1,4.34,0
repeated-sixteenths-100,as-written,song+periodicity,8.099,A#2,A#2,1,1,4.85,0
repeated-sixteenths-100,as-written,song+periodicity,8.244,A#2,A#2,1,1,6.92,0
repeated-sixteenths-100,as-written,song+periodicity,8.408,C3,C3,1,1,4.98,0
repeated-sixteenths-100,as-written,song+periodicity,8.561,D3,D3,1,1,4.38,0
repeated-sixteenths-100,as-written,song+periodicity,8.687,G2,G2,1,1,4.78,0
repeated-sixteenths-100,as-written,song+periodicity,8.861,G2,G2,1,1,6.82,0
repeated-sixteenths-100,as-written,song+periodicity,9.011,G2,G2,1,1,4.98,0
repeated-sixteenths-100,as-written,song+periodicity,9.164,G2,G2,1,1,6.76,0
repeated-sixteenths-100,as-written,song+periodicity,9.288,F2,F2,1,1,4.89,0
repeated-sixteenths-100,as-written,song+periodicity,9.437,F2,F2,1,1,4.25,0
repeated-sixteenths-100,as-written,song+periodicity,9.596,D2,D2,1,1,4.20,0
repeated-sixteenths-100,as-written,song+periodicity,9.745,E2,E2,1,1,6.76,0
repeated-sixteenths-100,tempo+8%,free,0.285,D2,D2,1,0,26.78,0
repeated-sixteenths-100,tempo+8%,free,0.450,D2,none,0,0,-,0
repeated-sixteenths-100,tempo+8%,free,0.565,D2,none,0,0,-,0
repeated-sixteenths-100,tempo+8%,free,0.724,D2,none,0,0,-,0
repeated-sixteenths-100,tempo+8%,free,0.845,F2,F2,1,0,47.24,0
repeated-sixteenths-100,tempo+8%,free,0.994,F2,none,0,0,-,0
repeated-sixteenths-100,tempo+8%,free,1.135,G2,G2,1,0,49.90,0
repeated-sixteenths-100,tempo+8%,free,1.260,A2,A2,1,0,40.20,0
repeated-sixteenths-100,tempo+8%,free,1.418,D2,D2,1,0,32.72,0
repeated-sixteenths-100,tempo+8%,free,1.537,D2,none,0,0,-,0
repeated-sixteenths-100,tempo+8%,free,1.687,D2,none,0,0,-,0
repeated-sixteenths-100,tempo+8%,free,1.840,D2,none,0,0,-,0
repeated-sixteenths-100,tempo+8%,free,1.966,C2,C2,1,0,33.63,0
repeated-sixteenths-100,tempo+8%,free,2.098,C2,none,0,0,-,0
repeated-sixteenths-100,tempo+8%,free,2.257,A1,A1,1,0,34.64,0
repeated-sixteenths-100,tempo+8%,free,2.396,B1,B1,1,0,41.40,0
repeated-sixteenths-100,tempo+8%,free,2.530,D2,D2,1,0,32.99,0
repeated-sixteenths-100,tempo+8%,free,2.668,D2,none,0,0,-,0
repeated-sixteenths-100,tempo+8%,free,2.801,D2,none,0,0,-,0
repeated-sixteenths-100,tempo+8%,free,2.930,D2,none,0,0,-,0
repeated-sixteenths-100,tempo+8%,free,3.069,F2,F2,1,0,48.13,0
repeated-sixteenths-100,tempo+8%,free,3.220,F2,none,0,0,-,0
repeated-sixteenths-100,tempo+8%,free,3.369,G2,G2,1,0,48.27,0
repeated-sixteenths-100,tempo+8%,free,3.502,A2,A2,1,0,37.81,0
repeated-sixteenths-100,tempo+8%,free,3.641,D2,D2,1,0,31.43,0
repeated-sixteenths-100,tempo+8%,free,3.767,D2,none,0,0,-,0
repeated-sixteenths-100,tempo+8%,free,3.907,D2,none,0,0,-,0
repeated-sixteenths-100,tempo+8%,free,4.046,D2,none,0,0,-,0
repeated-sixteenths-100,tempo+8%,free,4.184,C2,C2,1,0,31.09,0
repeated-sixteenths-100,tempo+8%,free,4.326,C2,none,0,0,-,0
repeated-sixteenths-100,tempo+8%,free,4.453,A1,A1,1,0,38.69,0
repeated-sixteenths-100,tempo+8%,free,4.618,B1,B1,1,0,39.06,0
repeated-sixteenths-100,tempo+8%,free,4.737,G2,G2,1,0,48.49,0
repeated-sixteenths-100,tempo+8%,free,4.869,G2,none,0,0,-,0
repeated-sixteenths-100,tempo+8%,free,5.034,G2,none,0,0,-,0
repeated-sixteenths-100,tempo+8%,free,5.171,G2,none,0,0,-,0
repeated-sixteenths-100,tempo+8%,free,5.312,A#2,A#2,1,0,39.86,0
repeated-sixteenths-100,tempo+8%,free,5.447,A#2,none,0,0,-,0
repeated-sixteenths-100,tempo+8%,free,5.585,C3,C3,1,0,32.50,0
repeated-sixteenths-100,tempo+8%,free,5.703,D3,D3,1,0,34.77,0
repeated-sixteenths-100,tempo+8%,free,5.858,G2,G2,1,0,49.66,0
repeated-sixteenths-100,tempo+8%,free,5.981,G2,none,0,0,-,0
repeated-sixteenths-100,tempo+8%,free,6.135,G2,none,0,0,-,0
repeated-sixteenths-100,tempo+8%,free,6.277,G2,none,0,0,-,0
repeated-sixteenths-100,tempo+8%,free,6.425,F2,F2,1,0,47.44,0
repeated-sixteenths-100,tempo+8%,free,6.557,F2,none,0,0,-,0
repeated-sixteenths-100,tempo+8%,free,6.699,D2,D2,1,0,32.82,0
repeated-sixteenths-100,tempo+8%,free,6.823,E2,E2,1,0,45.36,0
repeated-sixteenths-100,tempo+8%,free,6.979,G2,G2,1,0,49.50,0
repeated-sixteenths-100,tempo+8%,free,7.103,G2,none,0,0,-,0
repeated-sixteenths-100,tempo+8%,free,7.232,G2,none,0,0,-,0
repeated-sixteenths-100,tempo+8%,free,7.393,G2,none,0,0,-,0
repeated-sixteenths-100,tempo+8%,free,7.537,A#2,A#2,1,0,38.06,0
repeated-sixteenths-100,tempo+8%,free,7.656,A#2,none,0,0,-,0
repeated-sixteenths-100,tempo+8%,free,7.810,C3,C3,1,0,32.70,0
repeated-sixteenths-100,tempo+8%,free,7.946,D3,D3,1,0,34.37,0
repeated-sixteenths-100,tempo+8%,free,8.076,G2,G2,1,0,49.46,0
repeated-sixteenths-100,tempo+8%,free,8.216,G2,none,0,0,-,0
repeated-sixteenths-100,tempo+8%,free,8.354,G2,none,0,0,-,0
repeated-sixteenths-100,tempo+8%,free,8.482,G2,none,0,0,-,0
repeated-sixteenths-100,tempo+8%,free,8.646,F2,F2,1,0,48.27,0
repeated-sixteenths-100,tempo+8%,free,8.768,F2,none,0,0,-,0
repeated-sixteenths-100,tempo+8%,free,8.918,D2,D2,1,0,32.47,0
repeated-sixteenths-100,tempo+8%,free,9.046,E2,E2,1,0,45.63,0
repeated-sixteenths-100,tempo+8%,song,0.285,D2,D2,1,1,2.78,0
repeated-sixteenths-100,tempo+8%,song,0.450,D2,none,0,0,-,0
repeated-sixteenths-100,tempo+8%,song,0.565,D2,none,0,0,-,0
repeated-sixteenths-100,tempo+8%,song,0.724,D2,none,0,0,-,0
repeated-sixteenths-100,tempo+8%,song,0.845,F2,F2,1,0,47.24,0
repeated-sixteenths-100,tempo+8%,song,0.994,F2,none,0,0,-,0
repeated-sixteenths-100,tempo+8%,song,1.135,G2,G2,1,0,49.90,0
repeated-sixteenths-100,tempo+8%,song,1.260,A2,A2,1,0,40.20,0
repeated-sixteenths-100,tempo+8%,song,1.418,D2,D2,1,0,32.72,0
repeated-sixteenths-100,tempo+8%,song,1.537,D2,none,0,0,-,0
repeated-sixteenths-100,tempo+8%,song,1.687,D2,none,0,0,-,0
repeated-sixteenths-100,tempo+8%,song,1.840,D2,none,0,0,-,0
repeated-sixteenths-100,tempo+8%,song,1.966,C2,C2,1,0,33.63,0
repeated-sixteenths-100,tempo+8%,song,2.098,C2,none,0,0,-,0
repeated-sixteenths-100,tempo+8%,song,2.257,A1,A1,1,0,34.64,0
repeated-sixteenths-100,tempo+8%,song,2.396,B1,B1,1,0,41.40,0
repeated-sixteenths-100,tempo+8%,song,2.530,D2,D2,1,0,32.99,0
repeated-sixteenths-100,tempo+8%,song,2.668,D2,none,0,0,-,0
repeated-sixteenths-100,tempo+8%,song,2.801,D2,none,0,0,-,0
repeated-sixteenths-100,tempo+8%,song,2.930,D2,none,0,0,-,0
repeated-sixteenths-100,tempo+8%,song,3.069,F2,F2,1,0,48.13,0
repeated-sixteenths-100,tempo+8%,song,3.220,F2,none,0,0,-,0
repeated-sixteenths-100,tempo+8%,song,3.369,G2,G2,1,0,48.27,0
repeated-sixteenths-100,tempo+8%,song,3.502,A2,A2,1,0,37.81,0
repeated-sixteenths-100,tempo+8%,song,3.641,D2,D2,1,0,31.43,0
repeated-sixteenths-100,tempo+8%,song,3.767,D2,none,0,0,-,0
repeated-sixteenths-100,tempo+8%,song,3.907,D2,none,0,0,-,0
repeated-sixteenths-100,tempo+8%,song,4.046,D2,none,0,0,-,0
repeated-sixteenths-100,tempo+8%,song,4.184,C2,C2,1,0,31.09,0
repeated-sixteenths-100,tempo+8%,song,4.326,C2,none,0,0,-,0
repeated-sixteenths-100,tempo+8%,song,4.453,A1,A1,1,0,38.69,0
repeated-sixteenths-100,tempo+8%,song,4.618,B1,B1,1,0,39.06,0
repeated-sixteenths-100,tempo+8%,song,4.737,G2,G2,1,0,48.49,0
repeated-sixteenths-100,tempo+8%,song,4.869,G2,none,0,0,-,0
repeated-sixteenths-100,tempo+8%,song,5.034,G2,none,0,0,-,0
repeated-sixteenths-100,tempo+8%,song,5.171,G2,none,0,0,-,0
repeated-sixteenths-100,tempo+8%,song,5.312,A#2,A#2,1,0,39.86,0
repeated-sixteenths-100,tempo+8%,song,5.447,A#2,none,0,0,-,0
repeated-sixteenths-100,tempo+8%,song,5.585,C3,C3,1,0,32.50,0
repeated-sixteenths-100,tempo+8%,song,5.703,D3,D3,1,0,34.77,0
repeated-sixteenths-100,tempo+8%,song,5.858,G2,G2,1,0,49.66,0
repeated-sixteenths-100,tempo+8%,song,5.981,G2,none,0,0,-,0
repeated-sixteenths-100,tempo+8%,song,6.135,G2,none,0,0,-,0
repeated-sixteenths-100,tempo+8%,song,6.277,G2,none,0,0,-,0
repeated-sixteenths-100,tempo+8%,song,6.425,F2,F2,1,0,47.44,0
repeated-sixteenths-100,tempo+8%,song,6.557,F2,none,0,0,-,0
repeated-sixteenths-100,tempo+8%,song,6.699,D2,D2,1,0,32.82,0
repeated-sixteenths-100,tempo+8%,song,6.823,E2,E2,1,0,45.36,0
repeated-sixteenths-100,tempo+8%,song,6.979,G2,G2,1,0,49.50,0
repeated-sixteenths-100,tempo+8%,song,7.103,G2,none,0,0,-,0
repeated-sixteenths-100,tempo+8%,song,7.232,G2,none,0,0,-,0
repeated-sixteenths-100,tempo+8%,song,7.393,G2,none,0,0,-,0
repeated-sixteenths-100,tempo+8%,song,7.537,A#2,A#2,1,0,38.06,0
repeated-sixteenths-100,tempo+8%,song,7.656,A#2,none,0,0,-,0
repeated-sixteenths-100,tempo+8%,song,7.810,C3,C3,1,0,32.70,0
repeated-sixteenths-100,tempo+8%,song,7.946,D3,D3,1,0,34.37,0
repeated-sixteenths-100,tempo+8%,song,8.076,G2,G2,1,0,49.46,0
repeated-sixteenths-100,tempo+8%,song,8.216,G2,none,0,0,-,0
repeated-sixteenths-100,tempo+8%,song,8.354,G2,none,0,0,-,0
repeated-sixteenths-100,tempo+8%,song,8.482,G2,none,0,0,-,0
repeated-sixteenths-100,tempo+8%,song,8.646,F2,F2,1,0,48.27,0
repeated-sixteenths-100,tempo+8%,song,8.768,F2,none,0,0,-,0
repeated-sixteenths-100,tempo+8%,song,8.918,D2,D2,1,0,32.47,0
repeated-sixteenths-100,tempo+8%,song,9.046,E2,E2,1,0,45.63,0
repeated-sixteenths-100,tempo+8%,song+periodicity,0.285,D2,D2,1,1,2.78,0
repeated-sixteenths-100,tempo+8%,song+periodicity,0.450,D2,D2,1,1,9.05,0
repeated-sixteenths-100,tempo+8%,song+periodicity,0.565,D2,D2,1,1,3.99,0
repeated-sixteenths-100,tempo+8%,song+periodicity,0.724,D2,D2,1,1,5.34,0
repeated-sixteenths-100,tempo+8%,song+periodicity,0.845,F2,F2,1,1,9.91,0
repeated-sixteenths-100,tempo+8%,song+periodicity,0.994,F2,F2,1,1,5.14,0
repeated-sixteenths-100,tempo+8%,song+periodicity,1.135,G2,G2,1,1,4.57,0
repeated-sixteenths-100,tempo+8%,song+periodicity,1.260,A2,A2,1,1,4.20,0
repeated-sixteenths-100,tempo+8%,song+periodicity,1.418,D2,D2,1,1,4.72,0
repeated-sixteenths-100,tempo+8%,song+periodicity,1.537,D2,D2,1,1,4.76,0
repeated-sixteenths-100,tempo+8%,song+periodicity,1.687,D2,D2,1,1,7.47,0
repeated-sixteenths-100,tempo+8%,song+periodicity,1.840,D2,D2,1,1,6.69,0
repeated-sixteenths-100,tempo+8%,song+periodicity,1.966,C2,C2,1,1,5.63,0
repeated-sixteenths-100,tempo+8%,song+periodicity,2.098,C2,C2,1,1,4.59,0
repeated-sixteenths-100,tempo+8%,song+periodicity,2.257,A1,A1,1,1,6.64,0
repeated-sixteenths-100,tempo+8%,song+periodicity,2.396,B1,B1,1,1,5.40,0
repeated-sixteenths-100,tempo+8%,song+periodicity,2.530,D2,D2,1,1,6.33,0
repeated-sixteenths-100,tempo+8%,song+periodicity,2.668,D2,D2,1,1,6.92,0
repeated-sixteenths-100,tempo+8%,song+periodicity,2.801,D2,D2,1,1,4.53,0
repeated-sixteenths-100,tempo+8%,song+periodicity,2.930,D2,D2,1,1,4.23,0
repeated-sixteenths-100,tempo+8%,song+periodicity,3.069,F2,F2,1,1,6.79,0
repeated-sixteenths-100,tempo+8%,song+periodicity,3.220,F2,F2,1,1,7.11,0
repeated-sixteenths-100,tempo+8%,song+periodicity,3.369,G2,G2,1,1,6.93,0
repeated-sixteenths-100,tempo+8%,song+periodicity,3.502,A2,A2,1,1,5.81,0
repeated-sixteenths-100,tempo+8%,song+periodicity,3.641,D2,D2,1,1,6.10,0
repeated-sixteenths-100,tempo+8%,song+periodicity,3.767,D2,D2,1,1,5.33,0
repeated-sixteenths-100,tempo+8%,song+periodicity,3.907,D2,D2,1,1,4.54,0
repeated-sixteenths-100,tempo+8%,song+periodicity,4.046,D2,D2,1,1,7.71,0
repeated-sixteenths-100,tempo+8%,song+periodicity,4.184,C2,C2,1,1,5.76,0
repeated-sixteenths-100,tempo+8%,song+periodicity,4.326,C2,C2,1,1,4.50,0
repeated-sixteenths-100,tempo+8%,song+periodicity,4.453,A1,A1,1,1,6.69,0
repeated-sixteenths-100,tempo+8%,song+periodicity,4.618,B1,B1,1,1,4.40,0
repeated-sixteenths-100,tempo+8%,song+periodicity,4.737,G2,G2,1,1,4.49,0
repeated-sixteenths-100,tempo+8%,song+periodicity,4.869,G2,G2,1,1,7.19,0
repeated-sixteenths-100,tempo+8%,song+periodicity,5.034,G2,G2,1,1,5.54,0
repeated-sixteenths-100,tempo+8%,song+periodicity,5.171,G2,G2,1,1,5.25,0
repeated-sixteenths-100,tempo+8%,song+periodicity,5.312,A#2,A#2,1,1,3.86,0
repeated-sixteenths-100,tempo+8%,song+periodicity,5.447,A#2,A#2,1,1,5.19,0
repeated-sixteenths-100,tempo+8%,song+periodicity,5.585,C3,C3,1,1,5.84,0
repeated-sixteenths-100,tempo+8%,song+periodicity,5.703,D3,D3,1,1,5.44,0
repeated-sixteenths-100,tempo+8%,song+periodicity,5.858,G2,G2,1,1,6.99,0
repeated-sixteenths-100,tempo+8%,song+periodicity,5.981,G2,G2,1,1,4.57,0
repeated-sixteenths-100,tempo+8%,song+periodicity,6.135,G2,G2,1,1,6.55,0
repeated-sixteenths-100,tempo+8%,song+periodicity,6.277,G2,G2,1,1,4.06,0
repeated-sixteenths-100,tempo+8%,song+periodicity,6.425,F2,F2,1,1,3.44,0
repeated-sixteenths-100,tempo+8%,song+periodicity,6.557,F2,F2,1,1,5.47,0
repeated-sixteenths-100,tempo+8%,song+periodicity,6.699,D2,D2,1,1,4.82,0
repeated-sixteenths-100,tempo+8%,song+periodicity,6.823,E2,E2,1,1,6.69,0
repeated-sixteenths-100,tempo+8%,song+periodicity,6.979,G2,G2,1,1,5.50,0
repeated-sixteenths-100,tempo+8%,song+periodicity,7.103,G2,G2,1,1,6.15,0
repeated-sixteenths-100,tempo+8%,song+periodicity,7.232,G2,G2,1,1,3.86,0
repeated-sixteenths-100,tempo+8%,song+periodicity,7.393,G2,G2,1,1,4.41,0
repeated-sixteenths-100,tempo+8%,song+periodicity,7.537,A#2,A#2,1,1,6.06,0
repeated-sixteenths-100,tempo+8%,song+periodicity,7.656,A#2,A#2,1,1,6.86,0
repeated-sixteenths-100,tempo+8%,song+periodicity,7.810,C3,C3,1,1,6.04,0
repeated-sixteenths-100,tempo+8%,song+periodicity,7.946,D3,D3,1,1,5.04,0
repeated-sixteenths-100,tempo+8%,song+periodicity,8.076,G2,G2,1,1,5.46,0
repeated-sixteenths-100,tempo+8%,song+periodicity,8.216,G2,G2,1,1,3.91,0
repeated-sixteenths-100,tempo+8%,song+periodicity,8.354,G2,G2,1,1,4.25,0
repeated-sixteenths-100,tempo+8%,song+periodicity,8.482,G2,G2,1,1,4.57,0
repeated-sixteenths-100,tempo+8%,song+periodicity,8.646,F2,F2,1,1,6.93,0
repeated-sixteenths-100,tempo+8%,song+periodicity,8.768,F2,F2,1,1,3.73,0
repeated-sixteenths-100,tempo+8%,song+periodicity,8.918,D2,D2,1,1,5.81,0
repeated-sixteenths-100,tempo+8%,song+periodicity,9.046,E2,E2,1,1,5.63,0
repeated-sixteenths-100,variations-10%,free,0.285,D2,D2,1,0,26.59,0
repeated-sixteenths-100,variations-10%,free,0.451,D2,none,0,0,-,0
repeated-sixteenths-100,variations-10%,free,0.592,D2,none,0,0,-,0
repeated-sixteenths-100,variations-10%,free,0.736,D2,none,0,0,-,0
repeated-sixteenths-100,variations-10%,free,0.895,F2,F2,1,0,49.85,0
repeated-sixteenths-100,variations-10%,free,1.047,F2,none,0,0,-,0
repeated-sixteenths-100,variations-10%,free,1.198,G2,G2,1,0,47.65,0
repeated-sixteenths-100,variations-10%,free,1.339,A2,A2,1,0,38.24,0
repeated-sixteenths-100,variations-10%,free,1.495,D2,D2,1,0,33.33,0
repeated-sixteenths-100,variations-10%,free,1.664,D2,none,0,0,-,0
repeated-sixteenths-100,variations-10%,free,1.793,D2,none,0,0,-,0
repeated-sixteenths-100,variations-10%,free,1.959,D2,none,0,0,-,0
repeated-sixteenths-100,variations-10%,free,2.110,D2,none,0,0,-,0
repeated-sixteenths-100,variations-10%,free,2.240,C2,C2,1,0,32.46,0
repeated-sixteenths-100,variations-10%,free,2.413,A1,A1,1,0,37.30,0
repeated-sixteenths-100,variations-10%,free,2.563,B1,B1,1,0,39.81,0
repeated-sixteenths-100,variations-10%,free,2.697,D#2,D#2,1,0,48.77,0
repeated-sixteenths-100,variations-10%,free,2.837,D2,D2,1,0,33.74,0
repeated-sixteenths-100,variations-10%,free,2.985,D2,none,0,0,-,0
repeated-sixteenths-100,variations-10%,free,3.140,D2,none,0,0,-,0
repeated-sixteenths-100,variations-10%,free,3.310,F2,F2,1,0,47.06,0
repeated-sixteenths-100,variations-10%,free,3.436,F2,none,0,0,-,0
repeated-sixteenths-100,variations-10%,free,3.593,G2,G2,1,0,49.74,0
repeated-sixteenths-100,variations-10%,free,3.757,A2,A2,1,0,38.02,0
repeated-sixteenths-100,variations-10%,free,3.900,D2,D2,1,0,34.67,0
repeated-sixteenths-100,variations-10%,free,4.052,D2,none,0,0,-,0
repeated-sixteenths-100,variations-10%,free,4.189,C#2,C#2,1,0,30.52,0
repeated-sixteenths-100,variations-10%,free,4.347,D2,D2,1,0,30.17,0
repeated-sixteenths-100,variations-10%,free,4.515,C2,C2,1,0,33.49,0
repeated-sixteenths-100,variations-10%,free,4.662,C2,none,0,0,-,0
repeated-sixteenths-100,variations-10%,free,4.805,A1,A1,1,0,38.15,0
repeated-sixteenths-100,variations-10%,free,4.945,B1,B1,1,0,40.65,0
repeated-sixteenths-100,variations-10%,free,5.087,G2,G2,1,0,47.71,0
repeated-sixteenths-100,variations-10%,free,5.260,G2,none,0,0,-,0
repeated-sixteenths-100,variations-10%,free,5.400,G2,none,0,0,-,0
repeated-sixteenths-100,variations-10%,free,5.561,G2,none,0,0,-,0
repeated-sixteenths-100,variations-10%,free,5.698,A#2,A#2,1,0,42.06,0
repeated-sixteenths-100,variations-10%,free,5.849,A#2,none,0,0,-,0
repeated-sixteenths-100,variations-10%,free,6.010,C3,C3,1,0,34.85,0
repeated-sixteenths-100,variations-10%,free,6.136,D3,D3,1,0,34.95,0
repeated-sixteenths-100,variations-10%,free,6.309,G2,G2,1,0,48.73,0
repeated-sixteenths-100,variations-10%,free,6.458,G2,none,0,0,-,0
repeated-sixteenths-100,variations-10%,free,6.613,G2,none,0,0,-,0
repeated-sixteenths-100,variations-10%,free,6.751,G2,none,0,0,-,0
repeated-sixteenths-100,variations-10%,free,6.887,D#2,D#2,1,0,47.22,0
repeated-sixteenths-100,variations-10%,free,7.061,F2,F2,1,0,49.45,0
repeated-sixteenths-100,variations-10%,free,7.204,D2,D2,1,0,33.38,0
repeated-sixteenths-100,variations-10%,free,7.356,E2,E2,1,0,46.31,0
repeated-sixteenths-100,variations-10%,free,7.508,G2,G2,1,0,49.34,0
repeated-sixteenths-100,variations-10%,free,7.654,G2,none,0,0,-,0
repeated-sixteenths-100,variations-10%,free,7.799,G2,none,0,0,-,0
repeated-sixteenths-100,variations-10%,free,7.938,G2,none,0,0,-,0
repeated-sixteenths-100,variations-10%,free,8.114,A#2,A#2,1,0,40.51,0
repeated-sixteenths-100,variations-10%,free,8.240,A#2,none,0,0,-,0
repeated-sixteenths-100,variations-10%,free,8.407,C3,C3,1,0,35.95,0
repeated-sixteenths-100,variations-10%,free,8.555,D3,D3,1,0,35.79,0
repeated-sixteenths-100,variations-10%,free,8.690,G2,G2,1,0,47.00,0
repeated-sixteenths-100,variations-10%,free,8.847,G2,none,0,0,-,0
repeated-sixteenths-100,variations-10%,free,8.992,G2,none,0,0,-,0
repeated-sixteenths-100,variations-10%,free,9.163,G2,none,0,0,-,0
repeated-sixteenths-100,variations-10%,free,9.294,F2,F2,1,0,46.47,0
repeated-sixteenths-100,variations-10%,free,9.458,F#2,F#2,1,0,47.30,0
repeated-sixteenths-100,variations-10%,free,9.588,D2,D2,1,0,34.45,0
repeated-sixteenths-100,variations-10%,free,9.736,E2,E2,1,0,49.18,0
repeated-sixteenths-100,variations-10%,song,0.285,D2,D2,1,1,2.59,0
repeated-sixteenths-100,variations-10%,song,0.451,D2,none,0,0,-,0
repeated-sixteenths-100,variations-10%,song,0.592,D2,none,0,0,-,0
repeated-sixteenths-100,variations-10%,song,0.736,D2,none,0,0,-,0
repeated-sixteenths-100,variations-10%,song,0.895,F2,F2,1,0,49.85,0
repeated-sixteenths-100,variations-10%,song,1.047,F2,none,0,0,-,0
repeated-sixteenths-100,variations-10%,song,1.198,G2,G2,1,0,47.65,0
repeated-sixteenths-100,variations-10%,song,1.339,A2,A2,1,0,38.24,0
repeated-sixteenths-100,variations-10%,song,1.495,D2,D2,1,0,33.33,0
repeated-sixteenths-100,variations-10%,song,1.664,D2,none,0,0,-,0
repeated-sixteenths-100,variations-10%,song,1.793,D2,none,0,0,-,0
repeated-sixteenths-100,variations-10%,song,1.959,D2,none,0,0,-,0
repeated-sixteenths-100,variations-10%,song,2.110,D2,none,0,0,-,0
repeated-sixteenths-100,variations-10%,song,2.240,C2,C2,1,0,32.46,0
repeated-sixteenths-100,variations-10%,song,2.413,A1,A1,1,0,37.30,0
repeated-sixteenths-100,variations-10%,song,2.563,B1,B1,1,0,39.81,0
repeated-sixteenths-100,variations-10%,song,2.697,D#2,D#2,1,0,48.77,0
repeated-sixteenths-100,variations-10%,song,2.837,D2,D2,1,0,33.74,0
repeated-sixteenths-100,variations-10%,song,2.985,D2,none,0,0,-,0
repeated-sixteenths-100,variations-10%,song,3.140,D2,none,0,0,-,0
repeated-sixteenths-100,variations-10%,song,3.310,F2,F2,1,0,47.06,0
repeated-sixteenths-100,variations-10%,song,3.436,F2,none,0,0,-,0
repeated-sixteenths-100,variations-10%,song,3.593,G2,G2,1,0,49.74,0
repeated-sixteenths-100,variations-10%,song,3.757,A2,A2,1,0,38.02,0
repeated-sixteenths-100,variations-10%,song,3.900,D2,D2,1,0,34.67,0
repeated-sixteenths-100,variations-10%,song,4.052,D2,none,0,0,-,0
repeated-sixteenths-100,variations-10%,song,4.189,C#2,C#2,1,0,30.52,0
repeated-sixteenths-100,variations-10%,song,4.347,D2,D2,1,0,30.17,0
repeated-sixteenths-100,variations-10%,song,4.515,C2,C2,1,0,33.49,0
repeated-sixteenths-100,variations-10%,song,4.662,C2,none,0,0,-,0
repeated-sixteenths-100,variations-10%,song,4.805,A1,A1,1,0,38.15,0
repeated-sixteenths-100,variations-10%,song,4.945,B1,B1,1,0,40.65,0
repeated-sixteenths-100,variations-10%,song,5.087,G2,G2,1,0,47.71,0
repeated-sixteenths-100,variations-10%,song,5.260,G2,none,0,0,-,0
repeated-sixteenths-100,variations-10%,song,5.400,G2,none,0,0,-,0
repeated-sixteenths-100,variations-10%,song,5.561,G2,none,0,0,-,0
repeated-sixteenths-100,variations-10%,song,5.698,A#2,A#2,1,0,42.06,0
repeated-sixteenths-100,variations-10%,song,5.849,A#2,none,0,0,-,0
repeated-sixteenths-100,variations-10%,song,6.010,C3,C3,1,0,34.85,0
repeated-sixteenths-100,variations-10%,song,6.136,D3,D3,1,0,34.95,0
repeated-sixteenths-100,variations-10%,song,6.309,G2,G2,1,0,48.73,0
repeated-sixteenths-100,variations-10%,song,6.458,G2,none,0,0,-,0
repeated-sixteenths-100,variations-10%,song,6.613,G2,none,0,0,-,0
repeated-sixteenths-100,variations-10%,song,6.751,G2,none,0,0,-,0
repeated-sixteenths-100,variations-10%,song,6.887,D#2,D#2,1,0,47.22,0
repeated-sixteenths-100,variations-10%,song,7.061,F2,F2,1,0,49.45,0
repeated-sixteenths-100,variations-10%,song,7.204,D2,D2,1,0,33.38,0
repeated-sixteenths-100,variations-10%,song,7.356,E2,E2,1,0,46.31,0
repeated-sixteenths-100,variations-10%,song,7.508,G2,G2,1,0,49.34,0
repeated-sixteenths-100,variations-10%,song,7.654,G2,none,0,0,-,0
repeated-sixteenths-100,variations-10%,song,7.799,G2,none,0,0,-,0
repeated-sixteenths-100,variations-10%,song,7.938,G2,none,0,0,-,0
repeated-sixteenths-100,variations-10%,song,8.114,A#2,A#2,1,0,40.51,0
repeated-sixteenths-100,variations-10%,song,8.240,A#2,none,0,0,-,0
repeated-sixteenths-100,variations-10%,song,8.407,C3,C3,1,0,35.95,0
repeated-sixteenths-100,variations-10%,song,8.555,D3,D3,1,0,35.79,0
repeated-sixteenths-100,variations-10%,song,8.690,G2,G2,1,0,47.00,0
repeated-sixteenths-100,variations-10%,song,8.847,G2,none,0,0,-,0
repeated-sixteenths-100,variations-10%,song,8.992,G2,none,0,0,-,0
repeated-sixteenths-100,variations-10%,song,9.163,G2,none,0,0,-,0
repeated-sixteenths-100,variations-10%,song,9.294,F2,F2,1,0,46.47,0
repeated-sixteenths-100,variations-10%,song,9.458,F#2,F#2,1,0,47.30,0
repeated-sixteenths-100,variations-10%,song,9.588,D2,D2,1,0,34.45,0
repeated-sixteenths-100,variations-10%,song,9.736,E2,E2,1,0,49.18,0
repeated-sixteenths-100,variations-10%,song+periodicity,0.285,D2,D2,1,1,2.59,0
repeated-sixteenths-100,variations-10%,song+periodicity,0.451,D2,D2,1,1,8.13,0
repeated-sixteenths-100,variations-10%,song+periodicity,0.592,D2,D2,1,1,4.23,0
repeated-sixteenths-100,variations-10%,song+periodicity,0.736,D2,D2,1,1,5.02,0
repeated-sixteenths-100,variations-10%,song+periodicity,0.895,F2,F2,1,1,4.52,0
repeated-sixteenths-100,variations-10%,song+periodicity,1.047,F2,F2,1,1,5.84,0
repeated-sixteenths-100,variations-10%,song+periodicity,1.198,G2,G2,1,1,7.65,0
repeated-sixteenths-100,variations-10%,song+periodicity,1.339,A2,A2,1,1,4.91,0
repeated-sixteenths-100,variations-10%,song+periodicity,1.495,D2,D2,1,1,5.33,0
repeated-sixteenths-100,variations-10%,song+periodicity,1.664,D2,D2,1,1,4.05,0
repeated-sixteenths-100,variations-10%,song+periodicity,1.793,D2,D2,1,1,4.79,0
repeated-sixteenths-100,variations-10%,song+periodicity,1.959,D2,D2,1,1,6.31,0
repeated-sixteenths-100,variations-10%,song+periodicity,2.110,D2,C2,0,1,42.28,1
repeated-sixteenths-100,variations-10%,song+periodicity,2.240,C2,C2,1,1,4.46,0
repeated-sixteenths-100,variations-10%,song+periodicity,2.413,A1,C2,0,1,46.64,1
repeated-sixteenths-100,variations-10%,song+periodicity,2.563,B1,B1,1,1,5.14,0
repeated-sixteenths-100,variations-10%,song+periodicity,2.697,D#2,D2,0,1,-,1
repeated-sixteenths-100,variations-10%,song+periodicity,2.837,D2,none,0,0,-,0
repeated-sixteenths-100,variations-10%,song+periodicity,2.985,D2,D2,1,1,6.95,0
repeated-sixteenths-100,variations-10%,song+periodicity,3.140,D2,F2,0,1,42.95,1
repeated-sixteenths-100,variations-10%,song+periodicity,3.310,F2,F2,1,1,4.39,0
repeated-sixteenths-100,variations-10%,song+periodicity,3.436,F2,F2,1,1,7.67,0
repeated-sixteenths-100,variations-10%,song+periodicity,3.593,G2,G2,1,1,4.41,0
repeated-sixteenths-100,variations-10%,song+periodicity,3.757,A2,A2,1,1,7.35,0
repeated-sixteenths-100,variations-10%,song+periodicity,3.900,D2,D2,1,1,4.01,0
repeated-sixteenths-100,variations-10%,song+periodicity,4.052,D2,D2,1,1,5.00,0
repeated-sixteenths-100,variations-10%,song+periodicity,4.189,C#2,D2,0,1,41.18,1
repeated-sixteenths-100,variations-10%,song+periodicity,4.347,D2,D2,1,1,4.83,0
repeated-sixteenths-100,variations-10%,song+periodicity,4.515,C2,C2,1,1,4.15,0
repeated-sixteenths-100,variations-10%,song+periodicity,4.662,C2,C2,1,1,5.03,0
repeated-sixteenths-100,variations-10%,song+periodicity,4.805,A1,A1,1,1,6.15,0
repeated-sixteenths-100,variations-10%,song+periodicity,4.945,B1,B1,1,1,4.65,0
repeated-sixteenths-100,variations-10%,song+periodicity,5.087,G2,G2,1,1,5.04,0
repeated-sixteenths-100,variations-10%,song+periodicity,5.260,G2,G2,1,1,6.81,0
repeated-sixteenths-100,variations-10%,song+periodicity,5.400,G2,G2,1,1,4.29,0
repeated-sixteenths-100,variations-10%,song+periodicity,5.561,G2,G2,1,1,3.96,0
repeated-sixteenths-100,variations-10%,song+periodicity,5.698,A#2,A#2,1,1,4.72,0
repeated-sixteenths-100,variations-10%,song+periodicity,5.849,A#2,A#2,1,1,4.39,0
repeated-sixteenths-100,variations-10%,song+periodicity,6.010,C3,C3,1,1,5.52,0
repeated-sixteenths-100,variations-10%,song+periodicity,6.136,D3,D3,1,1,4.28,0
repeated-sixteenths-100,variations-10%,song+periodicity,6.309,G2,G2,1,1,4.73,0
repeated-sixteenths-100,variations-10%,song+periodicity,6.458,G2,G2,1,1,4.83,0
repeated-sixteenths-100,variations-10%,song+periodicity,6.613,G2,G2,1,1,5.66,0
repeated-sixteenths-100,variations-10%,song+periodicity,6.751,G2,G2,1,1,5.17,0
repeated-sixteenths-100,variations-10%,song+periodicity,6.887,D#2,F2,0,1,97.88,1
repeated-sixteenths-100,variations-10%,song+periodicity,7.061,F2,F2,1,1,5.45,0
repeated-sixteenths-100,variations-10%,song+periodicity,7.204,D2,D2,1,1,4.05,0
repeated-sixteenths-100,variations-10%,song+periodicity,7.356,E2,E2,1,1,4.98,0
repeated-sixteenths-100,variations-10%,song+periodicity,7.508,G2,G2,1,1,4.01,0
repeated-sixteenths-100,variations-10%,song+periodicity,7.654,G2,G2,1,1,6.44,0
repeated-sixteenths-100,variations-10%,song+periodicity,7.799,G2,G2,1,1,5.41,0
repeated-sixteenths-100,variations-10%,song+periodicity,7.938,G2,G2,1,1,5.01,0
repeated-sixteenths-100,variations-10%,song+periodicity,8.114,A#2,A#2,1,1,4.51,0
repeated-sixteenths-100,variations-10%,song+periodicity,8.240,A#2,A#2,1,1,4.44,0
repeated-sixteenths-100,variations-10%,song+periodicity,8.407,C3,C3,1,1,5.28,0
repeated-sixteenths-100,variations-10%,song+periodicity,8.555,D3,D3,1,1,5.13,0
repeated-sixteenths-100,variations-10%,song+periodicity,8.690,G2,G2,1,1,9.67,0
repeated-sixteenths-100,variations-10%,song+periodicity,8.847,G2,G2,1,1,4.54,0
repeated-sixteenths-100,variations-10%,song+periodicity,8.992,G2,G2,1,1,5.56,0
repeated-sixteenths-100,variations-10%,song+periodicity,9.163,G2,G2,1,1,5.45,0
repeated-sixteenths-100,variations-10%,song+periodicity,9.294,F2,F2,1,1,7.80,0
repeated-sixteenths-100,variations-10%,song+periodicity,9.458,F#2,F2,0,1,56.63,1
repeated-sixteenths-100,variations-10%,song+periodicity,9.588,D2,D2,1,1,7.79,0
repeated-sixteenths-100,variations-10%,song+periodicity,9.736,E2,E2,1,1,7.85,0
repeated-sixteenths-100,ghost-clicks-10%,free,0.286,D2,D2,1,0,26.40,0
repeated-sixteenths-100,ghost-clicks-10%,free,0.461,D2,D2,1,0,29.29,0
repeated-sixteenths-100,ghost-clicks-10%,free,0.586,D2,none,0,0,-,0
repeated-sixteenths-100,ghost-clicks-10%,free,0.761,D2,none,0,0,-,0
repeated-sixteenths-100,ghost-clicks-10%,free,0.902,F2,F2,1,0,48.50,0
repeated-sixteenths-100,ghost-clicks-10%,free,1.059,F2,none,0,0,-,0
repeated-sixteenths-100,ghost-clicks-10%,free,1.213,G2,G2,1,0,47.47,0
repeated-sixteenths-100,ghost-clicks-10%,free,1.335,A2,A2,1,0,39.52,0
repeated-sixteenths-100,ghost-clicks-10%,free,1.497,D2,D2,1,0,33.79,0
repeated-sixteenths-100,ghost-clicks-10%,free,1.640,D2,D2,1,0,25.07,0
repeated-sixteenths-100,ghost-clicks-10%,free,1.810,D2,none,0,0,-,0
repeated-sixteenths-100,ghost-clicks-10%,free,1.936,D2,none,0,0,-,0
repeated-sixteenths-100,ghost-clicks-10%,free,2.114,C2,C2,1,0,31.76,0
repeated-sixteenths-100,ghost-clicks-10%,free,2.257,C2,none,0,0,-,0
repeated-sixteenths-100,ghost-clicks-10%,free,2.400,A1,A1,1,0,39.93,0
repeated-sixteenths-100,ghost-clicks-10%,free,2.558,B1,B1,1,0,39.16,0
repeated-sixteenths-100,ghost-clicks-10%,free,2.703,D2,D2,1,0,34.60,0
repeated-sixteenths-100,ghost-clicks-10%,free,2.841,D2,none,0,0,-,0
repeated-sixteenths-100,ghost-clicks-10%,free,2.994,D2,none,0,0,-,0
repeated-sixteenths-100,ghost-clicks-10%,free,3.165,D2,none,0,0,-,0
repeated-sixteenths-100,ghost-clicks-10%,free,3.304,F2,F2,1,0,46.90,0
repeated-sixteenths-100,ghost-clicks-10%,free,3.465,F2,none,0,0,-,0
repeated-sixteenths-100,ghost-clicks-10%,free,3.591,G2,G2,1,0,46.14,0
repeated-sixteenths-100,ghost-clicks-10%,free,3.747,A2,A2,1,0,33.03,0
repeated-sixteenths-100,ghost-clicks-10%,free,3.899,D2,D2,1,0,33.26,0
repeated-sixteenths-100,ghost-clicks-10%,free,4.046,D2,none,0,0,-,0
repeated-sixteenths-100,ghost-clicks-10%,free,4.194,D2,none,0,0,-,0
repeated-sixteenths-100,ghost-clicks-10%,free,4.345,D2,none,0,0,-,0
repeated-sixteenths-100,ghost-clicks-10%,free,4.487,C2,C2,1,0,33.14,0
repeated-sixteenths-100,ghost-clicks-10%,free,4.660,C2,none,0,0,-,0
repeated-sixteenths-100,ghost-clicks-10%,free,4.812,A1,A1,1,0,40.44,0
repeated-sixteenths-100,ghost-clicks-10%,free,4.945,B1,B1,1,0,37.36,0
repeated-sixteenths-100,ghost-clicks-10%,free,5.095,G2,G2,1,0,47.25,0
repeated-sixteenths-100,ghost-clicks-10%,free,5.257,G2,none,0,0,-,0
repeated-sixteenths-100,ghost-clicks-10%,free,5.391,G2,none,0,0,-,0
repeated-sixteenths-100,ghost-clicks-10%,free,5.536,G2,none,0,0,-,0
repeated-sixteenths-100,ghost-clicks-10%,free,5.709,A#2,A#2,1,0,41.43,0
repeated-sixteenths-100,ghost-clicks-10%,free,5.839,A#2,none,0,0,-,0
repeated-sixteenths-100,ghost-clicks-10%,free,6.010,C3,C3,1,0,32.44,0
repeated-sixteenths-100,ghost-clicks-10%,free,6.161,D3,D3,1,0,29.93,0
repeated-sixteenths-100,ghost-clicks-10%,free,6.288,G2,G2,1,0,49.08,0
repeated-sixteenths-100,ghost-clicks-10%,free,6.452,G2,none,0,0,-,0
repeated-sixteenths-100,ghost-clicks-10%,free,6.605,G2,G2,1,0,40.34,0
repeated-sixteenths-100,ghost-clicks-10%,free,6.756,G2,G2,1,0,38.71,0
repeated-sixteenths-100,ghost-clicks-10%,free,6.911,F2,F2,1,0,46.59,0
repeated-sixteenths-100,ghost-clicks-10%,free,7.044,F2,none,0,0,-,0
repeated-sixteenths-100,ghost-clicks-10%,free,7.188,D2,D2,1,0,34.76,0
repeated-sixteenths-100,ghost-clicks-10%,free,7.347,E2,E2,1,0,47.52,0
repeated-sixteenths-100,ghost-clicks-10%,free,7.490,G2,G2,1,0,47.60,0
repeated-sixteenths-100,ghost-clicks-10%,free,7.638,G2,none,0,0,-,0
repeated-sixteenths-100,ghost-clicks-10%,free,7.798,G2,G2,1,0,39.39,0
repeated-sixteenths-100,ghost-clicks-10%,free,7.961,G2,none,0,0,-,0
repeated-sixteenths-100,ghost-clicks-10%,free,8.106,A#2,A#2,1,0,39.75,0
repeated-sixteenths-100,ghost-clicks-10%,free,8.255,A#2,none,0,0,-,0
repeated-sixteenths-100,ghost-clicks-10%,free,8.409,C3,C3,1,0,33.81,0
repeated-sixteenths-100,ghost-clicks-10%,free,8.545,D3,D3,1,0,34.81,0
repeated-sixteenths-100,ghost-clicks-10%,free,8.692,G2,G2,1,0,50.29,0
repeated-sixteenths-100,ghost-clicks-10%,free,8.848,G2,G2,1,0,40.22,0
repeated-sixteenths-100,ghost-clicks-10%,free,9.008,G2,none,0,0,-,0
repeated-sixteenths-100,ghost-clicks-10%,free,9.161,G2,none,0,0,-,0
repeated-sixteenths-100,ghost-clicks-10%,free,9.286,F2,F2,1,0,46.48,0
repeated-sixteenths-100,ghost-clicks-10%,free,9.444,F2,none,0,0,-,0
repeated-sixteenths-100,ghost-clicks-10%,free,9.601,D2,D2,1,0,33.79,0
repeated-sixteenths-100,ghost-clicks-10%,free,9.738,E2,E2,1,0,47.77,0
repeated-sixteenths-100,ghost-clicks-10%,song,0.286,D2,D2,1,1,2.40,0
repeated-sixteenths-100,ghost-clicks-10%,song,0.461,D2,D2,1,1,2.63,0
repeated-sixteenths-100,ghost-clicks-10%,song,0.586,D2,none,0,0,-,0
repeated-sixteenths-100,ghost-clicks-10%,song,0.761,D2,none,0,0,-,0
repeated-sixteenths-100,ghost-clicks-10%,song,0.902,F2,F2,1,0,48.50,0
repeated-sixteenths-100,ghost-clicks-10%,song,1.059,F2,none,0,0,-,0
repeated-sixteenths-100,ghost-clicks-10%,song,1.213,G2,G2,1,0,47.47,0
repeated-sixteenths-100,ghost-clicks-10%,song,1.335,A2,A2,1,0,39.52,0
repeated-sixteenths-100,ghost-clicks-10%,song,1.497,D2,D2,1,0,33.79,0
repeated-sixteenths-100,ghost-clicks-10%,song,1.640,D2,D2,1,1,3.74,0
repeated-sixteenths-100,ghost-clicks-10%,song,1.810,D2,none,0,0,-,0
repeated-sixteenths-100,ghost-clicks-10%,song,1.936,D2,none,0,0,-,0
repeated-sixteenths-100,ghost-clicks-10%,song,2.114,C2,C2,1,0,31.76,0
repeated-sixteenths-100,ghost-clicks-10%,song,2.257,C2,none,0,0,-,0
repeated-sixteenths-100,ghost-clicks-10%,song,2.400,A1,A1,1,0,39.93,0
repeated-sixteenths-100,ghost-clicks-10%,song,2.558,B1,B1,1,0,39.16,0
repeated-sixteenths-100,ghost-clicks-10%,song,2.703,D2,D2,1,0,34.60,0
repeated-sixteenths-100,ghost-clicks-10%,song,2.841,D2,none,0,0,-,0
repeated-sixteenths-100,ghost-clicks-10%,song,2.994,D2,none,0,0,-,0
repeated-sixteenths-100,ghost-clicks-10%,song,3.165,D2,none,0,0,-,0
repeated-sixteenths-100,ghost-clicks-10%,song,3.304,F2,F2,1,0,46.90,0
repeated-sixteenths-100,ghost-clicks-10%,song,3.465,F2,none,0,0,-,0
repeated-sixteenths-100,ghost-clicks-10%,song,3.591,G2,G2,1,0,46.14,0
repeated-sixteenths-100,ghost-clicks-10%,song,3.747,A2,A2,1,1,2.37,0
repeated-sixteenths-100,ghost-clicks-10%,song,3.899,D2,D2,1,0,33.26,0
repeated-sixteenths-100,ghost-clicks-10%,song,4.046,D2,none,0,0,-,0
repeated-sixteenths-100,ghost-clicks-10%,song,4.194,D2,none,0,0,-,0
repeated-sixteenths-100,ghost-clicks-10%,song,4.345,D2,none,0,0,-,0
repeated-sixteenths-100,ghost-clicks-10%,song,4.487,C2,C2,1,0,33.14,0
repeated-sixteenths-100,ghost-clicks-10%,song,4.660,C2,none,0,0,-,0
repeated-sixteenths-100,ghost-clicks-10%,song,4.812,A1,A1,1,0,40.44,0
repeated-sixteenths-100,ghost-clicks-10%,song,4.945,B1,B1,1,0,37.36,0
repeated-sixteenths-100,ghost-clicks-10%,song,5.095,G2,G2,1,0,47.25,0
repeated-sixteenths-100,ghost-clicks-10%,song,5.257,G2,none,0,0,-,0
repeated-sixteenths-100,ghost-clicks-10%,song,5.391,G2,none,0,0,-,0
repeated-sixteenths-100,ghost-clicks-10%,song,5.536,G2,none,0,0,-,0
repeated-sixteenths-100,ghost-clicks-10%,song,5.709,A#2,A#2,1,0,41.43,0
repeated-sixteenths-100,ghost-clicks-10%,song,5.839,A#2,none,0,0,-,0
repeated-sixteenths-100,ghost-clicks-10%,song,6.010,C3,C3,1,0,32.44,0
repeated-sixteenths-100,ghost-clicks-10%,song,6.161,D3,D3,1,1,3.26,0
repeated-sixteenths-100,ghost-clicks-10%,song,6.288,G2,G2,1,0,49.08,0
repeated-sixteenths-100,ghost-clicks-10%,song,6.452,G2,none,0,0,-,0
repeated-sixteenths-100,ghost-clicks-10%,song,6.605,G2,G2,1,1,3.00,0
repeated-sixteenths-100,ghost-clicks-10%,song,6.756,G2,G2,1,1,2.71,0
repeated-sixteenths-100,ghost-clicks-10%,song,6.911,F2,F2,1,0,46.59,0
repeated-sixteenths-100,ghost-clicks-10%,song,7.044,F2,none,0,0,-,0
repeated-sixteenths-100,ghost-clicks-10%,song,7.188,D2,D2,1,0,34.76,0
repeated-sixteenths-100,ghost-clicks-10%,song,7.347,E2,E2,1,0,47.52,0
repeated-sixteenths-100,ghost-clicks-10%,song,7.490,G2,G2,1,0,47.60,0
repeated-sixteenths-100,ghost-clicks-10%,song,7.638,G2,none,0,0,-,0
repeated-sixteenths-100,ghost-clicks-10%,song,7.798,G2,G2,1,1,2.06,0
repeated-sixteenths-100,ghost-clicks-10%,song,7.961,G2,none,0,0,-,0
repeated-sixteenths-100,ghost-clicks-10%,song,8.106,A#2,A#2,1,0,39.75,0
repeated-sixteenths-100,ghost-clicks-10%,song,8.255,A#2,none,0,0,-,0
repeated-sixteenths-100,ghost-clicks-10%,song,8.409,C3,C3,1,0,33.81,0
repeated-sixteenths-100,ghost-clicks-10%,song,8.545,D3,D3,1,0,34.81,0
repeated-sixteenths-100,ghost-clicks-10%,song,8.692,G2,G2,1,0,50.29,0
repeated-sixteenths-100,ghost-clicks-10%,song,8.848,G2,G2,1,1,2.88,0
repeated-sixteenths-100,ghost-clicks-10%,song,9.008,G2,none,0,0,-,0
repeated-sixteenths-100,ghost-clicks-10%,song,9.161,G2,none,0,0,-,0
repeated-sixteenths-100,ghost-clicks-10%,song,9.286,F2,F2,1,0,46.48,0
repeated-sixteenths-100,ghost-clicks-10%,song,9.444,F2,none,0,0,-,0
repeated-sixteenths-100,ghost-clicks-10%,song,9.601,D2,D2,1,0,33.79,0
repeated-sixteenths-100,ghost-clicks-10%,song,9.738,E2,E2,1,0,47.77,0
repeated-sixteenths-100,ghost-clicks-10%,song+periodicity,0.286,D2,D2,1,1,2.40,0
repeated-sixteenths-100,ghost-clicks-10%,song+periodicity,0.461,D2,D2,1,1,2.63,0
repeated-sixteenths-100,ghost-clicks-10%,song+periodicity,0.586,D2,D2,1,1,7.62,0
repeated-sixteenths-100,ghost-clicks-10%,song+periodicity,0.761,D2,D2,1,1,8.27,0
repeated-sixteenths-100,ghost-clicks-10%,song+periodicity,0.902,F2,F2,1,1,5.83,0
repeated-sixteenths-100,ghost-clicks-10%,song+periodicity,1.059,F2,F2,1,1,4.95,0
repeated-sixteenths-100,ghost-clicks-10%,song+periodicity,1.213,G2,G2,1,1,3.47,0
repeated-sixteenths-100,ghost-clicks-10%,song+periodicity,1.335,A2,A2,1,1,4.86,0
repeated-sixteenths-100,ghost-clicks-10%,song+periodicity,1.497,D2,D2,1,1,4.46,0
repeated-sixteenths-100,ghost-clicks-10%,song+periodicity,1.640,D2,D2,1,1,3.74,0
repeated-sixteenths-100,ghost-clicks-10%,song+periodicity,1.810,D2,D2,1,1,4.75,0
repeated-sixteenths-100,ghost-clicks-10%,song+periodicity,1.936,D2,D2,1,1,4.12,0
repeated-sixteenths-100,ghost-clicks-10%,song+periodicity,2.114,C2,C2,1,1,6.43,0
repeated-sixteenths-100,ghost-clicks-10%,song+periodicity,2.257,C2,C2,1,1,5.72,0
repeated-sixteenths-100,ghost-clicks-10%,song+periodicity,2.400,A1,A1,1,1,3.93,0
repeated-sixteenths-100,ghost-clicks-10%,song+periodicity,2.558,B1,B1,1,1,4.49,0
repeated-sixteenths-100,ghost-clicks-10%,song+periodicity,2.703,D2,D2,1,1,6.60,0
repeated-sixteenths-100,ghost-clicks-10%,song+periodicity,2.841,D2,D2,1,1,6.02,0
repeated-sixteenths-100,ghost-clicks-10%,song+periodicity,2.994,D2,D2,1,1,5.86,0
repeated-sixteenths-100,ghost-clicks-10%,song+periodicity,3.165,D2,D2,1,1,4.54,0
repeated-sixteenths-100,ghost-clicks-10%,song+periodicity,3.304,F2,F2,1,1,4.23,0
repeated-sixteenths-100,ghost-clicks-10%,song+periodicity,3.465,F2,F2,1,1,7.30,0
repeated-sixteenths-100,ghost-clicks-10%,song+periodicity,3.591,G2,G2,1,1,4.81,0
repeated-sixteenths-100,ghost-clicks-10%,song+periodicity,3.747,A2,A2,1,1,2.37,0
repeated-sixteenths-100,ghost-clicks-10%,song+periodicity,3.899,D2,D2,1,1,5.26,0
repeated-sixteenths-100,ghost-clicks-10%,song+periodicity,4.046,D2,D2,1,1,3.77,0
repeated-sixteenths-100,ghost-clicks-10%,song+periodicity,4.194,D2,D2,1,1,10.10,0
repeated-sixteenths-100,ghost-clicks-10%,song+periodicity,4.345,D2,D2,1,1,9.81,0
repeated-sixteenths-100,ghost-clicks-10%,song+periodicity,4.487,C2,C2,1,1,5.14,0
repeated-sixteenths-100,ghost-clicks-10%,song+periodicity,4.660,C2,C2,1,1,3.83,0
repeated-sixteenths-100,ghost-clicks-10%,song+periodicity,4.812,A1,A1,1,1,8.44,0
repeated-sixteenths-100,ghost-clicks-10%,song+periodicity,4.945,B1,B1,1,1,6.69,0
repeated-sixteenths-100,ghost-clicks-10%,song+periodicity,5.095,G2,G2,1,1,4.59,0
repeated-sixteenths-100,ghost-clicks-10%,song+periodicity,5.257,G2,G2,1,1,4.25,0
repeated-sixteenths-100,ghost-clicks-10%,song+periodicity,5.391,G2,G2,1,1,6.47,0
repeated-sixteenths-100,ghost-clicks-10%,song+periodicity,5.536,G2,G2,1,1,5.62,0
repeated-sixteenths-100,ghost-clicks-10%,song+periodicity,5.709,A#2,A#2,1,1,6.77,0
repeated-sixteenths-100,ghost-clicks-10%,song+periodicity,5.839,A#2,A#2,1,1,5.02,0
repeated-sixteenths-100,ghost-clicks-10%,song+periodicity,6.010,C3,C3,1,1,5.77,0
repeated-sixteenths-100,ghost-clicks-10%,song+periodicity,6.161,D3,D3,1,1,3.26,0
repeated-sixteenths-100,ghost-clicks-10%,song+periodicity,6.288,G2,G2,1,1,3.75,0
repeated-sixteenths-100,ghost-clicks-10%,song+periodicity,6.452,G2,G2,1,1,11.69,0
repeated-sixteenths-100,ghost-clicks-10%,song+periodicity,6.605,G2,G2,1,1,3.00,0
repeated-sixteenths-100,ghost-clicks-10%,song+periodicity,6.756,G2,G2,1,1,2.71,0
repeated-sixteenths-100,ghost-clicks-10%,song+periodicity,6.911,F2,F2,1,1,5.25,0
repeated-sixteenths-100,ghost-clicks-10%,song+periodicity,7.044,F2,F2,1,1,4.38,0
repeated-sixteenths-100,ghost-clicks-10%,song+periodicity,7.188,D2,D2,1,1,4.09,0
repeated-sixteenths-100,ghost-clicks-10%,song+periodicity,7.347,E2,E2,1,1,4.86,0
repeated-sixteenths-100,ghost-clicks-10%,song+periodicity,7.490,G2,G2,1,1,6.27,0
repeated-sixteenths-100,ghost-clicks-10%,song+periodicity,7.638,G2,G2,1,1,4.21,0
repeated-sixteenths-100,ghost-clicks-10%,song+periodicity,7.798,G2,G2,1,1,2.06,0
repeated-sixteenths-100,ghost-clicks-10%,song+periodicity,7.961,G2,G2,1,1,8.28,0
repeated-sixteenths-100,ghost-clicks-10%,song+periodicity,8.106,A#2,A#2,1,1,5.08,0
repeated-sixteenths-100,ghost-clicks-10%,song+periodicity,8.255,A#2,A#2,1,1,4.71,0
repeated-sixteenths-100,ghost-clicks-10%,song+periodicity,8.409,C3,C3,1,1,4.48,0
repeated-sixteenths-100,ghost-clicks-10%,song+periodicity,8.545,D3,D3,1,1,4.14,0
repeated-sixteenths-100,ghost-clicks-10%,song+periodicity,8.692,G2,G2,1,1,4.96,0
repeated-sixteenths-100,ghost-clicks-10%,song+periodicity,8.848,G2,G2,1,1,2.88,0
repeated-sixteenths-100,ghost-clicks-10%,song+periodicity,9.008,G2,G2,1,1,4.16,0
repeated-sixteenths-100,ghost-clicks-10%,song+periodicity,9.161,G2,G2,1,1,6.05,0
repeated-sixteenths-100,ghost-clicks-10%,song+periodicity,9.286,F2,F2,1,1,5.14,0
repeated-sixteenths-100,ghost-clicks-10%,song+periodicity,9.444,F2,F2,1,1,4.22,0
repeated-sixteenths-100,ghost-clicks-10%,song+periodicity,9.601,D2,D2,1,1,4.46,0
repeated-sixteenths-100,ghost-clicks-10%,song+periodicity,9.738,E2,E2,1,1,6.43,0
repeated-sixteenths-100,skipped-5%,free,0.286,D2,D2,1,0,26.22,0
repeated-sixteenths-100,skipped-5%,free,0.462,D2,none,0,0,-,0
repeated-sixteenths-100,skipped-5%,free,0.607,D2,none,0,0,-,0
repeated-sixteenths-100,skipped-5%,free,0.741,D2,none,0,0,-,0
repeated-sixteenths-100,skipped-5%,free,0.892,F2,F2,1,0,45.28,0
repeated-sixteenths-100,skipped-5%,free,1.041,F2,none,0,0,-,0
repeated-sixteenths-100,skipped-5%,free,1.187,G2,G2,1,0,47.48,0
repeated-sixteenths-100,skipped-5%,free,1.344,A2,A2,1,0,39.12,0
repeated-sixteenths-100,skipped-5%,free,1.486,D2,D2,1,0,34.43,0
repeated-sixteenths-100,skipped-5%,free,1.637,D2,none,0,0,-,0
repeated-sixteenths-100,skipped-5%,free,1.796,D2,none,0,0,-,0
repeated-sixteenths-100,skipped-5%,free,1.953,D2,none,0,0,-,0
repeated-sixteenths-100,skipped-5%,free,2.097,C2,C2,1,0,34.89,0
repeated-sixteenths-100,skipped-5%,free,2.265,C2,none,0,0,-,0
repeated-sixteenths-100,skipped-5%,free,2.386,A1,A1,1,0,39.23,0
repeated-sixteenths-100,skipped-5%,free,2.553,B1,B1,1,0,39.19,0
repeated-sixteenths-100,skipped-5%,free,2.711,D2,D2,1,0,31.96,0
repeated-sixteenths-100,skipped-5%,free,2.842,D2,none,0,0,-,0
repeated-sixteenths-100,skipped-5%,free,2.995,D2,none,0,0,-,0
repeated-sixteenths-100,skipped-5%,free,3.144,D2,none,0,0,-,0
repeated-sixteenths-100,skipped-5%,free,3.294,F2,F2,1,0,48.32,0
repeated-sixteenths-100,skipped-5%,free,3.454,F2,none,0,0,-,0
repeated-sixteenths-100,skipped-5%,free,3.599,G2,G2,1,0,48.53,0
repeated-sixteenths-100,skipped-5%,free,3.759,A2,A2,1,0,40.59,0
repeated-sixteenths-100,skipped-5%,free,3.887,D2,D2,1,0,32.68,0
repeated-sixteenths-100,skipped-5%,free,4.044,D2,none,0,0,-,0
repeated-sixteenths-100,skipped-5%,free,4.191,D2,none,0,0,-,0
repeated-sixteenths-100,skipped-5%,free,4.340,D2,none,0,0,-,0
repeated-sixteenths-100,skipped-5%,free,4.499,C2,C2,1,0,32.88,0
repeated-sixteenths-100,skipped-5%,free,4.636,C2,none,0,0,-,0
repeated-sixteenths-100,skipped-5%,free,4.795,A1,A1,1,0,37.19,0
repeated-sixteenths-100,skipped-5%,free,4.964,B1,B1,1,0,38.39,0
repeated-sixteenths-100,skipped-5%,free,5.095,G2,G2,1,0,48.00,0
repeated-sixteenths-100,skipped-5%,free,5.236,G2,none,0,0,-,0
repeated-sixteenths-100,skipped-5%,free,5.408,G2,none,0,0,-,0
repeated-sixteenths-100,skipped-5%,free,5.550,G2,none,0,0,-,0
repeated-sixteenths-100,skipped-5%,free,5.713,A#2,A#2,1,0,38.70,0
repeated-sixteenths-100,skipped-5%,free,5.849,A#2,none,0,0,-,0
repeated-sixteenths-100,skipped-5%,free,6.002,C3,C3,1,0,33.16,0
repeated-sixteenths-100,skipped-5%,free,6.154,D3,D3,1,0,34.48,0
repeated-sixteenths-100,skipped-5%,free,6.737,G2,G2,1,0,48.63,0
repeated-sixteenths-100,skipped-5%,free,6.899,F2,F2,1,0,48.67,0
repeated-sixteenths-100,skipped-5%,free,7.054,F2,none,0,0,-,0
repeated-sixteenths-100,skipped-5%,free,7.214,D2,D2,1,0,33.80,0
repeated-sixteenths-100,skipped-5%,free,7.348,E2,E2,1,0,49.40,0
repeated-sixteenths-100,skipped-5%,free,7.498,G2,G2,1,0,47.71,0
repeated-sixteenths-100,skipped-5%,free,7.658,G2,none,0,0,-,0
repeated-sixteenths-100,skipped-5%,free,7.810,G2,none,0,0,-,0
repeated-sixteenths-100,skipped-5%,free,7.952,G2,none,0,0,-,0
repeated-sixteenths-100,skipped-5%,free,8.089,A#2,A#2,1,0,38.58,0
repeated-sixteenths-100,skipped-5%,free,8.251,A#2,none,0,0,-,0
repeated-sixteenths-100,skipped-5%,free,8.390,C3,C3,1,0,35.37,0
repeated-sixteenths-100,skipped-5%,free,8.558,D3,D3,1,0,34.44,0
repeated-sixteenths-100,skipped-5%,free,8.712,G2,G2,1,0,47.90,0
repeated-sixteenths-100,skipped-5%,free,8.842,G2,none,0,0,-,0
repeated-sixteenths-100,skipped-5%,free,9.010,G2,none,0,0,-,0
repeated-sixteenths-100,skipped-5%,free,9.447,F2,F2,1,0,45.34,0
repeated-sixteenths-100,skipped-5%,free,9.597,D2,D2,1,0,34.01,0
repeated-sixteenths-100,skipped-5%,free,9.756,E2,E2,1,0,48.98,0
repeated-sixteenths-100,skipped-5%,song,0.286,D2,D2,1,1,2.22,0
repeated-sixteenths-100,skipped-5%,song,0.462,D2,none,0,0,-,0
repeated-sixteenths-100,skipped-5%,song,0.607,D2,none,0,0,-,0
repeated-sixteenths-100,skipped-5%,song,0.741,D2,none,0,0,-,0
repeated-sixteenths-100,skipped-5%,song,0.892,F2,F2,1,0,45.28,0
repeated-sixteenths-100,skipped-5%,song,1.041,F2,none,0,0,-,0
repeated-sixteenths-100,skipped-5%,song,1.187,G2,G2,1,0,47.48,0
repeated-sixteenths-100,skipped-5%,song,1.344,A2,A2,1,0,39.12,0
repeated-sixteenths-100,skipped-5%,song,1.486,D2,D2,1,0,34.43,0
repeated-sixteenths-100,skipped-5%,song,1.637,D2,none,0,0,-,0
repeated-sixteenths-100,skipped-5%,song,1.796,D2,none,0,0,-,0
repeated-sixteenths-100,skipped-5%,song,1.953,D2,none,0,0,-,0
repeated-sixteenths-100,skipped-5%,song,2.097,C2,C2,1,0,34.89,0
repeated-sixteenths-100,skipped-5%,song,2.265,C2,none,0,0,-,0
repeated-sixteenths-100,skipped-5%,song,2.386,A1,A1,1,0,39.23,0
repeated-sixteenths-100,skipped-5%,song,2.553,B1,B1,1,0,39.19,0
repeated-sixteenths-100,skipped-5%,song,2.711,D2,D2,1,0,31.96,0
repeated-sixteenths-100,skipped-5%,song,2.842,D2,none,0,0,-,0
repeated-sixteenths-100,skipped-5%,song,2.995,D2,none,0,0,-,0
repeated-sixteenths-100,skipped-5%,song,3.144,D2,none,0,0,-,0
repeated-sixteenths-100,skipped-5%,song,3.294,F2,F2,1,0,48.32,0
repeated-sixteenths-100,skipped-5%,song,3.454,F2,none,0,0,-,0
repeated-sixteenths-100,skipped-5%,song,3.599,G2,G2,1,0,48.53,0
repeated-sixteenths-100,skipped-5%,song,3.759,A2,A2,1,0,40.59,0
repeated-sixteenths-100,skipped-5%,song,3.887,D2,D2,1,0,32.68,0
repeated-sixteenths-100,skipped-5%,song,4.044,D2,none,0,0,-,0
repeated-sixteenths-100,skipped-5%,song,4.191,D2,none,0,0,-,0
repeated-sixteenths-100,skipped-5%,song,4.340,D2,none,0,0,-,0
repeated-sixteenths-100,skipped-5%,song,4.499,C2,C2,1,0,32.88,0
repeated-sixteenths-100,skipped-5%,song,4.636,C2,none,0,0,-,0
repeated-sixteenths-100,skipped-5%,song,4.795,A1,A1,1,0,37.19,0
repeated-sixteenths-100,skipped-5%,song,4.964,B1,B1,1,0,38.39,0
repeated-sixteenths-100,skipped-5%,song,5.095,G2,G2,1,0,48.00,0
repeated-sixteenths-100,skipped-5%,song,5.236,G2,none,0,0,-,0
repeated-sixteenths-100,skipped-5%,song,5.408,G2,none,0,0,-,0
repeated-sixteenths-100,skipped-5%,song,5.550,G2,none,0,0,-,0
repeated-sixteenths-100,skipped-5%,song,5.713,A#2,A#2,1,0,38.70,0
repeated-sixteenths-100,skipped-5%,song,5.849,A#2,none,0,0,-,0
repeated-sixteenths-100,skipped-5%,song,6.002,C3,C3,1,0,33.16,0
repeated-sixteenths-100,skipped-5%,song,6.154,D3,D3,1,0,34.48,0
repeated-sixteenths-100,skipped-5%,song,6.737,G2,G2,1,0,48.63,0
repeated-sixteenths-100,skipped-5%,song,6.899,F2,F2,1,0,48.67,0
repeated-sixteenths-100,skipped-5%,song,7.054,F2,none,0,0,-,0
repeated-sixteenths-100,skipped-5%,song,7.214,D2,D2,1,0,33.80,0
repeated-sixteenths-100,skipped-5%,song,7.348,E2,E2,1,0,49.40,0
repeated-sixteenths-100,skipped-5%,song,7.498,G2,G2,1,0,47.71,0
repeated-sixteenths-100,skipped-5%,song,7.658,G2,none,0,0,-,0
repeated-sixteenths-100,skipped-5%,song,7.810,G2,none,0,0,-,0
repeated-sixteenths-100,skipped-5%,song,7.952,G2,none,0,0,-,0
repeated-sixteenths-100,skipped-5%,song,8.089,A#2,A#2,1,0,38.58,0
repeated-sixteenths-100,skipped-5%,song,8.251,A#2,none,0,0,-,0
repeated-sixteenths-100,skipped-5%,song,8.390,C3,C3,1,0,35.37,0
repeated-sixteenths-100,skipped-5%,song,8.558,D3,D3,1,0,34.44,0
repeated-sixteenths-100,skipped-5%,song,8.712,G2,G2,1,0,47.90,0
repeated-sixteenths-100,skipped-5%,song,8.842,G2,none,0,0,-,0
repeated-sixteenths-100,skipped-5%,song,9.010,G2,none,0,0,-,0
repeated-sixteenths-100,skipped-5%,song,9.447,F2,F2,1,0,45.34,0
repeated-sixteenths-100,skipped-5%,song,9.597,D2,D2,1,0,34.01,0
repeated-sixteenths-100,skipped-5%,song,9.756,E2,E2,1,0,48.98,0
repeated-sixteenths-100,skipped-5%,song+periodicity,0.286,D2,D2,1,1,2.22,0
repeated-sixteenths-100,skipped-5%,song+periodicity,0.462,D2,D2,1,1,5.05,0
repeated-sixteenths-100,skipped-5%,song+periodicity,0.607,D2,D2,1,1,4.59,0
repeated-sixteenths-100,skipped-5%,song+periodicity,0.741,D2,D2,1,1,4.38,0
repeated-sixteenths-100,skipped-5%,song+periodicity,0.892,F2,F2,1,1,7.94,0
repeated-sixteenths-100,skipped-5%,song+periodicity,1.041,F2,F2,1,1,4.22,0
repeated-sixteenths-100,skipped-5%,song+periodicity,1.187,G2,G2,1,1,4.81,0
repeated-sixteenths-100,skipped-5%,song+periodicity,1.344,A2,A2,1,1,4.46,0
repeated-sixteenths-100,skipped-5%,song+periodicity,1.486,D2,D2,1,1,5.09,0
repeated-sixteenths-100,skipped-5%,song+periodicity,1.637,D2,D2,1,1,6.75,0
repeated-sixteenths-100,skipped-5%,song+periodicity,1.796,D2,D2,1,1,3.65,0
repeated-sixteenths-100,skipped-5%,song+periodicity,1.953,D2,D2,1,1,3.20,0
repeated-sixteenths-100,skipped-5%,song+periodicity,2.097,C2,C2,1,1,5.56,0
repeated-sixteenths-100,skipped-5%,song+periodicity,2.265,C2,C2,1,1,4.35,0
repeated-sixteenths-100,skipped-5%,song+periodicity,2.386,A1,A1,1,1,5.89,0
repeated-sixteenths-100,skipped-5%,song+periodicity,2.553,B1,B1,1,1,7.19,0
repeated-sixteenths-100,skipped-5%,song+periodicity,2.711,D2,D2,1,1,5.30,0
repeated-sixteenths-100,skipped-5%,song+periodicity,2.842,D2,D2,1,1,5.66,0
repeated-sixteenths-100,skipped-5%,song+periodicity,2.995,D2,D2,1,1,4.98,0
repeated-sixteenths-100,skipped-5%,song+periodicity,3.144,D2,D2,1,1,8.38,0
repeated-sixteenths-100,skipped-5%,song+periodicity,3.294,F2,F2,1,1,8.32,0
repeated-sixteenths-100,skipped-5%,song+periodicity,3.454,F2,F2,1,1,6.84,0
repeated-sixteenths-100,skipped-5%,song+periodicity,3.599,G2,G2,1,1,4.53,0
repeated-sixteenths-100,skipped-5%,song+periodicity,3.759,A2,A2,1,1,4.59,0
repeated-sixteenths-100,skipped-5%,song+periodicity,3.887,D2,D2,1,1,7.35,0
repeated-sixteenths-100,skipped-5%,song+periodicity,4.044,D2,D2,1,1,3.62,0
repeated-sixteenths-100,skipped-5%,song+periodicity,4.191,D2,D2,1,1,9.01,0
repeated-sixteenths-100,skipped-5%,song+periodicity,4.340,D2,D2,1,1,4.31,0
repeated-sixteenths-100,skipped-5%,song+periodicity,4.499,C2,C2,1,1,4.88,0
repeated-sixteenths-100,skipped-5%,song+periodicity,4.636,C2,C2,1,1,8.94,0
repeated-sixteenths-100,skipped-5%,song+periodicity,4.795,A1,A1,1,1,5.19,0
repeated-sixteenths-100,skipped-5%,song+periodicity,4.964,B1,B1,1,1,5.05,0
repeated-sixteenths-100,skipped-5%,song+periodicity,5.095,G2,G2,1,1,6.66,0
repeated-sixteenths-100,skipped-5%,song+periodicity,5.236,G2,G2,1,1,6.58,0
repeated-sixteenths-100,skipped-5%,song+periodicity,5.408,G2,G2,1,1,8.20,0
repeated-sixteenths-100,skipped-5%,song+periodicity,5.550,G2,G2,1,1,5.02,0
repeated-sixteenths-100,skipped-5%,song+periodicity,5.713,A#2,A#2,1,1,6.70,0
repeated-sixteenths-100,skipped-5%,song+periodicity,5.849,A#2,A#2,1,1,7.03,0
repeated-sixteenths-100,skipped-5%,song+periodicity,6.002,C3,C3,1,1,6.49,0
repeated-sixteenths-100,skipped-5%,song+periodicity,6.154,D3,D3,1,1,5.15,0
repeated-sixteenths-100,skipped-5%,song+periodicity,6.737,G2,G2,1,1,4.63,0
repeated-sixteenths-100,skipped-5%,song+periodicity,6.899,F2,F2,1,1,4.67,0
repeated-sixteenths-100,skipped-5%,song+periodicity,7.054,F2,F2,1,1,4.71,0
repeated-sixteenths-100,skipped-5%,song+periodicity,7.214,D2,D2,1,1,4.47,0
repeated-sixteenths-100,skipped-5%,song+periodicity,7.348,E2,E2,1,1,4.07,0
repeated-sixteenths-100,skipped-5%,song+periodicity,7.498,G2,G2,1,1,5.05,0
repeated-sixteenths-100,skipped-5%,song+periodicity,7.658,G2,G2,1,1,4.87,0
repeated-sixteenths-100,skipped-5%,song+periodicity,7.810,G2,G2,1,1,4.95,0
repeated-sixteenths-100,skipped-5%,song+periodicity,7.952,G2,G2,1,1,5.32,0
repeated-sixteenths-100,skipped-5%,song+periodicity,8.089,A#2,A#2,1,1,5.25,0
repeated-sixteenths-100,skipped-5%,song+periodicity,8.251,A#2,A#2,1,1,4.66,0
repeated-sixteenths-100,skipped-5%,song+periodicity,8.390,C3,C3,1,1,6.03,0
repeated-sixteenths-100,skipped-5%,song+periodicity,8.558,D3,D3,1,1,3.77,0
repeated-sixteenths-100,skipped-5%,song+periodicity,8.712,G2,G2,1,1,3.90,0
repeated-sixteenths-100,skipped-5%,song+periodicity,8.842,G2,G2,1,1,4.90,0
repeated-sixteenths-100,skipped-5%,song+periodicity,9.010,G2,G2,1,1,4.57,0
repeated-sixteenths-100,skipped-5%,song+periodicity,9.447,F2,F2,1,1,5.34,0
repeated-sixteenths-100,skipped-5%,song+periodicity,9.597,D2,D2,1,1,7.34,0
repeated-sixteenths-100,skipped-5%,song+periodicity,9.756,E2,E2,1,1,3.64,0
repeated-sixteenths-100,wrong-start+4,free,0.286,D2,D2,1,0,26.01,0
repeated-sixteenths-100,wrong-start+4,free,0.442,D2,none,0,0,-,0
repeated-sixteenths-100,wrong-start+4,free,0.590,D2,none,0,0,-,0
repeated-sixteenths-100,wrong-start+4,free,0.738,D2,none,0,0,-,0
repeated-sixteenths-100,wrong-start+4,free,0.914,F2,F2,1,0,46.43,0
repeated-sixteenths-100,wrong-start+4,free,1.045,F2,none,0,0,-,0
repeated-sixteenths-100,wrong-start+4,free,1.186,G2,G2,1,0,48.61,0
repeated-sixteenths-100,wrong-start+4,free,1.336,A2,A2,1,0,41.45,0
repeated-sixteenths-100,wrong-start+4,free,1.514,D2,D2,1,0,34.49,0
repeated-sixteenths-100,wrong-start+4,free,1.660,D2,none,0,0,-,0
repeated-sixteenths-100,wrong-start+4,free,1.805,D2,none,0,0,-,0
repeated-sixteenths-100,wrong-start+4,free,1.951,D2,none,0,0,-,0
repeated-sixteenths-100,wrong-start+4,free,2.107,C2,C2,1,0,33.38,0
repeated-sixteenths-100,wrong-start+4,free,2.237,C2,none,0,0,-,0
repeated-sixteenths-100,wrong-start+4,free,2.390,A1,A1,1,0,37.72,0
repeated-sixteenths-100,wrong-start+4,free,2.555,B1,B1,1,0,37.35,0
repeated-sixteenths-100,wrong-start+4,free,2.688,D2,D2,1,0,34.32,0
repeated-sixteenths-100,wrong-start+4,free,2.845,D2,none,0,0,-,0
repeated-sixteenths-100,wrong-start+4,free,2.998,D2,none,0,0,-,0
repeated-sixteenths-100,wrong-start+4,free,3.164,D2,none,0,0,-,0
repeated-sixteenths-100,wrong-start+4,free,3.288,F2,F2,1,0,46.82,0
repeated-sixteenths-100,wrong-start+4,free,3.457,F2,none,0,0,-,0
repeated-sixteenths-100,wrong-start+4,free,3.594,G2,G2,1,0,48.99,0
repeated-sixteenths-100,wrong-start+4,free,3.740,A2,A2,1,0,37.50,0
repeated-sixteenths-100,wrong-start+4,free,3.914,D2,D2,1,0,33.95,0
repeated-sixteenths-100,wrong-start+4,free,4.041,D2,none,0,0,-,0
repeated-sixteenths-100,wrong-start+4,free,4.187,D2,none,0,0,-,0
repeated-sixteenths-100,wrong-start+4,free,4.345,D2,none,0,0,-,0
repeated-sixteenths-100,wrong-start+4,free,4.494,C2,C2,1,0,33.80,0
repeated-sixteenths-100,wrong-start+4,free,4.663,C2,none,0,0,-,0
repeated-sixteenths-100,wrong-start+4,free,4.796,A1,A1,1,0,41.55,0
repeated-sixteenths-100,wrong-start+4,free,4.944,B1,B1,1,0,38.70,0
repeated-sixteenths-100,wrong-start+4,free,5.090,G2,G2,1,0,47.10,0
repeated-sixteenths-100,wrong-start+4,free,5.243,G2,none,0,0,-,0
repeated-sixteenths-100,wrong-start+4,free,5.390,G2,none,0,0,-,0
repeated-sixteenths-100,wrong-start+4,free,5.548,G2,none,0,0,-,0
repeated-sixteenths-100,wrong-start+4,free,5.710,A#2,A#2,1,0,40.87,0
repeated-sixteenths-100,wrong-start+4,free,5.856,A#2,none,0,0,-,0
repeated-sixteenths-100,wrong-start+4,free,5.986,C3,C3,1,0,31.44,0
repeated-sixteenths-100,wrong-start+4,free,6.141,D3,D3,1,0,34.12,0
repeated-sixteenths-100,wrong-start+4,free,6.289,G2,G2,1,0,47.86,0
repeated-sixteenths-100,wrong-start+4,free,6.449,G2,none,0,0,-,0
repeated-sixteenths-100,wrong-start+4,free,6.596,G2,none,0,0,-,0
repeated-sixteenths-100,wrong-start+4,free,6.747,G2,none,0,0,-,0
repeated-sixteenths-100,wrong-start+4,free,6.907,F2,F2,1,0,47.66,0
repeated-sixteenths-100,wrong-start+4,free,7.063,F2,none,0,0,-,0
repeated-sixteenths-100,wrong-start+4,free,7.210,D2,D2,1,0,29.67,0
repeated-sixteenths-100,wrong-start+4,free,7.354,E2,E2,1,0,48.20,0
repeated-sixteenths-100,wrong-start+4,free,7.488,G2,G2,1,0,46.89,0
repeated-sixteenths-100,wrong-start+4,free,7.641,G2,none,0,0,-,0
repeated-sixteenths-100,wrong-start+4,free,7.803,G2,none,0,0,-,0
repeated-sixteenths-100,wrong-start+4,free,7.950,G2,none,0,0,-,0
repeated-sixteenths-100,wrong-start+4,free,8.099,A#2,A#2,1,0,41.12,0
repeated-sixteenths-100,wrong-start+4,free,8.238,A#2,none,0,0,-,0
repeated-sixteenths-100,wrong-start+4,free,8.394,C3,C3,1,0,33.58,0
repeated-sixteenths-100,wrong-start+4,free,8.556,D3,D3,1,0,34.87,0
repeated-sixteenths-100,wrong-start+4,free,8.711,G2,G2,1,0,46.07,0
repeated-sixteenths-100,wrong-start+4,free,8.860,G2,none,0,0,-,0
repeated-sixteenths-100,wrong-start+4,free,8.995,G2,none,0,0,-,0
repeated-sixteenths-100,wrong-start+4,free,9.162,G2,none,0,0,-,0
repeated-sixteenths-100,wrong-start+4,free,9.297,F2,F2,1,0,45.52,0
repeated-sixteenths-100,wrong-start+4,free,9.454,F2,none,0,0,-,0
repeated-sixteenths-100,wrong-start+4,free,9.598,D2,D2,1,0,34.08,0
repeated-sixteenths-100,wrong-start+4,free,9.754,E2,E2,1,0,46.08,0
repeated-sixteenths-100,wrong-start+4,song,0.286,D2,F2,0,1,42.01,1
repeated-sixteenths-100,wrong-start+4,song,0.442,D2,none,0,0,-,0
repeated-sixteenths-100,wrong-start+4,song,0.590,D2,none,0,0,-,0
repeated-sixteenths-100,wrong-start+4,song,0.738,D2,none,0,0,-,0
repeated-sixteenths-100,wrong-start+4,song,0.914,F2,F2,1,0,46.43,0
repeated-sixteenths-100,wrong-start+4,song,1.045,F2,none,0,0,-,0
repeated-sixteenths-100,wrong-start+4,song,1.186,G2,G2,1,0,48.61,0
repeated-sixteenths-100,wrong-start+4,song,1.336,A2,A2,1,0,41.45,0
repeated-sixteenths-100,wrong-start+4,song,1.514,D2,D2,1,0,34.49,0
repeated-sixteenths-100,wrong-start+4,song,1.660,D2,none,0,0,-,0
repeated-sixteenths-100,wrong-start+4,song,1.805,D2,none,0,0,-,0
repeated-sixteenths-100,wrong-start+4,song,1.951,D2,none,0,0,-,0
repeated-sixteenths-100,wrong-start+4,song,2.107,C2,C2,1,0,33.38,0
repeated-sixteenths-100,wrong-start+4,song,2.237,C2,none,0,0,-,0
repeated-sixteenths-100,wrong-start+4,song,2.390,A1,A1,1,0,37.72,0
repeated-sixteenths-100,wrong-start+4,song,2.555,B1,B1,1,0,37.35,0
repeated-sixteenths-100,wrong-start+4,song,2.688,D2,D2,1,0,34.32,0
repeated-sixteenths-100,wrong-start+4,song,2.845,D2,none,0,0,-,0
repeated-sixteenths-100,wrong-start+4,song,2.998,D2,none,0,0,-,0
repeated-sixteenths-100,wrong-start+4,song,3.164,D2,none,0,0,-,0
repeated-sixteenths-100,wrong-start+4,song,3.288,F2,F2,1,0,46.82,0
repeated-sixteenths-100,wrong-start+4,song,3.457,F2,none,0,0,-,0
repeated-sixteenths-100,wrong-start+4,song,3.594,G2,G2,1,0,48.99,0
repeated-sixteenths-100,wrong-start+4,song,3.740,A2,A2,1,0,37.50,0
repeated-sixteenths-100,wrong-start+4,song,3.914,D2,D2,1,0,33.95,0
repeated-sixteenths-100,wrong-start+4,song,4.041,D2,none,0,0,-,0
repeated-sixteenths-100,wrong-start+4,song,4.187,D2,none,0,0,-,0
repeated-sixteenths-100,wrong-start+4,song,4.345,D2,none,0,0,-,0
repeated-sixteenths-100,wrong-start+4,song,4.494,C2,C2,1,0,33.80,0
repeated-sixteenths-100,wrong-start+4,song,4.663,C2,none,0,0,-,0
repeated-sixteenths-100,wrong-start+4,song,4.796,A1,A1,1,0,41.55,0
repeated-sixteenths-100,wrong-start+4,song,4.944,B1,B1,1,0,38.70,0
repeated-sixteenths-100,wrong-start+4,song,5.090,G2,G2,1,0,47.10,0
repeated-sixteenths-100,wrong-start+4,song,5.243,G2,none,0,0,-,0
repeated-sixteenths-100,wrong-start+4,song,5.390,G2,none,0,0,-,0
repeated-sixteenths-100,wrong-start+4,song,5.548,G2,none,0,0,-,0
repeated-sixteenths-100,wrong-start+4,song,5.710,A#2,A#2,1,0,40.87,0
repeated-sixteenths-100,wrong-start+4,song,5.856,A#2,none,0,0,-,0
repeated-sixteenths-100,wrong-start+4,song,5.986,C3,C3,1,0,31.44,0
repeated-sixteenths-100,wrong-start+4,song,6.141,D3,D3,1,0,34.12,0
repeated-sixteenths-100,wrong-start+4,song,6.289,G2,G2,1,0,47.86,0
repeated-sixteenths-100,wrong-start+4,song,6.449,G2,none,0,0,-,0
repeated-sixteenths-100,wrong-start+4,song,6.596,G2,none,0,0,-,0
repeated-sixteenths-100,wrong-start+4,song,6.747,G2,none,0,0,-,0
repeated-sixteenths-100,wrong-start+4,song,6.907,F2,F2,1,0,47.66,0
repeated-sixteenths-100,wrong-start+4,song,7.063,F2,none,0,0,-,0
repeated-sixteenths-100,wrong-start+4,song,7.210,D2,D2,1,0,29.67,0
repeated-sixteenths-100,wrong-start+4,song,7.354,E2,E2,1,0,48.20,0
repeated-sixteenths-100,wrong-start+4,song,7.488,G2,G2,1,0,46.89,0
repeated-sixteenths-100,wrong-start+4,song,7.641,G2,none,0,0,-,0
repeated-sixteenths-100,wrong-start+4,song,7.803,G2,none,0,0,-,0
repeated-sixteenths-100,wrong-start+4,song,7.950,G2,none,0,0,-,0
repeated-sixteenths-100,wrong-start+4,song,8.099,A#2,A#2,1,0,41.12,0
repeated-sixteenths-100,wrong-start+4,song,8.238,A#2,none,0,0,-,0
repeated-sixteenths-100,wrong-start+4,song,8.394,C3,C3,1,0,33.58,0
repeated-sixteenths-100,wrong-start+4,song,8.556,D3,D3,1,0,34.87,0
repeated-sixteenths-100,wrong-start+4,song,8.711,G2,G2,1,0,46.07,0
repeated-sixteenths-100,wrong-start+4,song,8.860,G2,none,0,0,-,0
repeated-sixteenths-100,wrong-start+4,song,8.995,G2,none,0,0,-,0
repeated-sixteenths-100,wrong-start+4,song,9.162,G2,none,0,0,-,0
repeated-sixteenths-100,wrong-start+4,song,9.297,F2,F2,1,0,45.52,0
repeated-sixteenths-100,wrong-start+4,song,9.454,F2,none,0,0,-,0
repeated-sixteenths-100,wrong-start+4,song,9.598,D2,D2,1,0,34.08,0
repeated-sixteenths-100,wrong-start+4,song,9.754,E2,E2,1,0,46.08,0
repeated-sixteenths-100,wrong-start+4,song+periodicity,0.286,D2,F2,0,1,42.01,1
repeated-sixteenths-100,wrong-start+4,song+periodicity,0.442,D2,F2,0,1,43.76,1
repeated-sixteenths-100,wrong-start+4,song+periodicity,0.590,D2,F2,0,1,42.36,1
repeated-sixteenths-100,wrong-start+4,song+periodicity,0.738,D2,F2,0,1,44.36,1
repeated-sixteenths-100,wrong-start+4,song+periodicity,0.914,F2,F2,1,1,6.43,0
repeated-sixteenths-100,wrong-start+4,song+periodicity,1.045,F2,F2,1,1,5.18,0
repeated-sixteenths-100,wrong-start+4,song+periodicity,1.186,G2,G2,1,1,5.94,0
repeated-sixteenths-100,wrong-start+4,song+periodicity,1.336,A2,A2,1,1,4.11,0
repeated-sixteenths-100,wrong-start+4,song+periodicity,1.514,D2,D2,1,1,5.15,0
repeated-sixteenths-100,wrong-start+4,song+periodicity,1.660,D2,D2,1,1,5.01,0
repeated-sixteenths-100,wrong-start+4,song+periodicity,1.805,D2,D2,1,1,4.72,0
repeated-sixteenths-100,wrong-start+4,song+periodicity,1.951,D2,D2,1,1,4.58,0
repeated-sixteenths-100,wrong-start+4,song+periodicity,2.107,C2,C2,1,1,5.38,0
repeated-sixteenths-100,wrong-start+4,song+periodicity,2.237,C2,C2,1,1,4.39,0
repeated-sixteenths-100,wrong-start+4,song+periodicity,2.390,A1,A1,1,1,8.38,0
repeated-sixteenths-100,wrong-start+4,song+periodicity,2.555,B1,B1,1,1,9.35,0
repeated-sixteenths-100,wrong-start+4,song+periodicity,2.688,D2,D2,1,1,6.32,0
repeated-sixteenths-100,wrong-start+4,song+periodicity,2.845,D2,D2,1,1,4.21,0
repeated-sixteenths-100,wrong-start+4,song+periodicity,2.998,D2,D2,1,1,5.74,0
repeated-sixteenths-100,wrong-start+4,song+periodicity,3.164,D2,D2,1,1,5.19,0
repeated-sixteenths-100,wrong-start+4,song+periodicity,3.288,F2,F2,1,1,4.15,0
repeated-sixteenths-100,wrong-start+4,song+periodicity,3.457,F2,F2,1,1,4.68,0
repeated-sixteenths-100,wrong-start+4,song+periodicity,3.594,G2,G2,1,1,7.65,0
repeated-sixteenths-100,wrong-start+4,song+periodicity,3.740,A2,A2,1,1,4.16,0
repeated-sixteenths-100,wrong-start+4,song+periodicity,3.914,D2,D2,1,1,5.95,0
repeated-sixteenths-100,wrong-start+4,song+periodicity,4.041,D2,D2,1,1,4.43,0
repeated-sixteenths-100,wrong-start+4,song+periodicity,4.187,D2,D2,1,1,5.24,0
repeated-sixteenths-100,wrong-start+4,song+periodicity,4.345,D2,D2,1,1,4.70,0
repeated-sixteenths-100,wrong-start+4,song+periodicity,4.494,C2,C2,1,1,8.47,0
repeated-sixteenths-100,wrong-start+4,song+periodicity,4.663,C2,C2,1,1,9.28,0
repeated-sixteenths-100,wrong-start+4,song+periodicity,4.796,A1,A1,1,1,8.22,0
repeated-sixteenths-100,wrong-start+4,song+periodicity,4.944,B1,B1,1,1,6.70,0
repeated-sixteenths-100,wrong-start+4,song+periodicity,5.090,G2,G2,1,1,5.77,0
repeated-sixteenths-100,wrong-start+4,song+periodicity,5.243,G2,G2,1,1,5.40,0
repeated-sixteenths-100,wrong-start+4,song+periodicity,5.390,G2,G2,1,1,4.82,0
repeated-sixteenths-100,wrong-start+4,song+periodicity,5.548,G2,G2,1,1,3.94,0
repeated-sixteenths-100,wrong-start+4,song+periodicity,5.710,A#2,A#2,1,1,4.87,0
repeated-sixteenths-100,wrong-start+4,song+periodicity,5.856,A#2,A#2,1,1,8.18,0
repeated-sixteenths-100,wrong-start+4,song+periodicity,5.986,C3,C3,1,1,6.11,0
repeated-sixteenths-100,wrong-start+4,song+periodicity,6.141,D3,D3,1,1,4.78,0
repeated-sixteenths-100,wrong-start+4,song+periodicity,6.289,G2,G2,1,1,6.52,0
repeated-sixteenths-100,wrong-start+4,song+periodicity,6.449,G2,G2,1,1,4.65,0
repeated-sixteenths-100,wrong-start+4,song+periodicity,6.596,G2,G2,1,1,3.59,0
repeated-sixteenths-100,wrong-start+4,song+periodicity,6.747,G2,G2,1,1,5.01,0
repeated-sixteenths-100,wrong-start+4,song+periodicity,6.907,F2,F2,1,1,4.99,0
repeated-sixteenths-100,wrong-start+4,song+periodicity,7.063,F2,F2,1,1,5.32,0
repeated-sixteenths-100,wrong-start+4,song+periodicity,7.210,D2,D2,1,1,4.34,0
repeated-sixteenths-100,wrong-start+4,song+periodicity,7.354,E2,E2,1,1,4.20,0
repeated-sixteenths-100,wrong-start+4,song+periodicity,7.488,G2,G2,1,1,5.56,0
repeated-sixteenths-100,wrong-start+4,song+periodicity,7.641,G2,G2,1,1,5.64,0
repeated-sixteenths-100,wrong-start+4,song+periodicity,7.803,G2,G2,1,1,4.57,0
repeated-sixteenths-100,wrong-start+4,song+periodicity,7.950,G2,G2,1,1,4.54,0
repeated-sixteenths-100,wrong-start+4,song+periodicity,8.099,A#2,A#2,1,1,5.12,0
repeated-sixteenths-100,wrong-start+4,song+periodicity,8.238,A#2,A#2,1,1,5.03,0
repeated-sixteenths-100,wrong-start+4,song+periodicity,8.394,C3,C3,1,1,5.58,0
repeated-sixteenths-100,wrong-start+4,song+periodicity,8.556,D3,D3,1,1,5.54,0
repeated-sixteenths-100,wrong-start+4,song+periodicity,8.711,G2,G2,1,1,7.40,0
repeated-sixteenths-100,wrong-start+4,song+periodicity,8.860,G2,G2,1,1,5.15,0
repeated-sixteenths-100,wrong-start+4,song+periodicity,8.995,G2,G2,1,1,5.43,0
repeated-sixteenths-100,wrong-start+4,song+periodicity,9.162,G2,G2,1,1,5.51,0
repeated-sixteenths-100,wrong-start+4,song+periodicity,9.297,F2,F2,1,1,6.85,0
repeated-sixteenths-100,wrong-start+4,song+periodicity,9.454,F2,F2,1,1,5.12,0
repeated-sixteenths-100,wrong-start+4,song+periodicity,9.598,D2,D2,1,1,4.75,0
repeated-sixteenths-100,wrong-start+4,song+periodicity,9.754,E2,E2,1,1,4.75,0
upper-melody-eighths-130,as-written,free,0.285,G2,G2,1,0,40.30,0
upper-melody-eighths-130,as-written,free,0.524,B2,B2,1,0,38.86,0
upper-melody-eighths-130,as-written,free,0.756,D3,D3,1,0,34.28,0
upper-melody-eighths-130,as-written,free,0.977,G3,G3,1,0,30.54,0
upper-melody-eighths-130,as-written,free,1.213,F3,F3,1,0,27.11,0
upper-melody-eighths-130,as-written,free,1.447,D3,D3,1,0,30.31,0
upper-melody-eighths-130,as-written,free,1.926,C3,C3,1,0,33.64,0
upper-melody-eighths-130,as-written,free,2.157,G2,G2,1,0,45.48,0
upper-melody-eighths-130,as-written,free,2.372,B2,B2,1,0,39.73,0
upper-melody-eighths-130,as-written,free,2.598,D3,D3,1,0,34.15,0
upper-melody-eighths-130,as-written,free,2.840,G3,G3,1,0,30.59,0
upper-melody-eighths-130,as-written,free,3.068,F3,F3,1,0,29.52,0
upper-melody-eighths-130,as-written,free,3.295,D3,D3,1,0,35.97,0
upper-melody-eighths-130,as-written,free,3.747,C3,C3,1,0,33.33,0
upper-melody-eighths-130,as-written,free,3.992,C3,none,0,0,-,0
upper-melody-eighths-130,as-written,free,4.234,E3,E3,1,0,28.37,0
upper-melody-eighths-130,as-written,free,4.447,G3,G3,1,0,27.57,0
upper-melody-eighths-130,as-written,free,4.690,C4,C4,1,0,21.53,0
upper-melody-eighths-130,as-written,free,4.913,A#3,A#3,1,0,24.04,0
upper-melody-eighths-130,as-written,free,5.148,G3,G3,1,0,29.08,0
upper-melody-eighths-130,as-written,free,5.620,F3,F3,1,0,30.22,0
upper-melody-eighths-130,as-written,free,5.833,C3,C3,1,0,34.94,0
upper-melody-eighths-130,as-written,free,6.073,E3,E3,1,0,29.56,0
upper-melody-eighths-130,as-written,free,6.305,G3,G3,1,0,26.91,0
upper-melody-eighths-130,as-written,free,6.525,C4,C4,1,0,22.75,0
upper-melody-eighths-130,as-written,free,6.773,A#3,A#3,1,0,24.19,0
upper-melody-eighths-130,as-written,free,6.989,G3,G3,1,0,28.59,0
upper-melody-eighths-130,as-written,free,7.441,F3,F3,1,0,29.21,0
upper-melody-eighths-130,as-written,free,7.683,G2,G2,1,0,47.82,0
upper-melody-eighths-130,as-written,free,7.909,B2,B2,1,0,38.71,0
upper-melody-eighths-130,as-written,free,8.161,D3,D3,1,0,31.49,0
upper-melody-eighths-130,as-written,free,8.377,G3,G3,1,0,30.57,0
upper-melody-eighths-130,as-written,free,8.612,F3,F3,1,0,27.79,0
upper-melody-eighths-130,as-written,free,8.836,D3,D3,1,0,34.41,0
upper-melody-eighths-130,as-written,free,9.305,C3,C3,1,0,31.88,0
upper-melody-eighths-130,as-written,free,9.523,G2,G2,1,0,47.38,0
upper-melody-eighths-130,as-written,free,9.767,B2,B2,1,0,40.55,0
upper-melody-eighths-130,as-written,free,10.005,D3,D3,1,0,34.65,0
upper-melody-eighths-130,as-written,free,10.223,G3,G3,1,0,27.27,0
upper-melody-eighths-130,as-written,free,10.465,F3,F3,1,0,27.20,0
upper-melody-eighths-130,as-written,free,10.676,D3,D3,1,0,34.52,0
upper-melody-eighths-130,as-written,free,11.156,C3,C3,1,0,32.45,0
upper-melody-eighths-130,as-written,free,11.384,C3,none,0,0,-,0
upper-melody-eighths-130,as-written,free,11.601,E3,E3,1,0,29.42,0
upper-melody-eighths-130,as-written,free,11.850,G3,G3,1,0,27.19,0
upper-melody-eighths-130,as-written,free,12.063,C4,C4,1,0,22.12,0
upper-melody-eighths-130,as-written,free,12.305,A#3,A#3,1,0,23.49,0
upper-melody-eighths-130,as-written,free,12.546,G3,G3,1,0,29.01,0
upper-melody-eighths-130,as-written,free,12.997,F3,F3,1,0,28.78,0
upper-melody-eighths-130,as-written,free,13.220,C3,C3,1,0,31.65,0
upper-melody-eighths-130,as-written,free,13.458,E3,E3,1,0,27.54,0
upper-melody-eighths-130,as-written,free,13.698,G3,G3,1,0,29.73,0
upper-melody-eighths-130,as-written,free,13.915,C4,C4,1,0,22.80,0
upper-melody-eighths-130,as-written,free,14.140,A#3,A#3,1,0,25.43,0
upper-melody-eighths-130,as-written,free,14.385,G3,G3,1,0,26.72,0
upper-melody-eighths-130,as-written,free,14.849,F3,F3,1,0,27.92,0
upper-melody-eighths-130,as-written,song,0.285,G2,G2,1,1,2.97,0
upper-melody-eighths-130,as-written,song,0.524,B2,B2,1,0,38.86,0
upper-melody-eighths-130,as-written,song,0.756,D3,D3,1,0,34.28,0
upper-melody-eighths-130,as-written,song,0.977,G3,G3,1,0,30.54,0
upper-melody-eighths-130,as-written,song,1.213,F3,F3,1,0,27.11,0
upper-melody-eighths-130,as-written,song,1.447,D3,D3,1,0,30.31,0
upper-melody-eighths-130,as-written,song,1.926,C3,C3,1,0,33.64,0
upper-melody-eighths-130,as-written,song,2.157,G2,G2,1,0,45.48,0
upper-melody-eighths-130,as-written,song,2.372,B2,B2,1,0,39.73,0
upper-melody-eighths-130,as-written,song,2.598,D3,D3,1,0,34.15,0
upper-melody-eighths-130,as-written,song,2.840,G3,G3,1,0,30.59,0
upper-melody-eighths-130,as-written,song,3.068,F3,F3,1,0,29.52,0
upper-melody-eighths-130,as-written,song,3.295,D3,D3,1,0,35.97,0
upper-melody-eighths-130,as-written,song,3.747,C3,C3,1,0,33.33,0
upper-melody-eighths-130,as-written,song,3.992,C3,none,0,0,-,0
upper-melody-eighths-130,as-written,song,4.234,E3,E3,1,0,28.37,0
upper-melody-eighths-130,as-written,song,4.447,G3,G3,1,0,27.57,0
upper-melody-eighths-130,as-written,song,4.690,C4,C4,1,0,21.53,0
upper-melody-eighths-130,as-written,song,4.913,A#3,A#3,1,0,24.04,0
upper-melody-eighths-130,as-written,song,5.148,G3,G3,1,0,29.08,0
upper-melody-eighths-130,as-written,song,5.620,F3,F3,1,0,30.22,0
upper-melody-eighths-130,as-written,song,5.833,C3,C3,1,0,34.94,0
upper-melody-eighths-130,as-written,song,6.073,E3,E3,1,0,29.56,0
upper-melody-eighths-130,as-written,song,6.305,G3,G3,1,0,26.91,0
upper-melody-eighths-130,as-written,song,6.525,C4,C4,1,0,22.75,0
upper-melody-eighths-130,as-written,song,6.773,A#3,A#3,1,0,24.19,0
upper-melody-eighths-130,as-written,song,6.989,G3,G3,1,0,28.59,0
upper-melody-eighths-130,as-written,song,7.441,F3,F3,1,0,29.21,0
upper-melody-eighths-130,as-written,song,7.683,G2,G2,1,0,47.82,0
upper-melody-eighths-130,as-written,song,7.909,B2,B2,1,0,38.71,0
upper-melody-eighths-130,as-written,song,8.161,D3,D3,1,0,31.49,0
upper-melody-eighths-130,as-written,song,8.377,G3,G3,1,0,30.57,0
upper-melody-eighths-130,as-written,song,8.612,F3,F3,1,0,27.79,0
upper-melody-eighths-130,as-written,song,8.836,D3,D3,1,0,34.41,0
upper-melody-eighths-130,as-written,song,9.305,C3,C3,1,1,5.21,0
upper-melody-eighths-130,as-written,song,9.523,G2,G2,1,0,47.38,0
upper-melody-eighths-130,as-written,song,9.767,B2,B2,1,0,40.55,0
upper-melody-eighths-130,as-written,song,10.005,D3,D3,1,0,34.65,0
upper-melody-eighths-130,as-written,song,10.223,G3,G3,1,0,27.27,0
upper-melody-eighths-130,as-written,song,10.465,F3,F3,1,0,27.20,0
upper-melody-eighths-130,as-written,song,10.676,D3,D3,1,0,34.52,0
upper-melody-eighths-130,as-written,song,11.156,C3,C3,1,0,32.45,0
upper-melody-eighths-130,as-written,song,11.384,C3,none,0,0,-,0
upper-melody-eighths-130,as-written,song,11.601,E3,E3,1,0,29.42,0
upper-melody-eighths-130,as-written,song,11.850,G3,G3,1,0,27.19,0
upper-melody-eighths-130,as-written,song,12.063,C4,C4,1,0,22.12,0
upper-melody-eighths-130,as-written,song,12.305,A#3,A#3,1,0,23.49,0
upper-melody-eighths-130,as-written,song,12.546,G3,G3,1,0,29.01,0
upper-melody-eighths-130,as-written,song,12.997,F3,F3,1,0,28.78,0
upper-melody-eighths-130,as-written,song,13.220,C3,C3,1,0,31.65,0
upper-melody-eighths-130,as-written,song,13.458,E3,E3,1,0,27.54,0
upper-melody-eighths-130,as-written,song,13.698,G3,G3,1,0,29.73,0
upper-melody-eighths-130,as-written,song,13.915,C4,C4,1,0,22.80,0
upper-melody-eighths-130,as-written,song,14.140,A#3,A#3,1,0,25.43,0
upper-melody-eighths-130,as-written,song,14.385,G3,G3,1,0,26.72,0
upper-melody-eighths-130,as-written,song,14.849,F3,F3,1,0,27.92,0
upper-melody-eighths-130,as-written,song+periodicity,0.285,G2,G2,1,1,2.97,0
upper-melody-eighths-130,as-written,song+periodicity,0.524,B2,B2,1,1,4.20,0
upper-melody-eighths-130,as-written,song+periodicity,0.756,D3,D3,1,1,3.61,0
upper-melody-eighths-130,as-written,song+periodicity,0.977,G3,G3,1,1,5.21,0
upper-melody-eighths-130,as-written,song+periodicity,1.213,F3,F3,1,1,5.77,0
upper-melody-eighths-130,as-written,song+periodicity,1.447,D3,D3,1,1,4.97,0
upper-melody-eighths-130,as-written,song+periodicity,1.926,C3,C3,1,1,4.31,0
upper-melody-eighths-130,as-written,song+periodicity,2.157,G2,G2,1,1,4.14,0
upper-melody-eighths-130,as-written,song+periodicity,2.372,B2,B2,1,1,5.06,0
upper-melody-eighths-130,as-written,song+periodicity,2.598,D3,D3,1,1,4.82,0
upper-melody-eighths-130,as-written,song+periodicity,2.840,G3,G3,1,1,3.92,0
upper-melody-eighths-130,as-written,song+periodicity,3.068,F3,F3,1,1,4.19,0
upper-melody-eighths-130,as-written,song+periodicity,3.295,D3,D3,1,1,5.30,0
upper-melody-eighths-130,as-written,song+periodicity,3.747,C3,C3,1,1,5.33,0
upper-melody-eighths-130,as-written,song+periodicity,3.992,C3,C3,1,1,5.46,0
upper-melody-eighths-130,as-written,song+periodicity,4.234,E3,E3,1,1,5.70,0
upper-melody-eighths-130,as-written,song+periodicity,4.447,G3,G3,1,1,7.57,0
upper-melody-eighths-130,as-written,song+periodicity,4.690,C4,C4,1,1,5.53,0
upper-melody-eighths-130,as-written,song+periodicity,4.913,A#3,A#3,1,1,4.04,0
upper-melody-eighths-130,as-written,song+periodicity,5.148,G3,G3,1,1,6.41,0
upper-melody-eighths-130,as-written,song+periodicity,5.620,F3,F3,1,1,3.55,0
upper-melody-eighths-130,as-written,song+periodicity,5.833,C3,C3,1,1,5.61,0
upper-melody-eighths-130,as-written,song+periodicity,6.073,E3,E3,1,1,4.22,0
upper-melody-eighths-130,as-written,song+periodicity,6.305,G3,G3,1,1,4.24,0
upper-melody-eighths-130,as-written,song+periodicity,6.525,C4,C4,1,1,5.42,0
upper-melody-eighths-130,as-written,song+periodicity,6.773,A#3,A#3,1,1,5.52,0
upper-melody-eighths-130,as-written,song+periodicity,6.989,G3,G3,1,1,4.59,0
upper-melody-eighths-130,as-written,song+periodicity,7.441,F3,F3,1,1,5.21,0
upper-melody-eighths-130,as-written,song+periodicity,7.683,G2,G2,1,1,5.15,0
upper-melody-eighths-130,as-written,song+periodicity,7.909,B2,B2,1,1,4.04,0
upper-melody-eighths-130,as-written,song+periodicity,8.161,D3,D3,1,1,6.15,0
upper-melody-eighths-130,as-written,song+periodicity,8.377,G3,G3,1,1,3.91,0
upper-melody-eighths-130,as-written,song+periodicity,8.612,F3,F3,1,1,6.46,0
upper-melody-eighths-130,as-written,song+periodicity,8.836,D3,D3,1,1,5.07,0
upper-melody-eighths-130,as-written,song+periodicity,9.305,C3,C3,1,1,5.21,0
upper-melody-eighths-130,as-written,song+periodicity,9.523,G2,G2,1,1,4.72,0
upper-melody-eighths-130,as-written,song+periodicity,9.767,B2,B2,1,1,4.55,0
upper-melody-eighths-130,as-written,song+periodicity,10.005,D3,D3,1,1,3.99,0
upper-melody-eighths-130,as-written,song+periodicity,10.223,G3,G3,1,1,4.60,0
upper-melody-eighths-130,as-written,song+periodicity,10.465,F3,F3,1,1,4.54,0
upper-melody-eighths-130,as-written,song+periodicity,10.676,D3,D3,1,1,6.52,0
upper-melody-eighths-130,as-written,song+periodicity,11.156,C3,C3,1,1,4.45,0
upper-melody-eighths-130,as-written,song+periodicity,11.384,C3,C3,1,1,3.83,0
upper-melody-eighths-130,as-written,song+periodicity,11.601,E3,E3,1,1,4.09,0
upper-melody-eighths-130,as-written,song+periodicity,11.850,G3,G3,1,1,5.86,0
upper-melody-eighths-130,as-written,song+periodicity,12.063,C4,C4,1,1,6.12,0
upper-melody-eighths-130,as-written,song+periodicity,12.305,A#3,A#3,1,1,7.49,0
upper-melody-eighths-130,as-written,song+periodicity,12.546,G3,G3,1,1,5.01,0
upper-melody-eighths-130,as-written,song+periodicity,12.997,F3,F3,1,1,3.44,0
upper-melody-eighths-130,as-written,song+periodicity,13.220,C3,C3,1,1,4.99,0
upper-melody-eighths-130,as-written,song+periodicity,13.458,E3,E3,1,1,8.87,0
upper-melody-eighths-130,as-written,song+periodicity,13.698,G3,G3,1,1,4.40,0
upper-melody-eighths-130,as-written,song+periodicity,13.915,C4,C4,1,1,4.13,0
upper-melody-eighths-130,as-written,song+periodicity,14.140,A#3,A#3,1,1,4.10,0
upper-melody-eighths-130,as-written,song+periodicity,14.385,G3,G3,1,1,5.39,0
upper-melody-eighths-130,as-written,song+periodicity,14.849,F3,F3,1,1,3.92,0
upper-melody-eighths-130,tempo+8%,free,0.285,G2,G2,1,0,40.12,0
upper-melody-eighths-130,tempo+8%,free,0.524,B2,B2,1,0,40.93,0
upper-melody-eighths-130,tempo+8%,free,0.715,D3,D3,1,0,35.76,0
upper-melody-eighths-130,tempo+8%,free,0.948,G3,G3,1,0,28.98,0
upper-melody-eighths-130,tempo+8%,free,1.144,F3,F3,1,0,28.10,0
upper-melody-eighths-130,tempo+8%,free,1.367,D3,D3,1,0,29.87,0
upper-melody-eighths-130,tempo+8%,free,1.798,C3,C3,1,0,34.18,0
upper-melody-eighths-130,tempo+8%,free,1.997,G2,G2,1,0,45.69,0
upper-melody-eighths-130,tempo+8%,free,2.230,B2,B2,1,0,38.09,0
upper-melody-eighths-130,tempo+8%,free,2.423,D3,D3,1,0,34.01,0
upper-melody-eighths-130,tempo+8%,free,2.649,G3,G3,1,0,28.60,0
upper-melody-eighths-130,tempo+8%,free,2.876,F3,F3,1,0,29.03,0
upper-melody-eighths-130,tempo+8%,free,3.077,D3,D3,1,0,33.19,0
upper-melody-eighths-130,tempo+8%,free,3.498,C3,C3,1,0,34.35,0
upper-melody-eighths-130,tempo+8%,free,3.732,C3,none,0,0,-,0
upper-melody-eighths-130,tempo+8%,free,3.945,E3,E3,1,0,26.92,0
upper-melody-eighths-130,tempo+8%,free,4.154,G3,G3,1,0,29.06,0
upper-melody-eighths-130,tempo+8%,free,4.366,C4,C4,1,0,21.53,0
upper-melody-eighths-130,tempo+8%,free,4.574,A#3,A#3,1,0,25.70,0
upper-melody-eighths-130,tempo+8%,free,4.779,G3,G3,1,0,29.28,0
upper-melody-eighths-130,tempo+8%,free,5.206,F3,F3,1,0,28.71,0
upper-melody-eighths-130,tempo+8%,free,5.431,C3,C3,1,0,34.24,0
upper-melody-eighths-130,tempo+8%,free,5.655,E3,E3,1,0,27.28,0
upper-melody-eighths-130,tempo+8%,free,5.863,G3,G3,1,0,28.70,0
upper-melody-eighths-130,tempo+8%,free,6.076,C4,C4,1,0,20.87,0
upper-melody-eighths-130,tempo+8%,free,6.277,A#3,A#3,1,0,25.31,0
upper-melody-eighths-130,tempo+8%,free,6.493,G3,G3,1,0,27.07,0
upper-melody-eighths-130,tempo+8%,free,6.920,F3,F3,1,0,28.44,0
upper-melody-eighths-130,tempo+8%,free,7.132,G2,G2,1,0,45.04,0
upper-melody-eighths-130,tempo+8%,free,7.350,B2,B2,1,0,38.33,0
upper-melody-eighths-130,tempo+8%,free,7.552,D3,D3,1,0,33.73,0
upper-melody-eighths-130,tempo+8%,free,7.791,G3,G3,1,0,28.65,0
upper-melody-eighths-130,tempo+8%,free,7.985,F3,F3,1,0,27.30,0
upper-melody-eighths-130,tempo+8%,free,8.191,D3,D3,1,0,33.87,0
upper-melody-eighths-130,tempo+8%,free,8.646,C3,C3,1,0,34.43,0
upper-melody-eighths-130,tempo+8%,free,8.857,G2,G2,1,0,46.02,0
upper-melody-eighths-130,tempo+8%,free,9.073,B2,B2,1,0,39.18,0
upper-melody-eighths-130,tempo+8%,free,9.282,D3,D3,1,0,35.05,0
upper-melody-eighths-130,tempo+8%,free,9.495,G3,G3,1,0,27.58,0
upper-melody-eighths-130,tempo+8%,free,9.688,F3,F3,1,0,29.73,0
upper-melody-eighths-130,tempo+8%,free,9.918,D3,D3,1,0,32.49,0
upper-melody-eighths-130,tempo+8%,free,10.329,C3,C3,1,0,30.94,0
upper-melody-eighths-130,tempo+8%,free,10.558,C3,none,0,0,-,0
upper-melody-eighths-130,tempo+8%,free,10.775,E3,E3,1,0,30.20,0
upper-melody-eighths-130,tempo+8%,free,10.997,G3,G3,1,0,30.79,0
upper-melody-eighths-130,tempo+8%,free,11.205,C4,C4,1,0,23.37,0
upper-melody-eighths-130,tempo+8%,free,11.421,A#3,A#3,1,0,23.93,0
upper-melody-eighths-130,tempo+8%,free,11.620,G3,G3,1,0,28.35,0
upper-melody-eighths-130,tempo+8%,free,12.064,F3,F3,1,0,26.69,0
upper-melody-eighths-130,tempo+8%,free,12.263,C3,C3,1,0,33.89,0
upper-melody-eighths-130,tempo+8%,free,12.467,E3,E3,1,0,30.15,0
upper-melody-eighths-130,tempo+8%,free,12.703,G3,G3,1,0,29.24,0
upper-melody-eighths-130,tempo+8%,free,12.921,C4,C4,1,0,21.45,0
upper-melody-eighths-130,tempo+8%,free,13.115,A#3,A#3,1,0,24.79,0
upper-melody-eighths-130,tempo+8%,free,13.344,G3,G3,1,0,27.85,0
upper-melody-eighths-130,tempo+8%,free,13.768,F3,F3,1,0,29.05,0
upper-melody-eighths-130,tempo+8%,song,0.285,G2,G2,1,1,2.78,0
upper-melody-eighths-130,tempo+8%,song,0.524,B2,B2,1,0,40.93,0
upper-melody-eighths-130,tempo+8%,song,0.715,D3,D3,1,0,35.76,0
upper-melody-eighths-130,tempo+8%,song,0.948,G3,G3,1,0,28.98,0
upper-melody-eighths-130,tempo+8%,song,1.144,F3,F3,1,0,28.10,0
upper-melody-eighths-130,tempo+8%,song,1.367,D3,D3,1,0,29.87,0
upper-melody-eighths-130,tempo+8%,song,1.798,C3,C3,1,0,34.18,0
upper-melody-eighths-130,tempo+8%,song,1.997,G2,G2,1,0,45.69,0
upper-melody-eighths-130,tempo+8%,song,2.230,B2,B2,1,0,38.09,0
upper-melody-eighths-130,tempo+8%,song,2.423,D3,D3,1,0,34.01,0
upper-melody-eighths-130,tempo+8%,song,2.649,G3,G3,1,0,28.60,0
upper-melody-eighths-130,tempo+8%,song,2.876,F3,F3,1,0,29.03,0
upper-melody-eighths-130,tempo+8%,song,3.077,D3,D3,1,0,33.19,0
upper-melody-eighths-130,tempo+8%,song,3.498,C3,C3,1,0,34.35,0
upper-melody-eighths-130,tempo+8%,song,3.732,C3,none,0,0,-,0
upper-melody-eighths-130,tempo+8%,song,3.945,E3,E3,1,0,26.92,0
upper-melody-eighths-130,tempo+8%,song,4.154,G3,G3,1,0,29.06,0
upper-melody-eighths-130,tempo+8%,song,4.366,C4,C4,1,0,21.53,0
upper-melody-eighths-130,tempo+8%,song,4.574,A#3,A#3,1,0,25.70,0
upper-melody-eighths-130,tempo+8%,song,4.779,G3,G3,1,0,29.28,0
upper-melody-eighths-130,tempo+8%,song,5.206,F3,F3,1,0,28.71,0
upper-melody-eighths-130,tempo+8%,song,5.431,C3,C3,1,0,34.24,0
upper-melody-eighths-130,tempo+8%,song,5.655,E3,E3,1,0,27.28,0
upper-melody-eighths-130,tempo+8%,song,5.863,G3,G3,1,0,28.70,0
upper-melody-eighths-130,tempo+8%,song,6.076,C4,C4,1,0,20.87,0
upper-melody-eighths-130,tempo+8%,song,6.277,A#3,A#3,1,0,25.31,0
upper-melody-eighths-130,tempo+8%,song,6.493,G3,G3,1,0,27.07,0
upper-melody-eighths-130,tempo+8%,song,6.920,F3,F3,1,0,28.44,0
upper-melody-eighths-130,tempo+8%,song,7.132,G2,G2,1,0,45.04,0
upper-melody-eighths-130,tempo+8%,song,7.350,B2,B2,1,0,38.33,0
upper-melody-eighths-130,tempo+8%,song,7.552,D3,D3,1,0,33.73,0
upper-melody-eighths-130,tempo+8%,song,7.791,G3,G3,1,0,28.65,0
upper-melody-eighths-130,tempo+8%,song,7.985,F3,F3,1,0,27.30,0
upper-melody-eighths-130,tempo+8%,song,8.191,D3,D3,1,0,33.87,0
upper-melody-eighths-130,tempo+8%,song,8.646,C3,C3,1,1,13.10,0
upper-melody-eighths-130,tempo+8%,song,8.857,G2,G2,1,0,46.02,0
upper-melody-eighths-130,tempo+8%,song,9.073,B2,B2,1,0,39.18,0
upper-melody-eighths-130,tempo+8%,song,9.282,D3,D3,1,0,35.05,0
upper-melody-eighths-130,tempo+8%,song,9.495,G3,G3,1,0,27.58,0
upper-melody-eighths-130,tempo+8%,song,9.688,F3,F3,1,0,29.73,0
upper-melody-eighths-130,tempo+8%,song,9.918,D3,D3,1,0,32.49,0
upper-melody-eighths-130,tempo+8%,song,10.329,C3,C3,1,0,30.94,0
upper-melody-eighths-130,tempo+8%,song,10.558,C3,none,0,0,-,0
upper-melody-eighths-130,tempo+8%,song,10.775,E3,E3,1,0,30.20,0
upper-melody-eighths-130,tempo+8%,song,10.997,G3,G3,1,0,30.79,0
upper-melody-eighths-130,tempo+8%,song,11.205,C4,C4,1,0,23.37,0
upper-melody-eighths-130,tempo+8%,song,11.421,A#3,A#3,1,0,23.93,0
upper-melody-eighths-130,tempo+8%,song,11.620,G3,G3,1,0,28.35,0
upper-melody-eighths-130,tempo+8%,song,12.064,F3,F3,1,0,26.69,0
upper-melody-eighths-130,tempo+8%,song,12.263,C3,C3,1,0,33.89,0
upper-melody-eighths-130,tempo+8%,song,12.467,E3,E3,1,0,30.15,0
upper-melody-eighths-130,tempo+8%,song,12.703,G3,G3,1,0,29.24,0
upper-melody-eighths-130,tempo+8%,song,12.921,C4,C4,1,0,21.45,0
upper-melody-eighths-130,tempo+8%,song,13.115,A#3,A#3,1,0,24.79,0
upper-melody-eighths-130,tempo+8%,song,13.344,G3,G3,1,0,27.85,0
upper-melody-eighths-130,tempo+8%,song,13.768,F3,F3,1,0,29.05,0
upper-melody-eighths-130,tempo+8%,song+periodicity,0.285,G2,G2,1,1,2.78,0
upper-melody-eighths-130,tempo+8%,song+periodicity,0.524,B2,B2,1,1,3.60,0
upper-melody-eighths-130,tempo+8%,song+periodicity,0.715,D3,D3,1,1,5.09,0
upper-melody-eighths-130,tempo+8%,song+periodicity,0.948,G3,G3,1,1,4.98,0
upper-melody-eighths-130,tempo+8%,song+periodicity,1.144,F3,F3,1,1,4.10,0
upper-melody-eighths-130,tempo+8%,song+periodicity,1.367,D3,D3,1,1,4.54,0
upper-melody-eighths-130,tempo+8%,song+periodicity,1.798,C3,C3,1,1,6.18,0
upper-melody-eighths-130,tempo+8%,song+periodicity,1.997,G2,G2,1,1,5.69,0
upper-melody-eighths-130,tempo+8%,song+periodicity,2.230,B2,B2,1,1,4.76,0
upper-melody-eighths-130,tempo+8%,song+periodicity,2.423,D3,D3,1,1,4.68,0
upper-melody-eighths-130,tempo+8%,song+periodicity,2.649,G3,G3,1,1,5.93,0
upper-melody-eighths-130,tempo+8%,song+periodicity,2.876,F3,F3,1,1,5.03,0
upper-melody-eighths-130,tempo+8%,song+periodicity,3.077,D3,D3,1,1,6.52,0
upper-melody-eighths-130,tempo+8%,song+periodicity,3.498,C3,C3,1,1,5.02,0
upper-melody-eighths-130,tempo+8%,song+periodicity,3.732,C3,C3,1,1,4.28,0
upper-melody-eighths-130,tempo+8%,song+periodicity,3.945,E3,E3,1,1,5.58,0
upper-melody-eighths-130,tempo+8%,song+periodicity,4.154,G3,G3,1,1,5.06,0
upper-melody-eighths-130,tempo+8%,song+periodicity,4.366,C4,C4,1,1,5.53,0
upper-melody-eighths-130,tempo+8%,song+periodicity,4.574,A#3,A#3,1,1,4.36,0
upper-melody-eighths-130,tempo+8%,song+periodicity,4.779,G3,G3,1,1,6.61,0
upper-melody-eighths-130,tempo+8%,song+periodicity,5.206,F3,F3,1,1,4.71,0
upper-melody-eighths-130,tempo+8%,song+periodicity,5.431,C3,C3,1,1,4.91,0
upper-melody-eighths-130,tempo+8%,song+periodicity,5.655,E3,E3,1,1,4.61,0
upper-melody-eighths-130,tempo+8%,song+periodicity,5.863,G3,G3,1,1,4.70,0
upper-melody-eighths-130,tempo+8%,song+periodicity,6.076,C4,C4,1,1,4.87,0
upper-melody-eighths-130,tempo+8%,song+periodicity,6.277,A#3,A#3,1,1,3.98,0
upper-melody-eighths-130,tempo+8%,song+periodicity,6.493,G3,G3,1,1,4.40,0
upper-melody-eighths-130,tempo+8%,song+periodicity,6.920,F3,F3,1,1,4.44,0
upper-melody-eighths-130,tempo+8%,song+periodicity,7.132,G2,G2,1,1,5.04,0
upper-melody-eighths-130,tempo+8%,song+periodicity,7.350,B2,B2,1,1,5.00,0
upper-melody-eighths-130,tempo+8%,song+periodicity,7.552,D3,D3,1,1,7.07,0
upper-melody-eighths-130,tempo+8%,song+periodicity,7.791,G3,G3,1,1,8.65,0
upper-melody-eighths-130,tempo+8%,song+periodicity,7.985,F3,F3,1,1,4.63,0
upper-melody-eighths-130,tempo+8%,song+periodicity,8.191,D3,D3,1,1,4.54,0
upper-melody-eighths-130,tempo+8%,song+periodicity,8.646,C3,C3,1,1,5.10,0
upper-melody-eighths-130,tempo+8%,song+periodicity,8.857,G2,G2,1,1,4.69,0
upper-melody-eighths-130,tempo+8%,song+periodicity,9.073,B2,B2,1,1,5.84,0
upper-melody-eighths-130,tempo+8%,song+periodicity,9.282,D3,D3,1,1,5.72,0
upper-melody-eighths-130,tempo+8%,song+periodicity,9.495,G3,G3,1,1,10.25,0
upper-melody-eighths-130,tempo+8%,song+periodicity,9.688,F3,F3,1,1,4.39,0
upper-melody-eighths-130,tempo+8%,song+periodicity,9.918,D3,D3,1,1,5.83,0
upper-melody-eighths-130,tempo+8%,song+periodicity,10.329,C3,C3,1,1,4.28,0
upper-melody-eighths-130,tempo+8%,song+periodicity,10.558,C3,C3,1,1,4.81,0
upper-melody-eighths-130,tempo+8%,song+periodicity,10.775,E3,E3,1,1,4.87,0
upper-melody-eighths-130,tempo+8%,song+periodicity,10.997,G3,G3,1,1,5.45,0
upper-melody-eighths-130,tempo+8%,song+periodicity,11.205,C4,C4,1,1,4.71,0
upper-melody-eighths-130,tempo+8%,song+periodicity,11.421,A#3,A#3,1,1,5.26,0
upper-melody-eighths-130,tempo+8%,song+periodicity,11.620,G3,G3,1,1,4.35,0
upper-melody-eighths-130,tempo+8%,song+periodicity,12.064,F3,F3,1,1,5.36,0
upper-melody-eighths-130,tempo+8%,song+periodicity,12.263,C3,C3,1,1,5.89,0
upper-melody-eighths-130,tempo+8%,song+periodicity,12.467,E3,E3,1,1,4.82,0
upper-melody-eighths-130,tempo+8%,song+periodicity,12.703,G3,G3,1,1,5.24,0
upper-melody-eighths-130,tempo+8%,song+periodicity,12.921,C4,C4,1,1,6.78,0
upper-melody-eighths-130,tempo+8%,song+periodicity,13.115,A#3,A#3,1,1,6.13,0
upper-melody-eighths-130,tempo+8%,song+periodicity,13.344,G3,G3,1,1,3.85,0
upper-melody-eighths-130,tempo+8%,song+periodicity,13.768,F3,F3,1,1,5.05,0
upper-melody-eighths-130,variations-10%,free,0.285,G2,G2,1,0,39.93,0
upper-melody-eighths-130,variations-10%,free,0.531,B2,B2,1,0,39.37,0
upper-melody-eighths-130,variations-10%,free,0.753,D3,D3,1,0,34.69,0
upper-melody-eighths-130,variations-10%,free,0.979,G3,G3,1,0,29.38,0
upper-melody-eighths-130,variations-10%,free,1.219,F3,F3,1,0,26.78,0
upper-melody-eighths-130,variations-10%,free,1.451,D3,D3,1,0,33.99,0
upper-melody-eighths-130,variations-10%,free,1.913,C3,C3,1,0,34.93,0
upper-melody-eighths-130,variations-10%,free,2.135,G2,G2,1,0,44.76,0
upper-melody-eighths-130,variations-10%,free,2.372,B2,B2,1,0,40.41,0
upper-melody-eighths-130,variations-10%,free,2.622,D3,D3,1,0,33.02,0
upper-melody-eighths-130,variations-10%,free,2.831,G3,G3,1,0,28.99,0
upper-melody-eighths-130,variations-10%,free,3.078,F3,F3,1,0,29.75,0
upper-melody-eighths-130,variations-10%,free,3.310,E3,E3,1,0,30.28,0
upper-melody-eighths-130,variations-10%,free,3.751,C3,C3,1,0,34.25,0
upper-melody-eighths-130,variations-10%,free,4.006,C3,none,0,0,-,0
upper-melody-eighths-130,variations-10%,free,4.236,E3,E3,1,0,29.40,0
upper-melody-eighths-130,variations-10%,free,4.450,G#3,G#3,1,0,24.26,0
upper-melody-eighths-130,variations-10%,free,4.672,C4,C4,1,0,20.45,0
upper-melody-eighths-130,variations-10%,free,4.900,A#3,A#3,1,0,24.90,0
upper-melody-eighths-130,variations-10%,free,5.136,G3,G3,1,0,29.46,0
upper-melody-eighths-130,variations-10%,free,5.618,F3,F3,1,0,30.03,0
upper-melody-eighths-130,variations-10%,free,5.825,C3,C3,1,0,35.20,0
upper-melody-eighths-130,variations-10%,free,6.062,E3,E3,1,0,28.51,0
upper-melody-eighths-130,variations-10%,free,6.307,G3,G3,1,0,28.02,0
upper-melody-eighths-130,variations-10%,free,6.531,C4,C4,1,0,21.24,0
upper-melody-eighths-130,variations-10%,free,6.764,A#3,A#3,1,0,24.12,0
upper-melody-eighths-130,variations-10%,free,6.982,F#3,F#3,1,0,28.88,0
upper-melody-eighths-130,variations-10%,free,7.451,F3,F3,1,0,26.32,0
upper-melody-eighths-130,variations-10%,free,7.699,G2,G2,1,0,46.20,0
upper-melody-eighths-130,variations-10%,free,7.927,B2,B2,1,0,38.31,0
upper-melody-eighths-130,variations-10%,free,8.151,D3,D3,1,0,34.66,0
upper-melody-eighths-130,variations-10%,free,8.372,G3,G3,1,0,28.39,0
upper-melody-eighths-130,variations-10%,free,8.595,F3,F3,1,0,30.69,0
upper-melody-eighths-130,variations-10%,free,8.848,D3,D3,1,0,34.34,0
upper-melody-eighths-130,variations-10%,free,9.300,C3,C3,1,0,32.29,0
upper-melody-eighths-130,variations-10%,free,9.542,G2,G2,1,0,45.86,0
upper-melody-eighths-130,variations-10%,free,9.759,B2,B2,1,0,40.52,0
upper-melody-eighths-130,variations-10%,free,9.991,D3,D3,1,0,34.08,0
upper-melody-eighths-130,variations-10%,free,10.234,G3,G3,1,0,29.11,0
upper-melody-eighths-130,variations-10%,free,10.440,F3,F3,1,0,31.10,0
upper-melody-eighths-130,variations-10%,free,10.693,D3,D3,1,0,32.11,0
upper-melody-eighths-130,variations-10%,free,11.154,C3,C3,1,0,34.01,0
upper-melody-eighths-130,variations-10%,free,11.390,C3,none,0,0,-,0
upper-melody-eighths-130,variations-10%,free,11.609,E3,E3,1,0,28.81,0
upper-melody-eighths-130,variations-10%,free,11.826,F3,F3,1,0,28.75,0
upper-melody-eighths-130,variations-10%,free,12.080,C4,C4,1,0,22.22,0
upper-melody-eighths-130,variations-10%,free,12.304,A#3,A#3,1,0,26.72,0
upper-melody-eighths-130,variations-10%,free,12.537,G3,G3,1,0,30.87,0
upper-melody-eighths-130,variations-10%,free,13.000,F3,F3,1,0,30.36,0
upper-melody-eighths-130,variations-10%,free,13.227,C3,C3,1,0,33.36,0
upper-melody-eighths-130,variations-10%,free,13.452,E3,E3,1,0,30.23,0
upper-melody-eighths-130,variations-10%,free,13.672,G3,G3,1,0,27.73,0
upper-melody-eighths-130,variations-10%,free,13.930,C4,C4,1,0,22.46,0
upper-melody-eighths-130,variations-10%,free,14.136,A#3,A#3,1,0,24.28,0
upper-melody-eighths-130,variations-10%,free,14.384,G3,G3,1,0,28.36,0
upper-melody-eighths-130,variations-10%,free,14.843,F3,F3,1,0,28.67,0
upper-melody-eighths-130,variations-10%,song,0.285,G2,G2,1,1,2.59,0
upper-melody-eighths-130,variations-10%,song,0.531,B2,B2,1,0,39.37,0
upper-melody-eighths-130,variations-10%,song,0.753,D3,D3,1,0,34.69,0
upper-melody-eighths-130,variations-10%,song,0.979,G3,G3,1,0,29.38,0
upper-melody-eighths-130,variations-10%,song,1.219,F3,F3,1,0,26.78,0
upper-melody-eighths-130,variations-10%,song,1.451,D3,D3,1,0,33.99,0
upper-melody-eighths-130,variations-10%,song,1.913,C3,C3,1,0,34.93,0
upper-melody-eighths-130,variations-10%,song,2.135,G2,G2,1,0,44.76,0
upper-melody-eighths-130,variations-10%,song,2.372,B2,B2,1,0,40.41,0
upper-melody-eighths-130,variations-10%,song,2.622,D3,D3,1,0,33.02,0
upper-melody-eighths-130,variations-10%,song,2.831,G3,G3,1,0,28.99,0
upper-melody-eighths-130,variations-10%,song,3.078,F3,F3,1,0,29.75,0
upper-melody-eighths-130,variations-10%,song,3.310,E3,E3,1,0,30.28,0
upper-melody-eighths-130,variations-10%,song,3.751,C3,C3,1,0,34.25,0
upper-melody-eighths-130,variations-10%,song,4.006,C3,none,0,0,-,0
upper-melody-eighths-130,variations-10%,song,4.236,E3,E3,1,0,29.40,0
upper-melody-eighths-130,variations-10%,song,4.450,G#3,G#3,1,0,24.26,0
upper-melody-eighths-130,variations-10%,song,4.672,C4,C4,1,0,20.45,0
upper-melody-eighths-130,variations-10%,song,4.900,A#3,A#3,1,0,24.90,0
upper-melody-eighths-130,variations-10%,song,5.136,G3,G3,1,0,29.46,0
upper-melody-eighths-130,variations-10%,song,5.618,F3,F3,1,0,30.03,0
upper-melody-eighths-130,variations-10%,song,5.825,C3,C3,1,0,35.20,0
upper-melody-eighths-130,variations-10%,song,6.062,E3,E3,1,0,28.51,0
upper-melody-eighths-130,variations-10%,song,6.307,G3,G3,1,0,28.02,0
upper-melody-eighths-130,variations-10%,song,6.531,C4,C4,1,0,21.24,0
upper-melody-eighths-130,variations-10%,song,6.764,A#3,A#3,1,0,24.12,0
upper-melody-eighths-130,variations-10%,song,6.982,F#3,F#3,1,0,28.88,0
upper-melody-eighths-130,variations-10%,song,7.451,F3,F3,1,0,26.32,0
upper-melody-eighths-130,variations-10%,song,7.699,G2,G2,1,0,46.20,0
upper-melody-eighths-130,variations-10%,song,7.927,B2,B2,1,0,38.31,0
upper-melody-eighths-130,variations-10%,song,8.151,D3,D3,1,0,34.66,0
upper-melody-eighths-130,variations-10%,song,8.372,G3,G3,1,0,28.39,0
upper-melody-eighths-130,variations-10%,song,8.595,F3,F3,1,0,30.69,0
upper-melody-eighths-130,variations-10%,song,8.848,D3,D3,1,0,34.34,0
upper-melody-eighths-130,variations-10%,song,9.300,C3,C3,1,1,12.29,0
upper-melody-eighths-130,variations-10%,song,9.542,G2,G2,1,0,45.86,0
upper-melody-eighths-130,variations-10%,song,9.759,B2,B2,1,0,40.52,0
upper-melody-eighths-130,variations-10%,song,9.991,D3,D3,1,0,34.08,0
upper-melody-eighths-130,variations-10%,song,10.234,G3,G3,1,0,29.11,0
upper-melody-eighths-130,variations-10%,song,10.440,F3,F3,1,0,31.10,0
upper-melody-eighths-130,variations-10%,song,10.693,D3,D3,1,0,32.11,0
upper-melody-eighths-130,variations-10%,song,11.154,C3,C3,1,0,34.01,0
upper-melody-eighths-130,variations-10%,song,11.390,C3,none,0,0,-,0
upper-melody-eighths-130,variations-10%,song,11.609,E3,E3,1,0,28.81,0
upper-melody-eighths-130,variations-10%,song,11.826,F3,F3,1,0,28.75,0
upper-melody-eighths-130,variations-10%,song,12.080,C4,C4,1,0,22.22,0
upper-melody-eighths-130,variations-10%,song,12.304,A#3,A#3,1,0,26.72,0
upper-melody-eighths-130,variations-10%,song,12.537,G3,G3,1,0,30.87,0
upper-melody-eighths-130,variations-10%,song,13.000,F3,F3,1,0,30.36,0
upper-melody-eighths-130,variations-10%,song,13.227,C3,C3,1,0,33.36,0
upper-melody-eighths-130,variations-10%,song,13.452,E3,E3,1,0,30.23,0
upper-melody-eighths-130,variations-10%,song,13.672,G3,G3,1,0,27.73,0
upper-melody-eighths-130,variations-10%,song,13.930,C4,C4,1,0,22.46,0
upper-melody-eighths-130,variations-10%,song,14.136,A#3,A#3,1,0,24.28,0
upper-melody-eighths-130,variations-10%,song,14.384,G3,G3,1,0,28.36,0
upper-melody-eighths-130,variations-10%,song,14.843,F3,F3,1,0,28.67,0
upper-melody-eighths-130,variations-10%,song+periodicity,0.285,G2,G2,1,1,2.59,0
upper-melody-eighths-130,variations-10%,song+periodicity,0.531,B2,B2,1,1,6.03,0
upper-melody-eighths-130,variations-10%,song+periodicity,0.753,D3,D3,1,1,4.02,0
upper-melody-eighths-130,variations-10%,song+periodicity,0.979,G3,G3,1,1,5.38,0
upper-melody-eighths-130,variations-10%,song+periodicity,1.219,F3,F3,1,1,5.44,0
upper-melody-eighths-130,variations-10%,song+periodicity,1.451,D3,D3,1,1,4.66,0
upper-melody-eighths-130,variations-10%,song+periodicity,1.913,C3,C3,1,1,4.26,0
upper-melody-eighths-130,variations-10%,song+periodicity,2.135,G2,G2,1,1,4.76,0
upper-melody-eighths-130,variations-10%,song+periodicity,2.372,B2,B2,1,1,4.41,0
upper-melody-eighths-130,variations-10%,song+periodicity,2.622,D3,D3,1,1,5.02,0
upper-melody-eighths-130,variations-10%,song+periodicity,2.831,G3,G3,1,1,4.99,0
upper-melody-eighths-130,variations-10%,song+periodicity,3.078,F3,F3,1,1,4.42,0
upper-melody-eighths-130,variations-10%,song+periodicity,3.310,E3,D3,0,1,40.95,1
upper-melody-eighths-130,variations-10%,song+periodicity,3.751,C3,C3,1,1,4.92,0
upper-melody-eighths-130,variations-10%,song+periodicity,4.006,C3,C3,1,1,5.00,0
upper-melody-eighths-130,variations-10%,song+periodicity,4.236,E3,E3,1,1,5.40,0
upper-melody-eighths-130,variations-10%,song+periodicity,4.450,G#3,G3,0,1,34.92,1
upper-melody-eighths-130,variations-10%,song+periodicity,4.672,C4,C4,1,1,4.45,0
upper-melody-eighths-130,variations-10%,song+periodicity,4.900,A#3,A#3,1,1,10.23,0
upper-melody-eighths-130,variations-10%,song+periodicity,5.136,G3,G3,1,1,5.46,0
upper-melody-eighths-130,variations-10%,song+periodicity,5.618,F3,F3,1,1,4.70,0
upper-melody-eighths-130,variations-10%,song+periodicity,5.825,C3,C3,1,1,5.87,0
upper-melody-eighths-130,variations-10%,song+periodicity,6.062,E3,E3,1,1,5.84,0
upper-melody-eighths-130,variations-10%,song+periodicity,6.307,G3,G3,1,1,5.35,0
upper-melody-eighths-130,variations-10%,song+periodicity,6.531,C4,C4,1,1,5.24,0
upper-melody-eighths-130,variations-10%,song+periodicity,6.764,A#3,A#3,1,1,5.46,0
upper-melody-eighths-130,variations-10%,song+periodicity,6.982,F#3,G3,0,1,38.21,1
upper-melody-eighths-130,variations-10%,song+periodicity,7.451,F3,F3,1,1,4.99,0
upper-melody-eighths-130,variations-10%,song+periodicity,7.699,G2,G2,1,1,4.87,0
upper-melody-eighths-130,variations-10%,song+periodicity,7.927,B2,B2,1,1,4.98,0
upper-melody-eighths-130,variations-10%,song+periodicity,8.151,D3,D3,1,1,5.33,0
upper-melody-eighths-130,variations-10%,song+periodicity,8.372,G3,G3,1,1,4.39,0
upper-melody-eighths-130,variations-10%,song+periodicity,8.595,F3,F3,1,1,5.35,0
upper-melody-eighths-130,variations-10%,song+periodicity,8.848,D3,D3,1,1,3.68,0
upper-melody-eighths-130,variations-10%,song+periodicity,9.300,C3,C3,1,1,4.29,0
upper-melody-eighths-130,variations-10%,song+periodicity,9.542,G2,G2,1,1,4.53,0
upper-melody-eighths-130,variations-10%,song+periodicity,9.759,B2,B2,1,1,4.52,0
upper-melody-eighths-130,variations-10%,song+periodicity,9.991,D3,D3,1,1,4.75,0
upper-melody-eighths-130,variations-10%,song+periodicity,10.234,G3,G3,1,1,5.11,0
upper-melody-eighths-130,variations-10%,song+periodicity,10.440,F3,F3,1,1,4.44,0
upper-melody-eighths-130,variations-10%,song+periodicity,10.693,D3,D3,1,1,5.45,0
upper-melody-eighths-130,variations-10%,song+periodicity,11.154,C3,C3,1,1,4.68,0
upper-melody-eighths-130,variations-10%,song+periodicity,11.390,C3,C3,1,1,4.73,0
upper-melody-eighths-130,variations-10%,song+periodicity,11.609,E3,E3,1,1,3.48,0
upper-melody-eighths-130,variations-10%,song+periodicity,11.826,F3,G3,0,1,39.42,1
upper-melody-eighths-130,variations-10%,song+periodicity,12.080,C4,C4,1,1,3.56,0
upper-melody-eighths-130,variations-10%,song+periodicity,12.304,A#3,A#3,1,1,4.05,0
upper-melody-eighths-130,variations-10%,song+periodicity,12.537,G3,G3,1,1,4.21,0
upper-melody-eighths-130,variations-10%,song+periodicity,13.000,F3,F3,1,1,7.70,0
upper-melody-eighths-130,variations-10%,song+periodicity,13.227,C3,C3,1,1,5.36,0
upper-melody-eighths-130,variations-10%,song+periodicity,13.452,E3,E3,1,1,4.90,0
upper-melody-eighths-130,variations-10%,song+periodicity,13.672,G3,G3,1,1,5.06,0
upper-melody-eighths-130,variations-10%,song+periodicity,13.930,C4,C4,1,1,3.79,0
upper-melody-eighths-130,variations-10%,song+periodicity,14.136,A#3,A#3,1,1,4.28,0
upper-melody-eighths-130,variations-10%,song+periodicity,14.384,G3,G3,1,1,4.36,0
upper-melody-eighths-130,variations-10%,song+periodicity,14.843,F3,F3,1,1,4.67,0
upper-melody-eighths-130,ghost-clicks-10%,free,0.286,G2,G2,1,0,39.73,0
upper-melody-eighths-130,ghost-clicks-10%,free,0.542,B2,B2,1,0,35.19,0
upper-melody-eighths-130,ghost-clicks-10%,free,0.747,D3,D3,1,0,32.74,0
upper-melody-eighths-130,ghost-clicks-10%,free,1.003,G3,G3,1,0,28.63,0
upper-melody-eighths-130,ghost-clicks-10%,free,1.225,F3,F3,1,0,29.42,0
upper-melody-eighths-130,ghost-clicks-10%,free,1.463,D3,D3,1,0,34.44,0
upper-melody-eighths-130,ghost-clicks-10%,free,1.928,C3,C3,1,0,32.08,0
upper-melody-eighths-130,ghost-clicks-10%,free,2.131,G2,G2,1,0,48.70,0
upper-melody-eighths-130,ghost-clicks-10%,free,2.374,B2,B2,1,0,40.87,0
upper-melody-eighths-130,ghost-clicks-10%,free,2.598,D3,D3,1,0,27.38,0
upper-melody-eighths-130,ghost-clicks-10%,free,2.848,G3,G3,1,0,28.96,0
upper-melody-eighths-130,ghost-clicks-10%,free,3.055,F3,F3,1,0,30.22,0
upper-melody-eighths-130,ghost-clicks-10%,free,3.314,D3,D3,1,0,31.76,0
upper-melody-eighths-130,ghost-clicks-10%,free,3.768,C3,C3,1,0,34.18,0
upper-melody-eighths-130,ghost-clicks-10%,free,3.992,C3,none,0,0,-,0
upper-melody-eighths-130,ghost-clicks-10%,free,4.231,E3,E3,1,0,28.75,0
upper-melody-eighths-130,ghost-clicks-10%,free,4.457,G3,G3,1,0,28.76,0
upper-melody-eighths-130,ghost-clicks-10%,free,4.675,C4,C4,1,0,22.08,0
upper-melody-eighths-130,ghost-clicks-10%,free,4.910,A#3,A#3,1,0,25.14,0
upper-melody-eighths-130,ghost-clicks-10%,free,5.161,G3,G3,1,0,29.72,0
upper-melody-eighths-130,ghost-clicks-10%,free,5.611,F3,F3,1,0,28.54,0
upper-melody-eighths-130,ghost-clicks-10%,free,5.853,C3,C3,1,0,32.18,0
upper-melody-eighths-130,ghost-clicks-10%,free,6.060,E3,E3,1,0,27.58,0
upper-melody-eighths-130,ghost-clicks-10%,free,6.297,G3,G3,1,0,23.03,0
upper-melody-eighths-130,ghost-clicks-10%,free,6.530,C4,C4,1,0,22.49,0
upper-melody-eighths-130,ghost-clicks-10%,free,6.757,A#3,A#3,1,0,25.56,0
upper-melody-eighths-130,ghost-clicks-10%,free,6.986,G3,G3,1,0,28.46,0
upper-melody-eighths-130,ghost-clicks-10%,free,7.449,F3,F3,1,0,28.63,0
upper-melody-eighths-130,ghost-clicks-10%,free,7.671,G2,G2,1,0,48.52,0
upper-melody-eighths-130,ghost-clicks-10%,free,7.926,B2,B2,1,0,39.78,0
upper-melody-eighths-130,ghost-clicks-10%,free,8.158,D3,D3,1,0,34.29,0
upper-melody-eighths-130,ghost-clicks-10%,free,8.372,G3,G3,1,0,30.43,0
upper-melody-eighths-130,ghost-clicks-10%,free,8.603,F3,F3,1,0,28.89,0
upper-melody-eighths-130,ghost-clicks-10%,free,8.846,D3,D3,1,0,34.46,0
upper-melody-eighths-130,ghost-clicks-10%,free,9.291,C3,C3,1,0,34.47,0
upper-melody-eighths-130,ghost-clicks-10%,free,9.516,G2,G2,1,0,46.19,0
upper-melody-eighths-130,ghost-clicks-10%,free,9.771,B2,B2,1,0,39.89,0
upper-melody-eighths-130,ghost-clicks-10%,free,9.981,D3,D3,1,0,33.37,0
upper-melody-eighths-130,ghost-clicks-10%,free,10.233,G3,G3,1,0,26.69,0
upper-melody-eighths-130,ghost-clicks-10%,free,10.465,F3,F3,1,0,26.08,0
upper-melody-eighths-130,ghost-clicks-10%,free,10.673,D3,D3,1,0,35.13,0
upper-melody-eighths-130,ghost-clicks-10%,free,11.148,C3,C3,1,0,34.20,0
upper-melody-eighths-130,ghost-clicks-10%,free,11.382,C3,C3,1,0,28.75,0
upper-melody-eighths-130,ghost-clicks-10%,free,11.614,E3,E3,1,0,21.02,0
upper-melody-eighths-130,ghost-clicks-10%,free,11.849,G3,G3,1,0,25.46,0
upper-melody-eighths-130,ghost-clicks-10%,free,12.063,C4,C4,1,0,22.48,0
upper-melody-eighths-130,ghost-clicks-10%,free,12.288,A#3,A#3,1,0,24.09,0
upper-melody-eighths-130,ghost-clicks-10%,free,12.528,G3,G3,1,0,26.75,0
upper-melody-eighths-130,ghost-clicks-10%,free,12.982,F3,F3,1,0,25.96,0
upper-melody-eighths-130,ghost-clicks-10%,free,13.212,C3,C3,1,0,33.80,0
upper-melody-eighths-130,ghost-clicks-10%,free,13.452,E3,E3,1,0,22.88,0
upper-melody-eighths-130,ghost-clicks-10%,free,13.696,G3,G3,1,0,29.66,0
upper-melody-eighths-130,ghost-clicks-10%,free,13.921,C4,C4,1,0,21.70,0
upper-melody-eighths-130,ghost-clicks-10%,free,14.151,A#3,A#3,1,0,25.89,0
upper-melody-eighths-130,ghost-clicks-10%,free,14.386,G3,G3,1,0,28.89,0
upper-melody-eighths-130,ghost-clicks-10%,free,14.834,F3,F3,1,0,29.01,0
upper-melody-eighths-130,ghost-clicks-10%,song,0.286,G2,G2,1,1,2.40,0
upper-melody-eighths-130,ghost-clicks-10%,song,0.542,B2,B2,1,1,3.19,0
upper-melody-eighths-130,ghost-clicks-10%,song,0.747,D3,D3,1,0,32.74,0
upper-melody-eighths-130,ghost-clicks-10%,song,1.003,G3,G3,1,0,28.63,0
upper-melody-eighths-130,ghost-clicks-10%,song,1.225,F3,F3,1,0,29.42,0
upper-melody-eighths-130,ghost-clicks-10%,song,1.463,D3,D3,1,0,34.44,0
upper-melody-eighths-130,ghost-clicks-10%,song,1.928,C3,C3,1,0,32.08,0
upper-melody-eighths-130,ghost-clicks-10%,song,2.131,G2,G2,1,0,48.70,0
upper-melody-eighths-130,ghost-clicks-10%,song,2.374,B2,B2,1,0,40.87,0
upper-melody-eighths-130,ghost-clicks-10%,song,2.598,D3,D3,1,1,2.04,0
upper-melody-eighths-130,ghost-clicks-10%,song,2.848,G3,G3,1,0,28.96,0
upper-melody-eighths-130,ghost-clicks-10%,song,3.055,F3,F3,1,0,30.22,0
upper-melody-eighths-130,ghost-clicks-10%,song,3.314,D3,D3,1,0,31.76,0
upper-melody-eighths-130,ghost-clicks-10%,song,3.768,C3,C3,1,0,34.18,0
upper-melody-eighths-130,ghost-clicks-10%,song,3.992,C3,none,0,0,-,0
upper-melody-eighths-130,ghost-clicks-10%,song,4.231,E3,E3,1,0,28.75,0
upper-melody-eighths-130,ghost-clicks-10%,song,4.457,G3,G3,1,0,28.76,0
upper-melody-eighths-130,ghost-clicks-10%,song,4.675,C4,C4,1,0,22.08,0
upper-melody-eighths-130,ghost-clicks-10%,song,4.910,A#3,A#3,1,0,25.14,0
upper-melody-eighths-130,ghost-clicks-10%,song,5.161,G3,G3,1,0,29.72,0
upper-melody-eighths-130,ghost-clicks-10%,song,5.611,F3,F3,1,0,28.54,0
upper-melody-eighths-130,ghost-clicks-10%,song,5.853,C3,C3,1,0,32.18,0
upper-melody-eighths-130,ghost-clicks-10%,song,6.060,E3,E3,1,0,27.58,0
upper-melody-eighths-130,ghost-clicks-10%,song,6.297,G3,G3,1,1,3.03,0
upper-melody-eighths-130,ghost-clicks-10%,song,6.530,C4,C4,1,0,22.49,0
upper-melody-eighths-130,ghost-clicks-10%,song,6.757,A#3,A#3,1,0,25.56,0
upper-melody-eighths-130,ghost-clicks-10%,song,6.986,G3,G3,1,0,28.46,0
upper-melody-eighths-130,ghost-clicks-10%,song,7.449,F3,F3,1,0,28.63,0
upper-melody-eighths-130,ghost-clicks-10%,song,7.671,G2,G2,1,0,48.52,0
upper-melody-eighths-130,ghost-clicks-10%,song,7.926,B2,B2,1,0,39.78,0
upper-melody-eighths-130,ghost-clicks-10%,song,8.158,D3,D3,1,0,34.29,0
upper-melody-eighths-130,ghost-clicks-10%,song,8.372,G3,G3,1,0,30.43,0
upper-melody-eighths-130,ghost-clicks-10%,song,8.603,F3,F3,1,0,28.89,0
upper-melody-eighths-130,ghost-clicks-10%,song,8.846,D3,D3,1,0,34.46,0
upper-melody-eighths-130,ghost-clicks-10%,song,9.291,C3,C3,1,0,34.47,0
upper-melody-eighths-130,ghost-clicks-10%,song,9.516,G2,G2,1,0,46.19,0
upper-melody-eighths-130,ghost-clicks-10%,song,9.771,B2,B2,1,0,39.89,0
upper-melody-eighths-130,ghost-clicks-10%,song,9.981,D3,D3,1,0,33.37,0
upper-melody-eighths-130,ghost-clicks-10%,song,10.233,G3,G3,1,0,26.69,0
upper-melody-eighths-130,ghost-clicks-10%,song,10.465,F3,F3,1,1,3.42,0
upper-melody-eighths-130,ghost-clicks-10%,song,10.673,D3,D3,1,0,35.13,0
upper-melody-eighths-130,ghost-clicks-10%,song,11.148,C3,C3,1,0,34.20,0
upper-melody-eighths-130,ghost-clicks-10%,song,11.382,C3,C3,1,1,2.08,0
upper-melody-eighths-130,ghost-clicks-10%,song,11.614,E3,E3,1,1,2.35,0
upper-melody-eighths-130,ghost-clicks-10%,song,11.849,G3,G3,1,0,25.46,0
upper-melody-eighths-130,ghost-clicks-10%,song,12.063,C4,C4,1,0,22.48,0
upper-melody-eighths-130,ghost-clicks-10%,song,12.288,A#3,A#3,1,0,24.09,0
upper-melody-eighths-130,ghost-clicks-10%,song,12.528,G3,G3,1,0,26.75,0
upper-melody-eighths-130,ghost-clicks-10%,song,12.982,F3,F3,1,0,25.96,0
upper-melody-eighths-130,ghost-clicks-10%,song,13.212,C3,C3,1,0,33.80,0
upper-melody-eighths-130,ghost-clicks-10%,song,13.452,E3,E3,1,1,2.88,0
upper-melody-eighths-130,ghost-clicks-10%,song,13.696,G3,G3,1,0,29.66,0
upper-melody-eighths-130,ghost-clicks-10%,song,13.921,C4,C4,1,0,21.70,0
upper-melody-eighths-130,ghost-clicks-10%,song,14.151,A#3,A#3,1,0,25.89,0
upper-melody-eighths-130,ghost-clicks-10%,song,14.386,G3,G3,1,0,28.89,0
upper-melody-eighths-130,ghost-clicks-10%,song,14.834,F3,F3,1,0,29.01,0
upper-melody-eighths-130,ghost-clicks-10%,song+periodicity,0.286,G2,G2,1,1,2.40,0
upper-melody-eighths-130,ghost-clicks-10%,song+periodicity,0.542,B2,B2,1,1,3.19,0
upper-melody-eighths-130,ghost-clicks-10%,song+periodicity,0.747,D3,D3,1,1,4.74,0
upper-melody-eighths-130,ghost-clicks-10%,song+periodicity,1.003,G3,G3,1,1,4.63,0
upper-melody-eighths-130,ghost-clicks-10%,song+periodicity,1.225,F3,F3,1,1,4.09,0
upper-melody-eighths-130,ghost-clicks-10%,song+periodicity,1.463,D3,D3,1,1,5.10,0
upper-melody-eighths-130,ghost-clicks-10%,song+periodicity,1.928,C3,C3,1,1,4.08,0
upper-melody-eighths-130,ghost-clicks-10%,song+periodicity,2.131,G2,G2,1,1,4.70,0
upper-melody-eighths-130,ghost-clicks-10%,song+periodicity,2.374,B2,B2,1,1,4.87,0
upper-melody-eighths-130,ghost-clicks-10%,song+periodicity,2.598,D3,D3,1,1,2.04,0
upper-melody-eighths-130,ghost-clicks-10%,song+periodicity,2.848,G3,G3,1,1,3.63,0
upper-melody-eighths-130,ghost-clicks-10%,song+periodicity,3.055,F3,F3,1,1,4.89,0
upper-melody-eighths-130,ghost-clicks-10%,song+periodicity,3.314,D3,D3,1,1,5.09,0
upper-melody-eighths-130,ghost-clicks-10%,song+periodicity,3.768,C3,C3,1,1,4.84,0
upper-melody-eighths-130,ghost-clicks-10%,song+periodicity,3.992,C3,C3,1,1,4.95,0
upper-melody-eighths-130,ghost-clicks-10%,song+periodicity,4.231,E3,E3,1,1,4.75,0
upper-melody-eighths-130,ghost-clicks-10%,song+periodicity,4.457,G3,G3,1,1,4.76,0
upper-melody-eighths-130,ghost-clicks-10%,song+periodicity,4.675,C4,C4,1,1,6.08,0
upper-melody-eighths-130,ghost-clicks-10%,song+periodicity,4.910,A#3,A#3,1,1,5.14,0
upper-melody-eighths-130,ghost-clicks-10%,song+periodicity,5.161,G3,G3,1,1,4.39,0
upper-melody-eighths-130,ghost-clicks-10%,song+periodicity,5.611,F3,F3,1,1,4.54,0
upper-melody-eighths-130,ghost-clicks-10%,song+periodicity,5.853,C3,C3,1,1,4.18,0
upper-melody-eighths-130,ghost-clicks-10%,song+periodicity,6.060,E3,E3,1,1,4.91,0
upper-melody-eighths-130,ghost-clicks-10%,song+periodicity,6.297,G3,G3,1,1,3.03,0
upper-melody-eighths-130,ghost-clicks-10%,song+periodicity,6.530,C4,C4,1,1,5.16,0
upper-melody-eighths-130,ghost-clicks-10%,song+periodicity,6.757,A#3,A#3,1,1,4.23,0
upper-melody-eighths-130,ghost-clicks-10%,song+periodicity,6.986,G3,G3,1,1,4.46,0
upper-melody-eighths-130,ghost-clicks-10%,song+periodicity,7.449,F3,F3,1,1,4.63,0
upper-melody-eighths-130,ghost-clicks-10%,song+periodicity,7.671,G2,G2,1,1,4.52,0
upper-melody-eighths-130,ghost-clicks-10%,song+periodicity,7.926,B2,B2,1,1,5.11,0
upper-melody-eighths-130,ghost-clicks-10%,song+periodicity,8.158,D3,D3,1,1,4.96,0
upper-melody-eighths-130,ghost-clicks-10%,song+periodicity,8.372,G3,G3,1,1,3.77,0
upper-melody-eighths-130,ghost-clicks-10%,song+periodicity,8.603,F3,F3,1,1,4.89,0
upper-melody-eighths-130,ghost-clicks-10%,song+periodicity,8.846,D3,D3,1,1,5.12,0
upper-melody-eighths-130,ghost-clicks-10%,song+periodicity,9.291,C3,C3,1,1,5.14,0
upper-melody-eighths-130,ghost-clicks-10%,song+periodicity,9.516,G2,G2,1,1,4.85,0
upper-melody-eighths-130,ghost-clicks-10%,song+periodicity,9.771,B2,B2,1,1,5.23,0
upper-melody-eighths-130,ghost-clicks-10%,song+periodicity,9.981,D3,D3,1,1,6.71,0
upper-melody-eighths-130,ghost-clicks-10%,song+periodicity,10.233,G3,G3,1,1,5.36,0
upper-melody-eighths-130,ghost-clicks-10%,song+periodicity,10.465,F3,F3,1,1,3.42,0
upper-melody-eighths-130,ghost-clicks-10%,song+periodicity,10.673,D3,D3,1,1,4.46,0
upper-melody-eighths-130,ghost-clicks-10%,song+periodicity,11.148,C3,C3,1,1,6.20,0
upper-melody-eighths-130,ghost-clicks-10%,song+periodicity,11.382,C3,C3,1,1,2.08,0
upper-melody-eighths-130,ghost-clicks-10%,song+periodicity,11.614,E3,E3,1,1,2.35,0
upper-melody-eighths-130,ghost-clicks-10%,song+periodicity,11.849,G3,G3,1,1,4.12,0
upper-melody-eighths-130,ghost-clicks-10%,song+periodicity,12.063,C4,C4,1,1,5.15,0
upper-melody-eighths-130,ghost-clicks-10%,song+periodicity,12.288,A#3,A#3,1,1,5.43,0
upper-melody-eighths-130,ghost-clicks-10%,song+periodicity,12.528,G3,G3,1,1,5.42,0
upper-melody-eighths-130,ghost-clicks-10%,song+periodicity,12.982,F3,F3,1,1,5.96,0
upper-melody-eighths-130,ghost-clicks-10%,song+periodicity,13.212,C3,C3,1,1,5.80,0
upper-melody-eighths-130,ghost-clicks-10%,song+periodicity,13.452,E3,E3,1,1,2.88,0
upper-melody-eighths-130,ghost-clicks-10%,song+periodicity,13.696,G3,G3,1,1,4.33,0
upper-melody-eighths-130,ghost-clicks-10%,song+periodicity,13.921,C4,C4,1,1,5.70,0
upper-melody-eighths-130,ghost-clicks-10%,song+periodicity,14.151,A#3,A#3,1,1,4.56,0
upper-melody-eighths-130,ghost-clicks-10%,song+periodicity,14.386,G3,G3,1,1,4.89,0
upper-melody-eighths-130,ghost-clicks-10%,song+periodicity,14.834,F3,F3,1,1,5.01,0
upper-melody-eighths-130,skipped-5%,free,0.286,G2,G2,1,0,39.56,0
upper-melody-eighths-130,skipped-5%,free,0.542,B2,B2,1,0,40.28,0
upper-melody-eighths-130,skipped-5%,free,0.769,D3,D3,1,0,31.05,0
upper-melody-eighths-130,skipped-5%,free,0.983,G3,G3,1,0,28.74,0
upper-melody-eighths-130,skipped-5%,free,1.215,F3,F3,1,0,27.53,0
upper-melody-eighths-130,skipped-5%,free,1.445,D3,D3,1,0,32.38,0
upper-melody-eighths-130,skipped-5%,free,1.903,C3,C3,1,0,34.76,0
upper-melody-eighths-130,skipped-5%,free,2.140,G2,G2,1,0,45.64,0
upper-melody-eighths-130,skipped-5%,free,2.362,B2,B2,1,0,37.50,0
upper-melody-eighths-130,skipped-5%,free,2.595,D3,D3,1,0,35.72,0
upper-melody-eighths-130,skipped-5%,free,2.835,G3,G3,1,0,27.85,0
upper-melody-eighths-130,skipped-5%,free,3.072,F3,F3,1,0,30.64,0
upper-melody-eighths-130,skipped-5%,free,3.297,D3,D3,1,0,33.56,0
upper-melody-eighths-130,skipped-5%,free,3.777,C3,C3,1,0,34.14,0
upper-melody-eighths-130,skipped-5%,free,3.978,C3,none,0,0,-,0
upper-melody-eighths-130,skipped-5%,free,4.226,E3,E3,1,0,28.78,0
upper-melody-eighths-130,skipped-5%,free,4.465,G3,G3,1,0,27.45,0
upper-melody-eighths-130,skipped-5%,free,4.677,C4,C4,1,0,23.04,0
upper-melody-eighths-130,skipped-5%,free,4.910,A#3,A#3,1,0,21.60,0
upper-melody-eighths-130,skipped-5%,free,5.140,G3,G3,1,0,28.23,0
upper-melody-eighths-130,skipped-5%,free,5.602,F3,F3,1,0,29.96,0
upper-melody-eighths-130,skipped-5%,free,5.843,C3,C3,1,0,31.72,0
upper-melody-eighths-130,skipped-5%,free,6.069,E3,E3,1,0,28.63,0
upper-melody-eighths-130,skipped-5%,free,6.309,G3,G3,1,0,27.93,0
upper-melody-eighths-130,skipped-5%,free,6.518,C4,C4,1,0,21.91,0
upper-melody-eighths-130,skipped-5%,free,6.756,A#3,A#3,1,0,24.08,0
upper-melody-eighths-130,skipped-5%,free,6.983,G3,G3,1,0,27.37,0
upper-melody-eighths-130,skipped-5%,free,7.444,F3,F3,1,0,28.47,0
upper-melody-eighths-130,skipped-5%,free,7.684,G2,G2,1,0,48.27,0
upper-melody-eighths-130,skipped-5%,free,7.902,B2,B2,1,0,38.23,0
upper-melody-eighths-130,skipped-5%,free,8.141,D3,D3,1,0,33.70,0
upper-melody-eighths-130,skipped-5%,free,8.391,G3,G3,1,0,28.80,0
upper-melody-eighths-130,skipped-5%,free,8.602,F3,F3,1,0,29.64,0
upper-melody-eighths-130,skipped-5%,free,8.825,D3,D3,1,0,35.45,0
upper-melody-eighths-130,skipped-5%,free,9.308,C3,C3,1,0,32.20,0
upper-melody-eighths-130,skipped-5%,free,9.530,G2,G2,1,0,46.92,0
upper-melody-eighths-130,skipped-5%,free,9.775,B2,B2,1,0,39.82,0
upper-melody-eighths-130,skipped-5%,free,9.991,D3,D3,1,0,34.05,0
upper-melody-eighths-130,skipped-5%,free,10.225,G3,G3,1,0,27.42,0
upper-melody-eighths-130,skipped-5%,free,10.457,F3,F3,1,0,30.63,0
upper-melody-eighths-130,skipped-5%,free,11.594,E3,E3,1,0,22.93,0
upper-melody-eighths-130,skipped-5%,free,11.838,G3,G3,1,0,27.54,0
upper-melody-eighths-130,skipped-5%,free,12.073,C4,C4,1,0,21.48,0
upper-melody-eighths-130,skipped-5%,free,12.314,A#3,A#3,1,0,23.14,0
upper-melody-eighths-130,skipped-5%,free,12.529,G3,G3,1,0,28.63,0
upper-melody-eighths-130,skipped-5%,free,12.990,F3,F3,1,0,30.07,0
upper-melody-eighths-130,skipped-5%,free,13.231,C3,C3,1,0,31.79,0
upper-melody-eighths-130,skipped-5%,free,13.464,E3,E3,1,0,28.44,0
upper-melody-eighths-130,skipped-5%,free,13.687,G3,G3,1,0,28.04,0
upper-melody-eighths-130,skipped-5%,free,13.905,C4,C4,1,0,23.19,0
upper-melody-eighths-130,skipped-5%,free,14.147,A#3,A#3,1,0,24.50,0
upper-melody-eighths-130,skipped-5%,free,14.367,G3,G3,1,0,27.78,0
upper-melody-eighths-130,skipped-5%,free,14.846,F3,F3,1,0,28.64,0
upper-melody-eighths-130,skipped-5%,song,0.286,G2,G2,1,1,2.22,0
upper-melody-eighths-130,skipped-5%,song,0.542,B2,B2,1,0,40.28,0
upper-melody-eighths-130,skipped-5%,song,0.769,D3,D3,1,0,31.05,0
upper-melody-eighths-130,skipped-5%,song,0.983,G3,G3,1,0,28.74,0
upper-melody-eighths-130,skipped-5%,song,1.215,F3,F3,1,0,27.53,0
upper-melody-eighths-130,skipped-5%,song,1.445,D3,D3,1,0,32.38,0
upper-melody-eighths-130,skipped-5%,song,1.903,C3,C3,1,0,34.76,0
upper-melody-eighths-130,skipped-5%,song,2.140,G2,G2,1,0,45.64,0
upper-melody-eighths-130,skipped-5%,song,2.362,B2,B2,1,0,37.50,0
upper-melody-eighths-130,skipped-5%,song,2.595,D3,D3,1,0,35.72,0
upper-melody-eighths-130,skipped-5%,song,2.835,G3,G3,1,0,27.85,0
upper-melody-eighths-130,skipped-5%,song,3.072,F3,F3,1,0,30.64,0
upper-melody-eighths-130,skipped-5%,song,3.297,D3,D3,1,0,33.56,0
upper-melody-eighths-130,skipped-5%,song,3.777,C3,C3,1,1,7.47,0
upper-melody-eighths-130,skipped-5%,song,3.978,C3,none,0,0,-,0
upper-melody-eighths-130,skipped-5%,song,4.226,E3,E3,1,0,28.78,0
upper-melody-eighths-130,skipped-5%,song,4.465,G3,G3,1,0,27.45,0
upper-melody-eighths-130,skipped-5%,song,4.677,C4,C4,1,0,23.04,0
upper-melody-eighths-130,skipped-5%,song,4.910,A#3,A#3,1,0,21.60,0
upper-melody-eighths-130,skipped-5%,song,5.140,G3,G3,1,0,28.23,0
upper-melody-eighths-130,skipped-5%,song,5.602,F3,F3,1,0,29.96,0
upper-melody-eighths-130,skipped-5%,song,5.843,C3,C3,1,0,31.72,0
upper-melody-eighths-130,skipped-5%,song,6.069,E3,E3,1,0,28.63,0
upper-melody-eighths-130,skipped-5%,song,6.309,G3,G3,1,0,27.93,0
upper-melody-eighths-130,skipped-5%,song,6.518,C4,C4,1,0,21.91,0
upper-melody-eighths-130,skipped-5%,song,6.756,A#3,A#3,1,0,24.08,0
upper-melody-eighths-130,skipped-5%,song,6.983,G3,G3,1,0,27.37,0
upper-melody-eighths-130,skipped-5%,song,7.444,F3,F3,1,0,28.47,0
upper-melody-eighths-130,skipped-5%,song,7.684,G2,G2,1,0,48.27,0
upper-melody-eighths-130,skipped-5%,song,7.902,B2,B2,1,0,38.23,0
upper-melody-eighths-130,skipped-5%,song,8.141,D3,D3,1,0,33.70,0
upper-melody-eighths-130,skipped-5%,song,8.391,G3,G3,1,0,28.80,0
upper-melody-eighths-130,skipped-5%,song,8.602,F3,F3,1,0,29.64,0
upper-melody-eighths-130,skipped-5%,song,8.825,D3,D3,1,0,35.45,0
upper-melody-eighths-130,skipped-5%,song,9.308,C3,C3,1,1,5.53,0
upper-melody-eighths-130,skipped-5%,song,9.530,G2,G2,1,0,46.92,0
upper-melody-eighths-130,skipped-5%,song,9.775,B2,B2,1,0,39.82,0
upper-melody-eighths-130,skipped-5%,song,9.991,D3,D3,1,0,34.05,0
upper-melody-eighths-130,skipped-5%,song,10.225,G3,G3,1,0,27.42,0
upper-melody-eighths-130,skipped-5%,song,10.457,F3,F3,1,0,30.63,0
upper-melody-eighths-130,skipped-5%,song,11.594,E3,E3,1,1,4.27,0
upper-melody-eighths-130,skipped-5%,song,11.838,G3,G3,1,0,27.54,0
upper-melody-eighths-130,skipped-5%,song,12.073,C4,C4,1,0,21.48,0
upper-melody-eighths-130,skipped-5%,song,12.314,A#3,A#3,1,0,23.14,0
upper-melody-eighths-130,skipped-5%,song,12.529,G3,G3,1,0,28.63,0
upper-melody-eighths-130,skipped-5%,song,12.990,F3,F3,1,0,30.07,0
upper-melody-eighths-130,skipped-5%,song,13.231,C3,C3,1,0,31.79,0
upper-melody-eighths-130,skipped-5%,song,13.464,E3,E3,1,0,28.44,0
upper-melody-eighths-130,skipped-5%,song,13.687,G3,G3,1,0,28.04,0
upper-melody-eighths-130,skipped-5%,song,13.905,C4,C4,1,0,23.19,0
upper-melody-eighths-130,skipped-5%,song,14.147,A#3,A#3,1,0,24.50,0
upper-melody-eighths-130,skipped-5%,song,14.367,G3,G3,1,0,27.78,0
upper-melody-eighths-130,skipped-5%,song,14.846,F3,F3,1,0,28.64,0
upper-melody-eighths-130,skipped-5%,song+periodicity,0.286,G2,G2,1,1,2.22,0
upper-melody-eighths-130,skipped-5%,song+periodicity,0.542,B2,B2,1,1,9.62,0
upper-melody-eighths-130,skipped-5%,song+periodicity,0.769,D3,D3,1,1,4.38,0
upper-melody-eighths-130,skipped-5%,song+periodicity,0.983,G3,G3,1,1,4.74,0
upper-melody-eighths-130,skipped-5%,song+periodicity,1.215,F3,F3,1,1,4.87,0
upper-melody-eighths-130,skipped-5%,song+periodicity,1.445,D3,D3,1,1,5.71,0
upper-melody-eighths-130,skipped-5%,song+periodicity,1.903,C3,C3,1,1,5.43,0
upper-melody-eighths-130,skipped-5%,song+periodicity,2.140,G2,G2,1,1,5.64,0
upper-melody-eighths-130,skipped-5%,song+periodicity,2.362,B2,B2,1,1,4.17,0
upper-melody-eighths-130,skipped-5%,song+periodicity,2.595,D3,D3,1,1,5.05,0
upper-melody-eighths-130,skipped-5%,song+periodicity,2.835,G3,G3,1,1,5.19,0
upper-melody-eighths-130,skipped-5%,song+periodicity,3.072,F3,F3,1,1,3.97,0
upper-melody-eighths-130,skipped-5%,song+periodicity,3.297,D3,D3,1,1,5.56,0
upper-melody-eighths-130,skipped-5%,song+periodicity,3.777,C3,C3,1,1,3.47,0
upper-melody-eighths-130,skipped-5%,song+periodicity,3.978,C3,C3,1,1,5.59,0
upper-melody-eighths-130,skipped-5%,song+periodicity,4.226,E3,E3,1,1,4.78,0
upper-melody-eighths-130,skipped-5%,song+periodicity,4.465,G3,G3,1,1,4.78,0
upper-melody-eighths-130,skipped-5%,song+periodicity,4.677,C4,C4,1,1,4.38,0
upper-melody-eighths-130,skipped-5%,song+periodicity,4.910,A#3,A#3,1,1,5.60,0
upper-melody-eighths-130,skipped-5%,song+periodicity,5.140,G3,G3,1,1,4.23,0
upper-melody-eighths-130,skipped-5%,song+periodicity,5.602,F3,F3,1,1,4.63,0
upper-melody-eighths-130,skipped-5%,song+periodicity,5.843,C3,C3,1,1,6.38,0
upper-melody-eighths-130,skipped-5%,song+periodicity,6.069,E3,E3,1,1,4.63,0
upper-melody-eighths-130,skipped-5%,song+periodicity,6.309,G3,G3,1,1,5.26,0
upper-melody-eighths-130,skipped-5%,song+periodicity,6.518,C4,C4,1,1,4.58,0
upper-melody-eighths-130,skipped-5%,song+periodicity,6.756,A#3,A#3,1,1,4.08,0
upper-melody-eighths-130,skipped-5%,song+periodicity,6.983,G3,G3,1,1,4.70,0
upper-melody-eighths-130,skipped-5%,song+periodicity,7.444,F3,F3,1,1,4.47,0
upper-melody-eighths-130,skipped-5%,song+periodicity,7.684,G2,G2,1,1,6.93,0
upper-melody-eighths-130,skipped-5%,song+periodicity,7.902,B2,B2,1,1,4.89,0
upper-melody-eighths-130,skipped-5%,song+periodicity,8.141,D3,D3,1,1,4.36,0
upper-melody-eighths-130,skipped-5%,song+periodicity,8.391,G3,G3,1,1,4.80,0
upper-melody-eighths-130,skipped-5%,song+periodicity,8.602,F3,F3,1,1,4.30,0
upper-melody-eighths-130,skipped-5%,song+periodicity,8.825,D3,D3,1,1,6.12,0
upper-melody-eighths-130,skipped-5%,song+periodicity,9.308,C3,C3,1,1,4.20,0
upper-melody-eighths-130,skipped-5%,song+periodicity,9.530,G2,G2,1,1,5.58,0
upper-melody-eighths-130,skipped-5%,song+periodicity,9.775,B2,B2,1,1,6.49,0
upper-melody-eighths-130,skipped-5%,song+periodicity,9.991,D3,D3,1,1,4.72,0
upper-melody-eighths-130,skipped-5%,song+periodicity,10.225,G3,G3,1,1,4.75,0
upper-melody-eighths-130,skipped-5%,song+periodicity,10.457,F3,F3,1,1,5.30,0
upper-melody-eighths-130,skipped-5%,song+periodicity,11.594,E3,E3,1,1,4.27,0
upper-melody-eighths-130,skipped-5%,song+periodicity,11.838,G3,G3,1,1,4.87,0
upper-melody-eighths-130,skipped-5%,song+periodicity,12.073,C4,C4,1,1,6.81,0
upper-melody-eighths-130,skipped-5%,song+periodicity,12.314,A#3,A#3,1,1,5.80,0
upper-melody-eighths-130,skipped-5%,song+periodicity,12.529,G3,G3,1,1,7.30,0
upper-melody-eighths-130,skipped-5%,song+periodicity,12.990,F3,F3,1,1,4.74,0
upper-melody-eighths-130,skipped-5%,song+periodicity,13.231,C3,C3,1,1,5.12,0
upper-melody-eighths-130,skipped-5%,song+periodicity,13.464,E3,E3,1,1,4.44,0
upper-melody-eighths-130,skipped-5%,song+periodicity,13.687,G3,G3,1,1,5.37,0
upper-melody-eighths-130,skipped-5%,song+periodicity,13.905,C4,C4,1,1,4.53,0
upper-melody-eighths-130,skipped-5%,song+periodicity,14.147,A#3,A#3,1,1,4.50,0
upper-melody-eighths-130,skipped-5%,song+periodicity,14.367,G3,G3,1,1,5.11,0
upper-melody-eighths-130,skipped-5%,song+periodicity,14.846,F3,F3,1,1,4.64,0
upper-melody-eighths-130,wrong-start+4,free,0.286,G2,G2,1,0,39.35,0
upper-melody-eighths-130,wrong-start+4,free,0.522,B2,B2,1,0,40.33,0
upper-melody-eighths-130,wrong-start+4,free,0.751,D3,D3,1,0,34.15,0
upper-melody-eighths-130,wrong-start+4,free,0.981,G3,G3,1,0,30.05,0
upper-melody-eighths-130,wrong-start+4,free,1.237,F3,F3,1,0,28.69,0
upper-melody-eighths-130,wrong-start+4,free,1.449,D3,D3,1,0,33.33,0
upper-melody-eighths-130,wrong-start+4,free,1.901,C3,C3,1,0,33.22,0
upper-melody-eighths-130,wrong-start+4,free,2.132,G2,G2,1,0,45.29,0
upper-melody-eighths-130,wrong-start+4,free,2.390,B2,B2,1,0,40.23,0
upper-melody-eighths-130,wrong-start+4,free,2.618,D3,D3,1,0,33.99,0
upper-melody-eighths-130,wrong-start+4,free,2.843,G3,G3,1,0,27.59,0
upper-melody-eighths-130,wrong-start+4,free,3.071,F3,F3,1,0,29.35,0
upper-melody-eighths-130,wrong-start+4,free,3.307,D3,D3,1,0,33.38,0
upper-melody-eighths-130,wrong-start+4,free,3.748,C3,C3,1,0,34.18,0
upper-melody-eighths-130,wrong-start+4,free,3.983,C3,none,0,0,-,0
upper-melody-eighths-130,wrong-start+4,free,4.228,E3,E3,1,0,26.94,0
upper-melody-eighths-130,wrong-start+4,free,4.442,G3,G3,1,0,28.48,0
upper-melody-eighths-130,wrong-start+4,free,4.680,C4,C4,1,0,22.92,0
upper-melody-eighths-130,wrong-start+4,free,4.914,A#3,A#3,1,0,23.69,0
upper-melody-eighths-130,wrong-start+4,free,5.160,G3,G3,1,0,27.70,0
upper-melody-eighths-130,wrong-start+4,free,5.596,F3,F3,1,0,29.79,0
upper-melody-eighths-130,wrong-start+4,free,5.845,C3,C3,1,0,34.89,0
upper-melody-eighths-130,wrong-start+4,free,6.063,E3,E3,1,0,29.09,0
upper-melody-eighths-130,wrong-start+4,free,6.290,G3,G3,1,0,27.50,0
upper-melody-eighths-130,wrong-start+4,free,6.545,C4,C4,1,0,23.18,0
upper-melody-eighths-130,wrong-start+4,free,6.752,A#3,A#3,1,0,24.89,0
upper-melody-eighths-130,wrong-start+4,free,6.979,G3,G3,1,0,28.93,0
upper-melody-eighths-130,wrong-start+4,free,7.448,F3,F3,1,0,28.85,0
upper-melody-eighths-130,wrong-start+4,free,7.679,G2,G2,1,0,46.52,0
upper-melody-eighths-130,wrong-start+4,free,7.928,B2,B2,1,0,39.90,0
upper-melody-eighths-130,wrong-start+4,free,8.142,D3,D3,1,0,32.73,0
upper-melody-eighths-130,wrong-start+4,free,8.371,G3,G3,1,0,29.11,0
upper-melody-eighths-130,wrong-start+4,free,8.598,F3,F3,1,0,30.08,0
upper-melody-eighths-130,wrong-start+4,free,8.831,D3,D3,1,0,34.27,0
upper-melody-eighths-130,wrong-start+4,free,9.290,C3,C3,1,0,32.82,0
upper-melody-eighths-130,wrong-start+4,free,9.529,G2,G2,1,0,45.84,0
upper-melody-eighths-130,wrong-start+4,free,9.771,B2,B2,1,0,40.67,0
upper-melody-eighths-130,wrong-start+4,free,9.998,D3,D3,1,0,32.54,0
upper-melody-eighths-130,wrong-start+4,free,10.209,G3,G3,1,0,28.37,0
upper-melody-eighths-130,wrong-start+4,free,10.444,F3,F3,1,0,27.60,0
upper-melody-eighths-130,wrong-start+4,free,10.674,D3,D3,1,0,33.91,0
upper-melody-eighths-130,wrong-start+4,free,11.145,C3,C3,1,0,32.49,0
upper-melody-eighths-130,wrong-start+4,free,11.373,C3,none,0,0,-,0
upper-melody-eighths-130,wrong-start+4,free,11.605,E3,E3,1,0,29.98,0
upper-melody-eighths-130,wrong-start+4,free,11.845,G3,G3,1,0,29.20,0
upper-melody-eighths-130,wrong-start+4,free,12.082,C4,C4,1,0,20.75,0
upper-melody-eighths-130,wrong-start+4,free,12.310,A#3,A#3,1,0,24.34,0
upper-melody-eighths-130,wrong-start+4,free,12.535,G3,G3,1,0,30.10,0
upper-melody-eighths-130,wrong-start+4,free,12.980,F3,F3,1,0,27.92,0
upper-melody-eighths-130,wrong-start+4,free,13.214,C3,C3,1,0,33.90,0
upper-melody-eighths-130,wrong-start+4,free,13.457,E3,E3,1,0,25.39,0
upper-melody-eighths-130,wrong-start+4,free,13.685,G3,G3,1,0,29.92,0
upper-melody-eighths-130,wrong-start+4,free,13.914,C4,C4,1,0,20.40,0
upper-melody-eighths-130,wrong-start+4,free,14.134,A#3,A#3,1,0,26.21,0
upper-melody-eighths-130,wrong-start+4,free,14.371,G3,G3,1,0,28.66,0
upper-melody-eighths-130,wrong-start+4,free,14.844,F3,F3,1,0,27.74,0
upper-melody-eighths-130,wrong-start+4,song,0.286,G2,F3,0,1,54.01,1
upper-melody-eighths-130,wrong-start+4,song,0.522,B2,B2,1,0,40.33,0
upper-melody-eighths-130,wrong-start+4,song,0.751,D3,D3,1,0,34.15,0
upper-melody-eighths-130,wrong-start+4,song,0.981,G3,G3,1,0,30.05,0
upper-melody-eighths-130,wrong-start+4,song,1.237,F3,F3,1,0,28.69,0
upper-melody-eighths-130,wrong-start+4,song,1.449,D3,D3,1,0,33.33,0
upper-melody-eighths-130,wrong-start+4,song,1.901,C3,C3,1,0,33.22,0
upper-melody-eighths-130,wrong-start+4,song,2.132,G2,G2,1,0,45.29,0
upper-melody-eighths-130,wrong-start+4,song,2.390,B2,B2,1,0,40.23,0
upper-melody-eighths-130,wrong-start+4,song,2.618,D3,D3,1,0,33.99,0
upper-melody-eighths-130,wrong-start+4,song,2.843,G3,G3,1,0,27.59,0
upper-melody-eighths-130,wrong-start+4,song,3.071,F3,F3,1,0,29.35,0
upper-melody-eighths-130,wrong-start+4,song,3.307,D3,D3,1,0,33.38,0
upper-melody-eighths-130,wrong-start+4,song,3.748,C3,C3,1,0,34.18,0
upper-melody-eighths-130,wrong-start+4,song,3.983,C3,none,0,0,-,0
upper-melody-eighths-130,wrong-start+4,song,4.228,E3,E3,1,0,26.94,0
upper-melody-eighths-130,wrong-start+4,song,4.442,G3,G3,1,0,28.48,0
upper-melody-eighths-130,wrong-start+4,song,4.680,C4,C4,1,0,22.92,0
upper-melody-eighths-130,wrong-start+4,song,4.914,A#3,A#3,1,0,23.69,0
upper-melody-eighths-130,wrong-start+4,song,5.160,G3,G3,1,0,27.70,0
upper-melody-eighths-130,wrong-start+4,song,5.596,F3,F3,1,0,29.79,0
upper-melody-eighths-130,wrong-start+4,song,5.845,C3,C3,1,0,34.89,0
upper-melody-eighths-130,wrong-start+4,song,6.063,E3,E3,1,0,29.09,0
upper-melody-eighths-130,wrong-start+4,song,6.290,G3,G3,1,0,27.50,0
upper-melody-eighths-130,wrong-start+4,song,6.545,C4,C4,1,0,23.18,0
upper-melody-eighths-130,wrong-start+4,song,6.752,A#3,A#3,1,0,24.89,0
upper-melody-eighths-130,wrong-start+4,song,6.979,G3,G3,1,0,28.93,0
upper-melody-eighths-130,wrong-start+4,song,7.448,F3,F3,1,0,28.85,0
upper-melody-eighths-130,wrong-start+4,song,7.679,G2,G2,1,0,46.52,0
upper-melody-eighths-130,wrong-start+4,song,7.928,B2,B2,1,0,39.90,0
upper-melody-eighths-130,wrong-start+4,song,8.142,D3,D3,1,0,32.73,0
upper-melody-eighths-130,wrong-start+4,song,8.371,G3,G3,1,0,29.11,0
upper-melody-eighths-130,wrong-start+4,song,8.598,F3,F3,1,0,30.08,0
upper-melody-eighths-130,wrong-start+4,song,8.831,D3,D3,1,0,34.27,0
upper-melody-eighths-130,wrong-start+4,song,9.290,C3,C3,1,1,6.16,0
upper-melody-eighths-130,wrong-start+4,song,9.529,G2,G2,1,0,45.84,0
upper-melody-eighths-130,wrong-start+4,song,9.771,B2,B2,1,0,40.67,0
upper-melody-eighths-130,wrong-start+4,song,9.998,D3,D3,1,0,32.54,0
upper-melody-eighths-130,wrong-start+4,song,10.209,G3,G3,1,0,28.37,0
upper-melody-eighths-130,wrong-start+4,song,10.444,F3,F3,1,0,27.60,0
upper-melody-eighths-130,wrong-start+4,song,10.674,D3,D3,1,0,33.91,0
upper-melody-eighths-130,wrong-start+4,song,11.145,C3,C3,1,0,32.49,0
upper-melody-eighths-130,wrong-start+4,song,11.373,C3,none,0,0,-,0
upper-melody-eighths-130,wrong-start+4,song,11.605,E3,E3,1,0,29.98,0
upper-melody-eighths-130,wrong-start+4,song,11.845,G3,G3,1,0,29.20,0
upper-melody-eighths-130,wrong-start+4,song,12.082,C4,C4,1,0,20.75,0
upper-melody-eighths-130,wrong-start+4,song,12.310,A#3,A#3,1,0,24.34,0
upper-melody-eighths-130,wrong-start+4,song,12.535,G3,G3,1,0,30.10,0
upper-melody-eighths-130,wrong-start+4,song,12.980,F3,F3,1,0,27.92,0
upper-melody-eighths-130,wrong-start+4,song,13.214,C3,C3,1,0,33.90,0
upper-melody-eighths-130,wrong-start+4,song,13.457,E3,E3,1,0,25.39,0
upper-melody-eighths-130,wrong-start+4,song,13.685,G3,G3,1,0,29.92,0
upper-melody-eighths-130,wrong-start+4,song,13.914,C4,C4,1,0,20.40,0
upper-melody-eighths-130,wrong-start+4,song,14.134,A#3,A#3,1,0,26.21,0
upper-melody-eighths-130,wrong-start+4,song,14.371,G3,G3,1,0,28.66,0
upper-melody-eighths-130,wrong-start+4,song,14.844,F3,F3,1,0,27.74,0
upper-melody-eighths-130,wrong-start+4,song+periodicity,0.286,G2,F3,0,1,54.01,1
upper-melody-eighths-130,wrong-start+4,song+periodicity,0.522,B2,D3,0,1,49.66,1
upper-melody-eighths-130,wrong-start+4,song+periodicity,0.751,D3,D3,1,1,4.82,0
upper-melody-eighths-130,wrong-start+4,song+periodicity,0.981,G3,G3,1,1,4.71,0
upper-melody-eighths-130,wrong-start+4,song+periodicity,1.237,F3,F3,1,1,4.69,0
upper-melody-eighths-130,wrong-start+4,song+periodicity,1.449,D3,D3,1,1,5.33,0
upper-melody-eighths-130,wrong-start+4,song+periodicity,1.901,C3,C3,1,1,3.89,0
upper-melody-eighths-130,wrong-start+4,song+periodicity,2.132,G2,C3,0,1,95.96,1
upper-melody-eighths-130,wrong-start+4,song+periodicity,2.390,B2,E3,0,1,89.56,1
upper-melody-eighths-130,wrong-start+4,song+periodicity,2.618,D3,D3,1,1,5.99,0
upper-melody-eighths-130,wrong-start+4,song+periodicity,2.843,G3,G3,1,1,4.92,0
upper-melody-eighths-130,wrong-start+4,song+periodicity,3.071,F3,F3,1,1,5.35,0
upper-melody-eighths-130,wrong-start+4,song+periodicity,3.307,D3,D3,1,1,5.38,0
upper-melody-eighths-130,wrong-start+4,song+periodicity,3.748,C3,C3,1,1,4.85,0
upper-melody-eighths-130,wrong-start+4,song+periodicity,3.983,C3,C3,1,1,5.41,0
upper-melody-eighths-130,wrong-start+4,song+periodicity,4.228,E3,E3,1,1,5.61,0
upper-melody-eighths-130,wrong-start+4,song+periodicity,4.442,G3,G3,1,1,4.48,0
upper-melody-eighths-130,wrong-start+4,song+periodicity,4.680,C4,C4,1,1,4.26,0
upper-melody-eighths-130,wrong-start+4,song+periodicity,4.914,A#3,A#3,1,1,5.02,0
upper-melody-eighths-130,wrong-start+4,song+periodicity,5.160,G3,G3,1,1,3.70,0
upper-melody-eighths-130,wrong-start+4,song+periodicity,5.596,F3,F3,1,1,4.46,0
upper-melody-eighths-130,wrong-start+4,song+periodicity,5.845,C3,C3,1,1,4.22,0
upper-melody-eighths-130,wrong-start+4,song+periodicity,6.063,E3,E3,1,1,5.09,0
upper-melody-eighths-130,wrong-start+4,song+periodicity,6.290,G3,G3,1,1,4.83,0
upper-melody-eighths-130,wrong-start+4,song+periodicity,6.545,C4,C4,1,1,4.52,0
upper-melody-eighths-130,wrong-start+4,song+periodicity,6.752,A#3,A#3,1,1,3.56,0
upper-melody-eighths-130,wrong-start+4,song+periodicity,6.979,G3,G3,1,1,4.93,0
upper-melody-eighths-130,wrong-start+4,song+periodicity,7.448,F3,F3,1,1,4.85,0
upper-melody-eighths-130,wrong-start+4,song+periodicity,7.679,G2,G2,1,1,5.18,0
upper-melody-eighths-130,wrong-start+4,song+periodicity,7.928,B2,B2,1,1,3.90,0
upper-melody-eighths-130,wrong-start+4,song+periodicity,8.142,D3,D3,1,1,4.73,0
upper-melody-eighths-130,wrong-start+4,song+periodicity,8.371,G3,G3,1,1,5.11,0
upper-melody-eighths-130,wrong-start+4,song+periodicity,8.598,F3,F3,1,1,4.74,0
upper-melody-eighths-130,wrong-start+4,song+periodicity,8.831,D3,D3,1,1,4.94,0
upper-melody-eighths-130,wrong-start+4,song+periodicity,9.290,C3,C3,1,1,4.82,0
upper-melody-eighths-130,wrong-start+4,song+periodicity,9.529,G2,G2,1,1,4.50,0
upper-melody-eighths-130,wrong-start+4,song+periodicity,9.771,B2,B2,1,1,4.67,0
upper-melody-eighths-130,wrong-start+4,song+periodicity,9.998,D3,D3,1,1,5.87,0
upper-melody-eighths-130,wrong-start+4,song+periodicity,10.209,G3,G3,1,1,5.70,0
upper-melody-eighths-130,wrong-start+4,song+periodicity,10.444,F3,F3,1,1,4.94,0
upper-melody-eighths-130,wrong-start+4,song+periodicity,10.674,D3,D3,1,1,5.91,0
upper-melody-eighths-130,wrong-start+4,song+periodicity,11.145,C3,C3,1,1,4.49,0
upper-melody-eighths-130,wrong-start+4,song+periodicity,11.373,C3,C3,1,1,4.00,0
upper-melody-eighths-130,wrong-start+4,song+periodicity,11.605,E3,E3,1,1,4.65,0
upper-melody-eighths-130,wrong-start+4,song+periodicity,11.845,G3,G3,1,1,5.20,0
upper-melody-eighths-130,wrong-start+4,song+periodicity,12.082,C4,C4,1,1,4.75,0
upper-melody-eighths-130,wrong-start+4,song+periodicity,12.310,A#3,A#3,1,1,4.34,0
upper-melody-eighths-130,wrong-start+4,song+periodicity,12.535,G3,G3,1,1,4.77,0
upper-melody-eighths-130,wrong-start+4,song+periodicity,12.980,F3,F3,1,1,3.92,0
upper-melody-eighths-130,wrong-start+4,song+periodicity,13.214,C3,C3,1,1,5.90,0
upper-melody-eighths-130,wrong-start+4,song+periodicity,13.457,E3,E3,1,1,4.06,0
upper-melody-eighths-130,wrong-start+4,song+periodicity,13.685,G3,G3,1,1,4.59,0
upper-melody-eighths-130,wrong-start+4,song+periodicity,13.914,C4,C4,1,1,5.74,0
upper-melody-eighths-130,wrong-start+4,song+periodicity,14.134,A#3,A#3,1,1,4.87,0
upper-melody-eighths-130,wrong-start+4,song+periodicity,14.371,G3,G3,1,1,4.66,0
upper-melody-eighths-130,wrong-start+4,song+periodicity,14.844,F3,F3,1,1,3.74,0
