setup,sample_rate_hz,variant,level,expected_note,expected_name,window_samples,hop_samples,window_ms,hop_ms,note_ons,first_note,first_note_name,first_latency_ms,wrong_note_ons,octave_note_ons,sustain_frames,correct_frames,octave_frames,other_frames,invalid_frames,median_abs_cents
warf-like-yin,44100,full-fundamental,medium,28,E1,2048,512,46.44,11.61,1,29,F1,225.08,1,0,48,0,0,34,14,-
warf-like-yin,44100,full-fundamental,soft,28,E1,2048,512,46.44,11.61,0,-1,none,-,0,0,48,0,0,34,14,-
warf-like-yin,44100,weak-fundamental,medium,28,E1,2048,512,46.44,11.61,0,-1,none,-,0,0,48,0,0,0,48,-
warf-like-yin,44100,weak-fundamental,soft,28,E1,2048,512,46.44,11.61,0,-1,none,-,0,0,48,0,0,0,48,-
warf-like-yin,44100,full-fundamental,medium,29,F1,2048,512,46.44,11.61,1,29,F1,50.93,0,0,48,48,0,0,0,0.02
warf-like-yin,44100,full-fundamental,soft,29,F1,2048,512,46.44,11.61,0,-1,none,-,0,0,48,48,0,0,0,0.03
warf-like-yin,44100,weak-fundamental,medium,29,F1,2048,512,46.44,11.61,1,29,F1,62.54,0,0,48,48,0,0,0,0.02
warf-like-yin,44100,weak-fundamental,soft,29,F1,2048,512,46.44,11.61,0,-1,none,-,0,0,48,48,0,0,0,0.03
warf-like-yin,44100,full-fundamental,medium,30,F#1,2048,512,46.44,11.61,1,30,F#1,50.93,0,0,48,48,0,0,0,0.05
warf-like-yin,44100,full-fundamental,soft,30,F#1,2048,512,46.44,11.61,0,-1,none,-,0,0,48,48,0,0,0,0.05
warf-like-yin,44100,weak-fundamental,medium,30,F#1,2048,512,46.44,11.61,1,30,F#1,62.54,0,0,48,48,0,0,0,0.03
warf-like-yin,44100,weak-fundamental,soft,30,F#1,2048,512,46.44,11.61,0,-1,none,-,0,0,48,48,0,0,0,0.05
warf-like-yin,44100,full-fundamental,medium,31,G1,2048,512,46.44,11.61,1,31,G1,50.93,0,0,48,48,0,0,0,0.09
warf-like-yin,44100,full-fundamental,soft,31,G1,2048,512,46.44,11.61,0,-1,none,-,0,0,48,48,0,0,0,0.08
warf-like-yin,44100,weak-fundamental,medium,31,G1,2048,512,46.44,11.61,1,31,G1,50.93,0,0,48,48,0,0,0,0.03
warf-like-yin,44100,weak-fundamental,soft,31,G1,2048,512,46.44,11.61,0,-1,none,-,0,0,48,48,0,0,0,0.05
warf-like-yin,44100,full-fundamental,medium,32,G#1,2048,512,46.44,11.61,1,32,G#1,62.54,0,0,48,48,0,0,0,0.05
warf-like-yin,44100,full-fundamental,soft,32,G#1,2048,512,46.44,11.61,0,-1,none,-,0,0,48,48,0,0,0,0.06
warf-like-yin,44100,weak-fundamental,medium,32,G#1,2048,512,46.44,11.61,1,32,G#1,62.54,0,0,48,48,0,0,0,0.03
warf-like-yin,44100,weak-fundamental,soft,32,G#1,2048,512,46.44,11.61,0,-1,none,-,0,0,48,48,0,0,0,0.04
warf-like-yin,44100,full-fundamental,medium,33,A1,2048,512,46.44,11.61,1,33,A1,62.54,0,0,48,48,0,0,0,0.06
warf-like-yin,44100,full-fundamental,soft,33,A1,2048,512,46.44,11.61,0,-1,none,-,0,0,48,48,0,0,0,0.07
warf-like-yin,44100,weak-fundamental,medium,33,A1,2048,512,46.44,11.61,1,33,A1,50.93,0,0,48,48,0,0,0,0.02
warf-like-yin,44100,weak-fundamental,soft,33,A1,2048,512,46.44,11.61,0,-1,none,-,0,0,48,48,0,0,0,0.02
warf-like-yin,44100,full-fundamental,medium,34,A#1,2048,512,46.44,11.61,1,34,A#1,62.54,0,0,48,48,0,0,0,0.03
warf-like-yin,44100,full-fundamental,soft,34,A#1,2048,512,46.44,11.61,0,-1,none,-,0,0,48,48,0,0,0,0.05
warf-like-yin,44100,weak-fundamental,medium,34,A#1,2048,512,46.44,11.61,1,34,A#1,62.54,0,0,48,48,0,0,0,0.02
warf-like-yin,44100,weak-fundamental,soft,34,A#1,2048,512,46.44,11.61,0,-1,none,-,0,0,48,48,0,0,0,0.02
warf-like-yin,44100,full-fundamental,medium,35,B1,2048,512,46.44,11.61,1,35,B1,62.54,0,0,48,48,0,0,0,0.03
warf-like-yin,44100,full-fundamental,soft,35,B1,2048,512,46.44,11.61,0,-1,none,-,0,0,48,48,0,0,0,0.04
warf-like-yin,44100,weak-fundamental,medium,35,B1,2048,512,46.44,11.61,1,35,B1,50.93,0,0,48,48,0,0,0,0.02
warf-like-yin,44100,weak-fundamental,soft,35,B1,2048,512,46.44,11.61,0,-1,none,-,0,0,48,48,0,0,0,0.02
warf-like-yin,44100,full-fundamental,medium,36,C2,2048,512,46.44,11.61,1,36,C2,62.54,0,0,48,48,0,0,0,0.05
warf-like-yin,44100,full-fundamental,soft,36,C2,2048,512,46.44,11.61,0,-1,none,-,0,0,48,48,0,0,0,0.06
warf-like-yin,44100,weak-fundamental,medium,36,C2,2048,512,46.44,11.61,1,36,C2,62.54,0,0,48,48,0,0,0,0.02
warf-like-yin,44100,weak-fundamental,soft,36,C2,2048,512,46.44,11.61,0,-1,none,-,0,0,48,48,0,0,0,0.03
warf-like-yin,44100,full-fundamental,medium,37,C#2,2048,512,46.44,11.61,1,37,C#2,62.54,0,0,48,48,0,0,0,0.03
warf-like-yin,44100,full-fundamental,soft,37,C#2,2048,512,46.44,11.61,0,-1,none,-,0,0,48,48,0,0,0,0.04
warf-like-yin,44100,weak-fundamental,medium,37,C#2,2048,512,46.44,11.61,1,37,C#2,62.54,0,0,48,48,0,0,0,0.02
warf-like-yin,44100,weak-fundamental,soft,37,C#2,2048,512,46.44,11.61,0,-1,none,-,0,0,48,48,0,0,0,0.02
warf-like-yin,44100,full-fundamental,medium,38,D2,2048,512,46.44,11.61,1,38,D2,62.54,0,0,48,48,0,0,0,0.02
warf-like-yin,44100,full-fundamental,soft,38,D2,2048,512,46.44,11.61,0,-1,none,-,0,0,48,48,0,0,0,0.03
warf-like-yin,44100,weak-fundamental,medium,38,D2,2048,512,46.44,11.61,1,38,D2,62.54,0,0,48,48,0,0,0,0.02
warf-like-yin,44100,weak-fundamental,soft,38,D2,2048,512,46.44,11.61,0,-1,none,-,0,0,48,48,0,0,0,0.02
warf-like-yin,44100,full-fundamental,medium,39,D#2,2048,512,46.44,11.61,1,39,D#2,62.54,0,0,48,48,0,0,0,0.03
warf-like-yin,44100,full-fundamental,soft,39,D#2,2048,512,46.44,11.61,0,-1,none,-,0,0,48,48,0,0,0,0.04
warf-like-yin,44100,weak-fundamental,medium,39,D#2,2048,512,46.44,11.61,1,39,D#2,62.54,0,0,48,48,0,0,0,0.01
warf-like-yin,44100,weak-fundamental,soft,39,D#2,2048,512,46.44,11.61,0,-1,none,-,0,0,48,48,0,0,0,0.02
warf-like-yin,44100,full-fundamental,medium,40,E2,2048,512,46.44,11.61,1,40,E2,62.54,0,0,48,48,0,0,0,0.03
warf-like-yin,44100,full-fundamental,soft,40,E2,2048,512,46.44,11.61,0,-1,none,-,0,0,48,48,0,0,0,0.03
warf-like-yin,44100,weak-fundamental,medium,40,E2,2048,512,46.44,11.61,1,40,E2,62.54,0,0,48,48,0,0,0,0.01
warf-like-yin,44100,weak-fundamental,soft,40,E2,2048,512,46.44,11.61,0,-1,none,-,0,0,48,48,0,0,0,0.02
warf-like-yin,44100,full-fundamental,medium,41,F2,2048,512,46.44,11.61,1,41,F2,62.54,0,0,48,48,0,0,0,0.01
warf-like-yin,44100,full-fundamental,soft,41,F2,2048,512,46.44,11.61,0,-1,none,-,0,0,48,48,0,0,0,0.02
warf-like-yin,44100,weak-fundamental,medium,41,F2,2048,512,46.44,11.61,1,41,F2,62.54,0,0,48,48,0,0,0,0.01
warf-like-yin,44100,weak-fundamental,soft,41,F2,2048,512,46.44,11.61,0,-1,none,-,0,0,48,48,0,0,0,0.02
warf-like-yin,44100,full-fundamental,medium,42,F#2,2048,512,46.44,11.61,1,42,F#2,62.54,0,0,48,48,0,0,0,0.02
warf-like-yin,44100,full-fundamental,soft,42,F#2,2048,512,46.44,11.61,0,-1,none,-,0,0,48,48,0,0,0,0.03
warf-like-yin,44100,weak-fundamental,medium,42,F#2,2048,512,46.44,11.61,1,42,F#2,62.54,0,0,48,48,0,0,0,0.01
warf-like-yin,44100,weak-fundamental,soft,42,F#2,2048,512,46.44,11.61,0,-1,none,-,0,0,48,48,0,0,0,0.01
warf-like-yin,44100,full-fundamental,medium,43,G2,2048,512,46.44,11.61,1,43,G2,62.54,0,0,48,48,0,0,0,0.02
warf-like-yin,44100,full-fundamental,soft,43,G2,2048,512,46.44,11.61,0,-1,none,-,0,0,48,48,0,0,0,0.02
warf-like-yin,44100,weak-fundamental,medium,43,G2,2048,512,46.44,11.61,1,43,G2,62.54,0,0,48,48,0,0,0,0.01
warf-like-yin,44100,weak-fundamental,soft,43,G2,2048,512,46.44,11.61,0,-1,none,-,0,0,48,48,0,0,0,0.02
warf-like-yin,44100,full-fundamental,medium,44,G#2,2048,512,46.44,11.61,1,44,G#2,62.54,0,0,48,48,0,0,0,0.01
warf-like-yin,44100,full-fundamental,soft,44,G#2,2048,512,46.44,11.61,0,-1,none,-,0,0,48,48,0,0,0,0.02
warf-like-yin,44100,weak-fundamental,medium,44,G#2,2048,512,46.44,11.61,1,44,G#2,62.54,0,0,48,48,0,0,0,0.01
warf-like-yin,44100,weak-fundamental,soft,44,G#2,2048,512,46.44,11.61,0,-1,none,-,0,0,48,48,0,0,0,0.01
warf-like-yin,44100,full-fundamental,medium,45,A2,2048,512,46.44,11.61,1,45,A2,62.54,0,0,48,48,0,0,0,0.01
warf-like-yin,44100,full-fundamental,soft,45,A2,2048,512,46.44,11.61,0,-1,none,-,0,0,48,48,0,0,0,0.02
warf-like-yin,44100,weak-fundamental,medium,45,A2,2048,512,46.44,11.61,1,45,A2,62.54,0,0,48,48,0,0,0,0.01
warf-like-yin,44100,weak-fundamental,soft,45,A2,2048,512,46.44,11.61,0,-1,none,-,0,0,48,48,0,0,0,0.01
warf-like-yin,44100,full-fundamental,medium,46,A#2,2048,512,46.44,11.61,1,46,A#2,62.54,0,0,48,48,0,0,0,0.02
warf-like-yin,44100,full-fundamental,soft,46,A#2,2048,512,46.44,11.61,0,-1,none,-,0,0,48,48,0,0,0,0.02
warf-like-yin,44100,weak-fundamental,medium,46,A#2,2048,512,46.44,11.61,1,46,A#2,62.54,0,0,48,48,0,0,0,0.01
warf-like-yin,44100,weak-fundamental,soft,46,A#2,2048,512,46.44,11.61,0,-1,none,-,0,0,48,48,0,0,0,0.01
warf-like-yin,44100,full-fundamental,medium,47,B2,2048,512,46.44,11.61,1,47,B2,62.54,0,0,48,48,0,0,0,0.01
warf-like-yin,44100,full-fundamental,soft,47,B2,2048,512,46.44,11.61,0,-1,none,-,0,0,48,48,0,0,0,0.02
warf-like-yin,44100,weak-fundamental,medium,47,B2,2048,512,46.44,11.61,1,47,B2,62.54,0,0,48,48,0,0,0,0.01
warf-like-yin,44100,weak-fundamental,soft,47,B2,2048,512,46.44,11.61,0,-1,none,-,0,0,48,48,0,0,0,0.01
warf-like-yin,44100,full-fundamental,medium,48,C3,2048,512,46.44,11.61,1,48,C3,62.54,0,0,48,48,0,0,0,0.01
warf-like-yin,44100,full-fundamental,soft,48,C3,2048,512,46.44,11.61,0,-1,none,-,0,0,48,48,0,0,0,0.01
warf-like-yin,44100,weak-fundamental,medium,48,C3,2048,512,46.44,11.61,1,48,C3,62.54,0,0,48,48,0,0,0,0.01
warf-like-yin,44100,weak-fundamental,soft,48,C3,2048,512,46.44,11.61,0,-1,none,-,0,0,48,48,0,0,0,0.01
warf-like-yin,44100,full-fundamental,medium,49,C#3,2048,512,46.44,11.61,1,49,C#3,62.54,0,0,48,48,0,0,0,0.01
warf-like-yin,44100,full-fundamental,soft,49,C#3,2048,512,46.44,11.61,0,-1,none,-,0,0,48,48,0,0,0,0.02
warf-like-yin,44100,weak-fundamental,medium,49,C#3,2048,512,46.44,11.61,1,49,C#3,62.54,0,0,48,48,0,0,0,0.01
warf-like-yin,44100,weak-fundamental,soft,49,C#3,2048,512,46.44,11.61,0,-1,none,-,0,0,48,48,0,0,0,0.01
warf-like-yin,44100,full-fundamental,medium,50,D3,2048,512,46.44,11.61,1,50,D3,62.54,0,0,48,48,0,0,0,0.01
warf-like-yin,44100,full-fundamental,soft,50,D3,2048,512,46.44,11.61,0,-1,none,-,0,0,48,48,0,0,0,0.01
warf-like-yin,44100,weak-fundamental,medium,50,D3,2048,512,46.44,11.61,1,50,D3,62.54,0,0,48,48,0,0,0,0.01
warf-like-yin,44100,weak-fundamental,soft,50,D3,2048,512,46.44,11.61,0,-1,none,-,0,0,48,48,0,0,0,0.01
warf-like-yin,44100,full-fundamental,medium,51,D#3,2048,512,46.44,11.61,1,51,D#3,62.54,0,0,48,48,0,0,0,0.01
warf-like-yin,44100,full-fundamental,soft,51,D#3,2048,512,46.44,11.61,0,-1,none,-,0,0,48,48,0,0,0,0.01
warf-like-yin,44100,weak-fundamental,medium,51,D#3,2048,512,46.44,11.61,1,51,D#3,62.54,0,0,48,48,0,0,0,0.01
warf-like-yin,44100,weak-fundamental,soft,51,D#3,2048,512,46.44,11.61,0,-1,none,-,0,0,48,48,0,0,0,0.01
warf-like-yin,44100,full-fundamental,medium,52,E3,2048,512,46.44,11.61,1,52,E3,62.54,0,0,48,48,0,0,0,0.01
warf-like-yin,44100,full-fundamental,soft,52,E3,2048,512,46.44,11.61,0,-1,none,-,0,0,48,48,0,0,0,0.01
warf-like-yin,44100,weak-fundamental,medium,52,E3,2048,512,46.44,11.61,1,52,E3,62.54,0,0,48,48,0,0,0,0.00
warf-like-yin,44100,weak-fundamental,soft,52,E3,2048,512,46.44,11.61,0,-1,none,-,0,0,48,48,0,0,0,0.01
warf-like-yin,44100,full-fundamental,medium,53,F3,2048,512,46.44,11.61,1,53,F3,62.54,0,0,48,48,0,0,0,0.01
warf-like-yin,44100,full-fundamental,soft,53,F3,2048,512,46.44,11.61,0,-1,none,-,0,0,48,48,0,0,0,0.01
warf-like-yin,44100,weak-fundamental,medium,53,F3,2048,512,46.44,11.61,1,53,F3,62.54,0,0,48,48,0,0,0,0.00
warf-like-yin,44100,weak-fundamental,soft,53,F3,2048,512,46.44,11.61,0,-1,none,-,0,0,48,48,0,0,0,0.01
warf-like-yin,44100,full-fundamental,medium,54,F#3,2048,512,46.44,11.61,1,54,F#3,62.54,0,0,48,48,0,0,0,0.01
warf-like-yin,44100,full-fundamental,soft,54,F#3,2048,512,46.44,11.61,0,-1,none,-,0,0,48,48,0,0,0,0.02
warf-like-yin,44100,weak-fundamental,medium,54,F#3,2048,512,46.44,11.61,1,54,F#3,62.54,0,0,48,48,0,0,0,0.01
warf-like-yin,44100,weak-fundamental,soft,54,F#3,2048,512,46.44,11.61,0,-1,none,-,0,0,48,48,0,0,0,0.02
warf-like-yin,44100,full-fundamental,medium,55,G3,2048,512,46.44,11.61,1,55,G3,62.54,0,0,48,48,0,0,0,0.02
warf-like-yin,44100,full-fundamental,soft,55,G3,2048,512,46.44,11.61,0,-1,none,-,0,0,48,48,0,0,0,0.02
warf-like-yin,44100,weak-fundamental,medium,55,G3,2048,512,46.44,11.61,1,55,G3,62.54,0,0,48,48,0,0,0,0.02
warf-like-yin,44100,weak-fundamental,soft,55,G3,2048,512,46.44,11.61,0,-1,none,-,0,0,48,48,0,0,0,0.02
warf-like-yin,44100,full-fundamental,medium,56,G#3,2048,512,46.44,11.61,1,56,G#3,50.93,0,0,48,48,0,0,0,0.02
warf-like-yin,44100,full-fundamental,soft,56,G#3,2048,512,46.44,11.61,0,-1,none,-,0,0,48,48,0,0,0,0.02
warf-like-yin,44100,weak-fundamental,medium,56,G#3,2048,512,46.44,11.61,1,56,G#3,50.93,0,0,48,48,0,0,0,0.02
warf-like-yin,44100,weak-fundamental,soft,56,G#3,2048,512,46.44,11.61,0,-1,none,-,0,0,48,48,0,0,0,0.02
warf-like-yin,44100,full-fundamental,medium,57,A3,2048,512,46.44,11.61,1,57,A3,50.93,0,0,48,48,0,0,0,0.01
warf-like-yin,44100,full-fundamental,soft,57,A3,2048,512,46.44,11.61,0,-1,none,-,0,0,48,48,0,0,0,0.02
warf-like-yin,44100,weak-fundamental,medium,57,A3,2048,512,46.44,11.61,1,57,A3,50.93,0,0,48,48,0,0,0,0.01
warf-like-yin,44100,weak-fundamental,soft,57,A3,2048,512,46.44,11.61,0,-1,none,-,0,0,48,48,0,0,0,0.02
warf-like-yin,44100,full-fundamental,medium,58,A#3,2048,512,46.44,11.61,1,58,A#3,50.93,0,0,48,48,0,0,0,0.03
warf-like-yin,44100,full-fundamental,soft,58,A#3,2048,512,46.44,11.61,0,-1,none,-,0,0,48,48,0,0,0,0.03
warf-like-yin,44100,weak-fundamental,medium,58,A#3,2048,512,46.44,11.61,1,58,A#3,50.93,0,0,48,48,0,0,0,0.03
warf-like-yin,44100,weak-fundamental,soft,58,A#3,2048,512,46.44,11.61,0,-1,none,-,0,0,48,48,0,0,0,0.03
warf-like-yin,44100,full-fundamental,medium,59,B3,2048,512,46.44,11.61,1,59,B3,50.93,0,0,48,48,0,0,0,0.01
warf-like-yin,44100,full-fundamental,soft,59,B3,2048,512,46.44,11.61,0,-1,none,-,0,0,48,48,0,0,0,0.01
warf-like-yin,44100,weak-fundamental,medium,59,B3,2048,512,46.44,11.61,1,59,B3,50.93,0,0,48,48,0,0,0,0.01
warf-like-yin,44100,weak-fundamental,soft,59,B3,2048,512,46.44,11.61,0,-1,none,-,0,0,48,48,0,0,0,0.01
warf-like-yin,44100,full-fundamental,medium,60,C4,2048,512,46.44,11.61,1,60,C4,50.93,0,0,48,48,0,0,0,0.01
warf-like-yin,44100,full-fundamental,soft,60,C4,2048,512,46.44,11.61,0,-1,none,-,0,0,48,48,0,0,0,0.01
warf-like-yin,44100,weak-fundamental,medium,60,C4,2048,512,46.44,11.61,1,60,C4,50.93,0,0,48,48,0,0,0,0.01
warf-like-yin,44100,weak-fundamental,soft,60,C4,2048,512,46.44,11.61,0,-1,none,-,0,0,48,48,0,0,0,0.01
warf-like-yin,44100,full-fundamental,medium,61,C#4,2048,512,46.44,11.61,1,61,C#4,50.93,0,0,48,48,0,0,0,0.04
warf-like-yin,44100,full-fundamental,soft,61,C#4,2048,512,46.44,11.61,0,-1,none,-,0,0,48,48,0,0,0,0.04
warf-like-yin,44100,weak-fundamental,medium,61,C#4,2048,512,46.44,11.61,1,61,C#4,50.93,0,0,48,48,0,0,0,0.04
warf-like-yin,44100,weak-fundamental,soft,61,C#4,2048,512,46.44,11.61,0,-1,none,-,0,0,48,48,0,0,0,0.04
warf-like-yin,44100,full-fundamental,medium,62,D4,2048,512,46.44,11.61,1,62,D4,50.93,0,0,48,48,0,0,0,0.05
warf-like-yin,44100,full-fundamental,soft,62,D4,2048,512,46.44,11.61,0,-1,none,-,0,0,48,48,0,0,0,0.05
warf-like-yin,44100,weak-fundamental,medium,62,D4,2048,512,46.44,11.61,1,62,D4,50.93,0,0,48,48,0,0,0,0.05
warf-like-yin,44100,weak-fundamental,soft,62,D4,2048,512,46.44,11.61,0,-1,none,-,0,0,48,48,0,0,0,0.05
warf-like-yin,44100,full-fundamental,medium,63,D#4,2048,512,46.44,11.61,1,63,D#4,50.93,0,0,48,48,0,0,0,0.02
warf-like-yin,44100,full-fundamental,soft,63,D#4,2048,512,46.44,11.61,0,-1,none,-,0,0,48,48,0,0,0,0.02
warf-like-yin,44100,weak-fundamental,medium,63,D#4,2048,512,46.44,11.61,1,63,D#4,50.93,0,0,48,48,0,0,0,0.01
warf-like-yin,44100,weak-fundamental,soft,63,D#4,2048,512,46.44,11.61,0,-1,none,-,0,0,48,48,0,0,0,0.02
warf-like-yin,44100,full-fundamental,medium,64,E4,2048,512,46.44,11.61,1,64,E4,50.93,0,0,48,48,0,0,0,0.02
warf-like-yin,44100,full-fundamental,soft,64,E4,2048,512,46.44,11.61,0,-1,none,-,0,0,48,48,0,0,0,0.02
warf-like-yin,44100,weak-fundamental,medium,64,E4,2048,512,46.44,11.61,1,64,E4,50.93,0,0,48,48,0,0,0,0.02
warf-like-yin,44100,weak-fundamental,soft,64,E4,2048,512,46.44,11.61,0,-1,none,-,0,0,48,48,0,0,0,0.02
warf-like-yin,44100,full-fundamental,medium,65,F4,2048,512,46.44,11.61,1,65,F4,50.93,0,0,48,48,0,0,0,0.07
warf-like-yin,44100,full-fundamental,soft,65,F4,2048,512,46.44,11.61,0,-1,none,-,0,0,48,48,0,0,0,0.07
warf-like-yin,44100,weak-fundamental,medium,65,F4,2048,512,46.44,11.61,1,65,F4,50.93,0,0,48,48,0,0,0,0.07
warf-like-yin,44100,weak-fundamental,soft,65,F4,2048,512,46.44,11.61,0,-1,none,-,0,0,48,48,0,0,0,0.07
warf-like-yin,44100,full-fundamental,medium,66,F#4,2048,512,46.44,11.61,1,66,F#4,50.93,0,0,48,48,0,0,0,0.08
warf-like-yin,44100,full-fundamental,soft,66,F#4,2048,512,46.44,11.61,0,-1,none,-,0,0,48,48,0,0,0,0.08
warf-like-yin,44100,weak-fundamental,medium,66,F#4,2048,512,46.44,11.61,1,66,F#4,50.93,0,0,48,48,0,0,0,0.08
warf-like-yin,44100,weak-fundamental,soft,66,F#4,2048,512,46.44,11.61,0,-1,none,-,0,0,48,48,0,0,0,0.08
warf-like-yin,44100,full-fundamental,medium,67,G4,2048,512,46.44,11.61,1,67,G4,50.93,0,0,48,48,0,0,0,0.02
warf-like-yin,44100,full-fundamental,soft,67,G4,2048,512,46.44,11.61,0,-1,none,-,0,0,48,48,0,0,0,0.02
warf-like-yin,44100,weak-fundamental,medium,67,G4,2048,512,46.44,11.61,1,67,G4,50.93,0,0,48,48,0,0,0,0.02
warf-like-yin,44100,weak-fundamental,soft,67,G4,2048,512,46.44,11.61,0,-1,none,-,0,0,48,48,0,0,0,0.02
full-range-yin,44100,full-fundamental,medium,28,E1,2322,110,52.65,2.49,1,28,E1,44.94,0,0,219,219,0,0,0,0.07
full-range-yin,44100,full-fundamental,soft,28,E1,2322,110,52.65,2.49,0,-1,none,-,0,0,219,219,0,0,0,0.08
full-range-yin,44100,weak-fundamental,medium,28,E1,2322,110,52.65,2.49,1,28,E1,49.93,0,0,219,219,0,0,0,0.04
full-range-yin,44100,weak-fundamental,soft,28,E1,2322,110,52.65,2.49,0,-1,none,-,0,0,219,219,0,0,0,0.04
full-range-yin,44100,full-fundamental,medium,29,F1,2322,110,52.65,2.49,1,29,F1,44.94,0,0,219,219,0,0,0,0.09
full-range-yin,44100,full-fundamental,soft,29,F1,2322,110,52.65,2.49,0,-1,none,-,0,0,219,219,0,0,0,0.09
full-range-yin,44100,weak-fundamental,medium,29,F1,2322,110,52.65,2.49,1,29,F1,49.93,0,0,219,219,0,0,0,0.04
full-range-yin,44100,weak-fundamental,soft,29,F1,2322,110,52.65,2.49,0,-1,none,-,0,0,219,219,0,0,0,0.04
full-range-yin,44100,full-fundamental,medium,30,F#1,2322,110,52.65,2.49,1,30,F#1,47.44,0,0,219,219,0,0,0,0.08
full-range-yin,44100,full-fundamental,soft,30,F#1,2322,110,52.65,2.49,0,-1,none,-,0,0,219,219,0,0,0,0.08
full-range-yin,44100,weak-fundamental,medium,30,F#1,2322,110,52.65,2.49,1,30,F#1,49.93,0,0,219,219,0,0,0,0.03
full-range-yin,44100,weak-fundamental,soft,30,F#1,2322,110,52.65,2.49,0,-1,none,-,0,0,219,219,0,0,0,0.04
full-range-yin,44100,full-fundamental,medium,31,G1,2322,110,52.65,2.49,1,31,G1,47.44,0,0,219,219,0,0,0,0.03
full-range-yin,44100,full-fundamental,soft,31,G1,2322,110,52.65,2.49,0,-1,none,-,0,0,219,219,0,0,0,0.04
full-range-yin,44100,weak-fundamental,medium,31,G1,2322,110,52.65,2.49,1,31,G1,47.44,0,0,219,219,0,0,0,0.04
full-range-yin,44100,weak-fundamental,soft,31,G1,2322,110,52.65,2.49,0,-1,none,-,0,0,219,219,0,0,0,0.04
full-range-yin,44100,full-fundamental,medium,32,G#1,2322,110,52.65,2.49,1,32,G#1,54.92,0,0,219,219,0,0,0,0.05
full-range-yin,44100,full-fundamental,soft,32,G#1,2322,110,52.65,2.49,0,-1,none,-,0,0,219,219,0,0,0,0.05
full-range-yin,44100,weak-fundamental,medium,32,G#1,2322,110,52.65,2.49,1,32,G#1,49.93,0,0,219,219,0,0,0,0.02
full-range-yin,44100,weak-fundamental,soft,32,G#1,2322,110,52.65,2.49,0,-1,none,-,0,0,219,219,0,0,0,0.03
full-range-yin,44100,full-fundamental,medium,33,A1,2322,110,52.65,2.49,1,33,A1,49.93,0,0,219,219,0,0,0,0.05
full-range-yin,44100,full-fundamental,soft,33,A1,2322,110,52.65,2.49,0,-1,none,-,0,0,219,219,0,0,0,0.05
full-range-yin,44100,weak-fundamental,medium,33,A1,2322,110,52.65,2.49,1,33,A1,44.94,0,0,219,219,0,0,0,0.02
full-range-yin,44100,weak-fundamental,soft,33,A1,2322,110,52.65,2.49,0,-1,none,-,0,0,219,219,0,0,0,0.03
full-range-yin,44100,full-fundamental,medium,34,A#1,2322,110,52.65,2.49,1,34,A#1,54.92,0,0,219,219,0,0,0,0.05
full-range-yin,44100,full-fundamental,soft,34,A#1,2322,110,52.65,2.49,0,-1,none,-,0,0,219,219,0,0,0,0.05
full-range-yin,44100,weak-fundamental,medium,34,A#1,2322,110,52.65,2.49,1,34,A#1,49.93,0,0,219,219,0,0,0,0.02
full-range-yin,44100,weak-fundamental,soft,34,A#1,2322,110,52.65,2.49,0,-1,none,-,0,0,219,219,0,0,0,0.03
full-range-yin,44100,full-fundamental,medium,35,B1,2322,110,52.65,2.49,1,35,B1,49.93,0,0,219,219,0,0,0,0.03
full-range-yin,44100,full-fundamental,soft,35,B1,2322,110,52.65,2.49,0,-1,none,-,0,0,219,219,0,0,0,0.03
full-range-yin,44100,weak-fundamental,medium,35,B1,2322,110,52.65,2.49,1,35,B1,47.44,0,0,219,219,0,0,0,0.02
full-range-yin,44100,weak-fundamental,soft,35,B1,2322,110,52.65,2.49,0,-1,none,-,0,0,219,219,0,0,0,0.02
full-range-yin,44100,full-fundamental,medium,36,C2,2322,110,52.65,2.49,1,36,C2,52.43,0,0,219,219,0,0,0,0.03
full-range-yin,44100,full-fundamental,soft,36,C2,2322,110,52.65,2.49,0,-1,none,-,0,0,219,219,0,0,0,0.03
full-range-yin,44100,weak-fundamental,medium,36,C2,2322,110,52.65,2.49,1,36,C2,49.93,0,0,219,219,0,0,0,0.01
full-range-yin,44100,weak-fundamental,soft,36,C2,2322,110,52.65,2.49,0,-1,none,-,0,0,219,219,0,0,0,0.02
full-range-yin,44100,full-fundamental,medium,37,C#2,2322,110,52.65,2.49,1,37,C#2,49.93,0,0,219,219,0,0,0,0.05
full-range-yin,44100,full-fundamental,soft,37,C#2,2322,110,52.65,2.49,0,-1,none,-,0,0,219,219,0,0,0,0.05
full-range-yin,44100,weak-fundamental,medium,37,C#2,2322,110,52.65,2.49,1,37,C#2,49.93,0,0,219,219,0,0,0,0.01
full-range-yin,44100,weak-fundamental,soft,37,C#2,2322,110,52.65,2.49,0,-1,none,-,0,0,219,219,0,0,0,0.02
full-range-yin,44100,full-fundamental,medium,38,D2,2322,110,52.65,2.49,1,38,D2,52.43,0,0,219,219,0,0,0,0.02
full-range-yin,44100,full-fundamental,soft,38,D2,2322,110,52.65,2.49,0,-1,none,-,0,0,219,219,0,0,0,0.03
full-range-yin,44100,weak-fundamental,medium,38,D2,2322,110,52.65,2.49,1,38,D2,52.43,0,0,219,219,0,0,0,0.01
full-range-yin,44100,weak-fundamental,soft,38,D2,2322,110,52.65,2.49,0,-1,none,-,0,0,219,219,0,0,0,0.02
full-range-yin,44100,full-fundamental,medium,39,D#2,2322,110,52.65,2.49,1,39,D#2,49.93,0,0,219,219,0,0,0,0.01
full-range-yin,44100,full-fundamental,soft,39,D#2,2322,110,52.65,2.49,0,-1,none,-,0,0,219,219,0,0,0,0.02
full-range-yin,44100,weak-fundamental,medium,39,D#2,2322,110,52.65,2.49,1,39,D#2,49.93,0,0,219,219,0,0,0,0.01
full-range-yin,44100,weak-fundamental,soft,39,D#2,2322,110,52.65,2.49,0,-1,none,-,0,0,219,219,0,0,0,0.02
full-range-yin,44100,full-fundamental,medium,40,E2,2322,110,52.65,2.49,1,40,E2,52.43,0,0,219,219,0,0,0,0.03
full-range-yin,44100,full-fundamental,soft,40,E2,2322,110,52.65,2.49,0,-1,none,-,0,0,219,219,0,0,0,0.03
full-range-yin,44100,weak-fundamental,medium,40,E2,2322,110,52.65,2.49,1,40,E2,52.43,0,0,219,219,0,0,0,0.01
full-range-yin,44100,weak-fundamental,soft,40,E2,2322,110,52.65,2.49,0,-1,none,-,0,0,219,219,0,0,0,0.02
full-range-yin,44100,full-fundamental,medium,41,F2,2322,110,52.65,2.49,1,41,F2,52.43,0,0,219,219,0,0,0,0.02
full-range-yin,44100,full-fundamental,soft,41,F2,2322,110,52.65,2.49,0,-1,none,-,0,0,219,219,0,0,0,0.02
full-range-yin,44100,weak-fundamental,medium,41,F2,2322,110,52.65,2.49,1,41,F2,49.93,0,0,219,219,0,0,0,0.01
full-range-yin,44100,weak-fundamental,soft,41,F2,2322,110,52.65,2.49,0,-1,none,-,0,0,219,219,0,0,0,0.02
full-range-yin,44100,full-fundamental,medium,42,F#2,2322,110,52.65,2.49,1,42,F#2,52.43,0,0,219,219,0,0,0,0.02
full-range-yin,44100,full-fundamental,soft,42,F#2,2322,110,52.65,2.49,0,-1,none,-,0,0,219,219,0,0,0,0.03
full-range-yin,44100,weak-fundamental,medium,42,F#2,2322,110,52.65,2.49,1,42,F#2,49.93,0,0,219,219,0,0,0,0.01
full-range-yin,44100,weak-fundamental,soft,42,F#2,2322,110,52.65,2.49,0,-1,none,-,0,0,219,219,0,0,0,0.01
full-range-yin,44100,full-fundamental,medium,43,G2,2322,110,52.65,2.49,1,43,G2,49.93,0,0,219,219,0,0,0,0.01
full-range-yin,44100,full-fundamental,soft,43,G2,2322,110,52.65,2.49,0,-1,none,-,0,0,219,219,0,0,0,0.02
full-range-yin,44100,weak-fundamental,medium,43,G2,2322,110,52.65,2.49,1,43,G2,49.93,0,0,219,219,0,0,0,0.01
full-range-yin,44100,weak-fundamental,soft,43,G2,2322,110,52.65,2.49,0,-1,none,-,0,0,219,219,0,0,0,0.01
full-range-yin,44100,full-fundamental,medium,44,G#2,2322,110,52.65,2.49,1,44,G#2,49.93,0,0,219,219,0,0,0,0.01
full-range-yin,44100,full-fundamental,soft,44,G#2,2322,110,52.65,2.49,0,-1,none,-,0,0,219,219,0,0,0,0.02
full-range-yin,44100,weak-fundamental,medium,44,G#2,2322,110,52.65,2.49,1,44,G#2,49.93,0,0,219,219,0,0,0,0.01
full-range-yin,44100,weak-fundamental,soft,44,G#2,2322,110,52.65,2.49,0,-1,none,-,0,0,219,219,0,0,0,0.01
full-range-yin,44100,full-fundamental,medium,45,A2,2322,110,52.65,2.49,1,45,A2,49.93,0,0,219,219,0,0,0,0.01
full-range-yin,44100,full-fundamental,soft,45,A2,2322,110,52.65,2.49,0,-1,none,-,0,0,219,219,0,0,0,0.02
full-range-yin,44100,weak-fundamental,medium,45,A2,2322,110,52.65,2.49,1,45,A2,49.93,0,0,219,219,0,0,0,0.01
full-range-yin,44100,weak-fundamental,soft,45,A2,2322,110,52.65,2.49,0,-1,none,-,0,0,219,219,0,0,0,0.01
full-range-yin,44100,full-fundamental,medium,46,A#2,2322,110,52.65,2.49,1,46,A#2,49.93,0,0,219,219,0,0,0,0.01
full-range-yin,44100,full-fundamental,soft,46,A#2,2322,110,52.65,2.49,0,-1,none,-,0,0,219,219,0,0,0,0.02
full-range-yin,44100,weak-fundamental,medium,46,A#2,2322,110,52.65,2.49,1,46,A#2,49.93,0,0,219,219,0,0,0,0.01
full-range-yin,44100,weak-fundamental,soft,46,A#2,2322,110,52.65,2.49,0,-1,none,-,0,0,219,219,0,0,0,0.01
full-range-yin,44100,full-fundamental,medium,47,B2,2322,110,52.65,2.49,1,47,B2,52.43,0,0,219,219,0,0,0,0.01
full-range-yin,44100,full-fundamental,soft,47,B2,2322,110,52.65,2.49,0,-1,none,-,0,0,219,219,0,0,0,0.02
full-range-yin,44100,weak-fundamental,medium,47,B2,2322,110,52.65,2.49,1,47,B2,52.43,0,0,219,219,0,0,0,0.01
full-range-yin,44100,weak-fundamental,soft,47,B2,2322,110,52.65,2.49,0,-1,none,-,0,0,219,219,0,0,0,0.01
full-range-yin,44100,full-fundamental,medium,48,C3,2322,110,52.65,2.49,1,48,C3,49.93,0,0,219,219,0,0,0,0.01
full-range-yin,44100,full-fundamental,soft,48,C3,2322,110,52.65,2.49,0,-1,none,-,0,0,219,219,0,0,0,0.02
full-range-yin,44100,weak-fundamental,medium,48,C3,2322,110,52.65,2.49,1,48,C3,49.93,0,0,219,219,0,0,0,0.01
full-range-yin,44100,weak-fundamental,soft,48,C3,2322,110,52.65,2.49,0,-1,none,-,0,0,219,219,0,0,0,0.01
full-range-yin,44100,full-fundamental,medium,49,C#3,2322,110,52.65,2.49,1,49,C#3,49.93,0,0,219,219,0,0,0,0.01
full-range-yin,44100,full-fundamental,soft,49,C#3,2322,110,52.65,2.49,0,-1,none,-,0,0,219,219,0,0,0,0.02
full-range-yin,44100,weak-fundamental,medium,49,C#3,2322,110,52.65,2.49,1,49,C#3,49.93,0,0,219,219,0,0,0,0.01
full-range-yin,44100,weak-fundamental,soft,49,C#3,2322,110,52.65,2.49,0,-1,none,-,0,0,219,219,0,0,0,0.01
full-range-yin,44100,full-fundamental,medium,50,D3,2322,110,52.65,2.49,1,50,D3,49.93,0,0,219,219,0,0,0,0.01
full-range-yin,44100,full-fundamental,soft,50,D3,2322,110,52.65,2.49,0,-1,none,-,0,0,219,219,0,0,0,0.01
full-range-yin,44100,weak-fundamental,medium,50,D3,2322,110,52.65,2.49,1,50,D3,49.93,0,0,219,219,0,0,0,0.01
full-range-yin,44100,weak-fundamental,soft,50,D3,2322,110,52.65,2.49,0,-1,none,-,0,0,219,219,0,0,0,0.01
full-range-yin,44100,full-fundamental,medium,51,D#3,2322,110,52.65,2.49,1,51,D#3,49.93,0,0,219,219,0,0,0,0.01
full-range-yin,44100,full-fundamental,soft,51,D#3,2322,110,52.65,2.49,0,-1,none,-,0,0,219,219,0,0,0,0.01
full-range-yin,44100,weak-fundamental,medium,51,D#3,2322,110,52.65,2.49,1,51,D#3,49.93,0,0,219,219,0,0,0,0.01
full-range-yin,44100,weak-fundamental,soft,51,D#3,2322,110,52.65,2.49,0,-1,none,-,0,0,219,219,0,0,0,0.01
full-range-yin,44100,full-fundamental,medium,52,E3,2322,110,52.65,2.49,1,52,E3,49.93,0,0,219,219,0,0,0,0.01
full-range-yin,44100,full-fundamental,soft,52,E3,2322,110,52.65,2.49,0,-1,none,-,0,0,219,219,0,0,0,0.01
full-range-yin,44100,weak-fundamental,medium,52,E3,2322,110,52.65,2.49,1,52,E3,49.93,0,0,219,219,0,0,0,0.00
full-range-yin,44100,weak-fundamental,soft,52,E3,2322,110,52.65,2.49,0,-1,none,-,0,0,219,219,0,0,0,0.01
full-range-yin,44100,full-fundamental,medium,53,F3,2322,110,52.65,2.49,1,53,F3,47.44,0,0,219,219,0,0,0,0.01
full-range-yin,44100,full-fundamental,soft,53,F3,2322,110,52.65,2.49,0,-1,none,-,0,0,219,219,0,0,0,0.01
full-range-yin,44100,weak-fundamental,medium,53,F3,2322,110,52.65,2.49,1,53,F3,47.44,0,0,219,219,0,0,0,0.00
full-range-yin,44100,weak-fundamental,soft,53,F3,2322,110,52.65,2.49,0,-1,none,-,0,0,219,219,0,0,0,0.01
full-range-yin,44100,full-fundamental,medium,54,F#3,2322,110,52.65,2.49,1,54,F#3,47.44,0,0,219,219,0,0,0,0.01
full-range-yin,44100,full-fundamental,soft,54,F#3,2322,110,52.65,2.49,0,-1,none,-,0,0,219,219,0,0,0,0.01
full-range-yin,44100,weak-fundamental,medium,54,F#3,2322,110,52.65,2.49,1,54,F#3,47.44,0,0,219,219,0,0,0,0.01
full-range-yin,44100,weak-fundamental,soft,54,F#3,2322,110,52.65,2.49,0,-1,none,-,0,0,219,219,0,0,0,0.01
full-range-yin,44100,full-fundamental,medium,55,G3,2322,110,52.65,2.49,1,55,G3,47.44,0,0,219,219,0,0,0,0.02
full-range-yin,44100,full-fundamental,soft,55,G3,2322,110,52.65,2.49,0,-1,none,-,0,0,219,219,0,0,0,0.02
full-range-yin,44100,weak-fundamental,medium,55,G3,2322,110,52.65,2.49,1,55,G3,47.44,0,0,219,219,0,0,0,0.02
full-range-yin,44100,weak-fundamental,soft,55,G3,2322,110,52.65,2.49,0,-1,none,-,0,0,219,219,0,0,0,0.02
full-range-yin,44100,full-fundamental,medium,56,G#3,2322,110,52.65,2.49,1,56,G#3,44.94,0,0,219,219,0,0,0,0.02
full-range-yin,44100,full-fundamental,soft,56,G#3,2322,110,52.65,2.49,0,-1,none,-,0,0,219,219,0,0,0,0.02
full-range-yin,44100,weak-fundamental,medium,56,G#3,2322,110,52.65,2.49,1,56,G#3,44.94,0,0,219,219,0,0,0,0.02
full-range-yin,44100,weak-fundamental,soft,56,G#3,2322,110,52.65,2.49,0,-1,none,-,0,0,219,219,0,0,0,0.02
full-range-yin,44100,full-fundamental,medium,57,A3,2322,110,52.65,2.49,1,57,A3,44.94,0,0,219,219,0,0,0,0.01
full-range-yin,44100,full-fundamental,soft,57,A3,2322,110,52.65,2.49,0,-1,none,-,0,0,219,219,0,0,0,0.02
full-range-yin,44100,weak-fundamental,medium,57,A3,2322,110,52.65,2.49,1,57,A3,44.94,0,0,219,219,0,0,0,0.01
full-range-yin,44100,weak-fundamental,soft,57,A3,2322,110,52.65,2.49,0,-1,none,-,0,0,219,219,0,0,0,0.01
full-range-yin,44100,full-fundamental,medium,58,A#3,2322,110,52.65,2.49,1,58,A#3,42.45,0,0,219,219,0,0,0,0.03
full-range-yin,44100,full-fundamental,soft,58,A#3,2322,110,52.65,2.49,0,-1,none,-,0,0,219,219,0,0,0,0.03
full-range-yin,44100,weak-fundamental,medium,58,A#3,2322,110,52.65,2.49,1,58,A#3,42.45,0,0,219,219,0,0,0,0.03
full-range-yin,44100,weak-fundamental,soft,58,A#3,2322,110,52.65,2.49,0,-1,none,-,0,0,219,219,0,0,0,0.03
full-range-yin,44100,full-fundamental,medium,59,B3,2322,110,52.65,2.49,1,59,B3,42.45,0,0,219,219,0,0,0,0.01
full-range-yin,44100,full-fundamental,soft,59,B3,2322,110,52.65,2.49,0,-1,none,-,0,0,219,219,0,0,0,0.01
full-range-yin,44100,weak-fundamental,medium,59,B3,2322,110,52.65,2.49,1,59,B3,42.45,0,0,219,219,0,0,0,0.01
full-range-yin,44100,weak-fundamental,soft,59,B3,2322,110,52.65,2.49,0,-1,none,-,0,0,219,219,0,0,0,0.01
full-range-yin,44100,full-fundamental,medium,60,C4,2322,110,52.65,2.49,1,60,C4,42.45,0,0,219,219,0,0,0,0.01
full-range-yin,44100,full-fundamental,soft,60,C4,2322,110,52.65,2.49,0,-1,none,-,0,0,219,219,0,0,0,0.01
full-range-yin,44100,weak-fundamental,medium,60,C4,2322,110,52.65,2.49,1,60,C4,42.45,0,0,219,219,0,0,0,0.01
full-range-yin,44100,weak-fundamental,soft,60,C4,2322,110,52.65,2.49,0,-1,none,-,0,0,219,219,0,0,0,0.01
full-range-yin,44100,full-fundamental,medium,61,C#4,2322,110,52.65,2.49,1,61,C#4,42.45,0,0,219,219,0,0,0,0.04
full-range-yin,44100,full-fundamental,soft,61,C#4,2322,110,52.65,2.49,0,-1,none,-,0,0,219,219,0,0,0,0.04
full-range-yin,44100,weak-fundamental,medium,61,C#4,2322,110,52.65,2.49,1,61,C#4,42.45,0,0,219,219,0,0,0,0.04
full-range-yin,44100,weak-fundamental,soft,61,C#4,2322,110,52.65,2.49,0,-1,none,-,0,0,219,219,0,0,0,0.04
full-range-yin,44100,full-fundamental,medium,62,D4,2322,110,52.65,2.49,1,62,D4,39.95,0,0,219,219,0,0,0,0.05
full-range-yin,44100,full-fundamental,soft,62,D4,2322,110,52.65,2.49,0,-1,none,-,0,0,219,219,0,0,0,0.05
full-range-yin,44100,weak-fundamental,medium,62,D4,2322,110,52.65,2.49,1,62,D4,39.95,0,0,219,219,0,0,0,0.05
full-range-yin,44100,weak-fundamental,soft,62,D4,2322,110,52.65,2.49,0,-1,none,-,0,0,219,219,0,0,0,0.05
full-range-yin,44100,full-fundamental,medium,63,D#4,2322,110,52.65,2.49,1,63,D#4,39.95,0,0,219,219,0,0,0,0.02
full-range-yin,44100,full-fundamental,soft,63,D#4,2322,110,52.65,2.49,0,-1,none,-,0,0,219,219,0,0,0,0.02
full-range-yin,44100,weak-fundamental,medium,63,D#4,2322,110,52.65,2.49,1,63,D#4,39.95,0,0,219,219,0,0,0,0.01
full-range-yin,44100,weak-fundamental,soft,63,D#4,2322,110,52.65,2.49,0,-1,none,-,0,0,219,219,0,0,0,0.01
full-range-yin,44100,full-fundamental,medium,64,E4,2322,110,52.65,2.49,1,64,E4,39.95,0,0,219,219,0,0,0,0.02
full-range-yin,44100,full-fundamental,soft,64,E4,2322,110,52.65,2.49,0,-1,none,-,0,0,219,219,0,0,0,0.02
full-range-yin,44100,weak-fundamental,medium,64,E4,2322,110,52.65,2.49,1,64,E4,39.95,0,0,219,219,0,0,0,0.02
full-range-yin,44100,weak-fundamental,soft,64,E4,2322,110,52.65,2.49,0,-1,none,-,0,0,219,219,0,0,0,0.02
full-range-yin,44100,full-fundamental,medium,65,F4,2322,110,52.65,2.49,1,65,F4,37.46,0,0,219,219,0,0,0,0.07
full-range-yin,44100,full-fundamental,soft,65,F4,2322,110,52.65,2.49,0,-1,none,-,0,0,219,219,0,0,0,0.07
full-range-yin,44100,weak-fundamental,medium,65,F4,2322,110,52.65,2.49,1,65,F4,37.46,0,0,219,219,0,0,0,0.07
full-range-yin,44100,weak-fundamental,soft,65,F4,2322,110,52.65,2.49,0,-1,none,-,0,0,219,219,0,0,0,0.07
full-range-yin,44100,full-fundamental,medium,66,F#4,2322,110,52.65,2.49,1,66,F#4,37.46,0,0,219,219,0,0,0,0.08
full-range-yin,44100,full-fundamental,soft,66,F#4,2322,110,52.65,2.49,0,-1,none,-,0,0,219,219,0,0,0,0.08
full-range-yin,44100,weak-fundamental,medium,66,F#4,2322,110,52.65,2.49,1,66,F#4,37.46,0,0,219,219,0,0,0,0.08
full-range-yin,44100,weak-fundamental,soft,66,F#4,2322,110,52.65,2.49,0,-1,none,-,0,0,219,219,0,0,0,0.08
full-range-yin,44100,full-fundamental,medium,67,G4,2322,110,52.65,2.49,1,67,G4,37.46,0,0,219,219,0,0,0,0.02
full-range-yin,44100,full-fundamental,soft,67,G4,2322,110,52.65,2.49,0,-1,none,-,0,0,219,219,0,0,0,0.02
full-range-yin,44100,weak-fundamental,medium,67,G4,2322,110,52.65,2.49,1,67,G4,37.46,0,0,219,219,0,0,0,0.02
full-range-yin,44100,weak-fundamental,soft,67,G4,2322,110,52.65,2.49,0,-1,none,-,0,0,219,219,0,0,0,0.02
warf-like-yin,48000,full-fundamental,medium,28,E1,2048,512,42.67,10.67,0,-1,none,-,0,0,52,0,0,0,52,-
warf-like-yin,48000,full-fundamental,soft,28,E1,2048,512,42.67,10.67,0,-1,none,-,0,0,52,0,0,0,52,-
warf-like-yin,48000,weak-fundamental,medium,28,E1,2048,512,42.67,10.67,0,-1,none,-,0,0,52,0,0,0,52,-
warf-like-yin,48000,weak-fundamental,soft,28,E1,2048,512,42.67,10.67,0,-1,none,-,0,0,52,0,0,0,52,-
warf-like-yin,48000,full-fundamental,medium,29,F1,2048,512,42.67,10.67,0,-1,none,-,0,0,52,0,0,0,52,-
warf-like-yin,48000,full-fundamental,soft,29,F1,2048,512,42.67,10.67,0,-1,none,-,0,0,52,0,0,0,52,-
warf-like-yin,48000,weak-fundamental,medium,29,F1,2048,512,42.67,10.67,0,-1,none,-,0,0,52,0,0,0,52,-
warf-like-yin,48000,weak-fundamental,soft,29,F1,2048,512,42.67,10.67,0,-1,none,-,0,0,52,0,0,0,52,-
warf-like-yin,48000,full-fundamental,medium,30,F#1,2048,512,42.67,10.67,1,30,F#1,49.33,0,0,52,52,0,0,0,24.11
warf-like-yin,48000,full-fundamental,soft,30,F#1,2048,512,42.67,10.67,0,-1,none,-,0,0,52,52,0,0,0,24.11
warf-like-yin,48000,weak-fundamental,medium,30,F#1,2048,512,42.67,10.67,1,30,F#1,60.00,0,0,52,52,0,0,0,24.11
warf-like-yin,48000,weak-fundamental,soft,30,F#1,2048,512,42.67,10.67,0,-1,none,-,0,0,52,52,0,0,0,24.11
warf-like-yin,48000,full-fundamental,medium,31,G1,2048,512,42.67,10.67,1,31,G1,49.33,0,0,52,52,0,0,0,0.04
warf-like-yin,48000,full-fundamental,soft,31,G1,2048,512,42.67,10.67,0,-1,none,-,0,0,52,52,0,0,0,0.05
warf-like-yin,48000,weak-fundamental,medium,31,G1,2048,512,42.67,10.67,1,31,G1,49.33,0,0,52,52,0,0,0,0.03
warf-like-yin,48000,weak-fundamental,soft,31,G1,2048,512,42.67,10.67,0,-1,none,-,0,0,52,52,0,0,0,0.04
warf-like-yin,48000,full-fundamental,medium,32,G#1,2048,512,42.67,10.67,1,32,G#1,60.00,0,0,52,52,0,0,0,0.08
warf-like-yin,48000,full-fundamental,soft,32,G#1,2048,512,42.67,10.67,0,-1,none,-,0,0,52,52,0,0,0,0.08
warf-like-yin,48000,weak-fundamental,medium,32,G#1,2048,512,42.67,10.67,1,32,G#1,60.00,0,0,52,52,0,0,0,0.04
warf-like-yin,48000,weak-fundamental,soft,32,G#1,2048,512,42.67,10.67,0,-1,none,-,0,0,52,52,0,0,0,0.03
warf-like-yin,48000,full-fundamental,medium,33,A1,2048,512,42.67,10.67,1,33,A1,60.00,0,0,52,52,0,0,0,0.07
warf-like-yin,48000,full-fundamental,soft,33,A1,2048,512,42.67,10.67,0,-1,none,-,0,0,52,52,0,0,0,0.07
warf-like-yin,48000,weak-fundamental,medium,33,A1,2048,512,42.67,10.67,1,33,A1,49.33,0,0,52,52,0,0,0,0.03
warf-like-yin,48000,weak-fundamental,soft,33,A1,2048,512,42.67,10.67,0,-1,none,-,0,0,52,52,0,0,0,0.04
warf-like-yin,48000,full-fundamental,medium,34,A#1,2048,512,42.67,10.67,1,34,A#1,60.00,0,0,52,52,0,0,0,0.06
warf-like-yin,48000,full-fundamental,soft,34,A#1,2048,512,42.67,10.67,0,-1,none,-,0,0,52,52,0,0,0,0.07
warf-like-yin,48000,weak-fundamental,medium,34,A#1,2048,512,42.67,10.67,1,34,A#1,49.33,0,0,52,52,0,0,0,0.02
warf-like-yin,48000,weak-fundamental,soft,34,A#1,2048,512,42.67,10.67,0,-1,none,-,0,0,52,52,0,0,0,0.03
warf-like-yin,48000,full-fundamental,medium,35,B1,2048,512,42.67,10.67,1,35,B1,60.00,0,0,52,52,0,0,0,0.05
warf-like-yin,48000,full-fundamental,soft,35,B1,2048,512,42.67,10.67,0,-1,none,-,0,0,52,52,0,0,0,0.05
warf-like-yin,48000,weak-fundamental,medium,35,B1,2048,512,42.67,10.67,1,35,B1,49.33,0,0,52,52,0,0,0,0.02
warf-like-yin,48000,weak-fundamental,soft,35,B1,2048,512,42.67,10.67,0,-1,none,-,0,0,52,52,0,0,0,0.03
warf-like-yin,48000,full-fundamental,medium,36,C2,2048,512,42.67,10.67,1,36,C2,60.00,0,0,52,52,0,0,0,0.04
warf-like-yin,48000,full-fundamental,soft,36,C2,2048,512,42.67,10.67,0,-1,none,-,0,0,52,52,0,0,0,0.03
warf-like-yin,48000,weak-fundamental,medium,36,C2,2048,512,42.67,10.67,1,36,C2,49.33,0,0,52,52,0,0,0,0.01
warf-like-yin,48000,weak-fundamental,soft,36,C2,2048,512,42.67,10.67,0,-1,none,-,0,0,52,52,0,0,0,0.02
warf-like-yin,48000,full-fundamental,medium,37,C#2,2048,512,42.67,10.67,1,37,C#2,60.00,0,0,52,52,0,0,0,0.03
warf-like-yin,48000,full-fundamental,soft,37,C#2,2048,512,42.67,10.67,0,-1,none,-,0,0,52,52,0,0,0,0.03
warf-like-yin,48000,weak-fundamental,medium,37,C#2,2048,512,42.67,10.67,1,37,C#2,49.33,0,0,52,52,0,0,0,0.02
warf-like-yin,48000,weak-fundamental,soft,37,C#2,2048,512,42.67,10.67,0,-1,none,-,0,0,52,52,0,0,0,0.02
warf-like-yin,48000,full-fundamental,medium,38,D2,2048,512,42.67,10.67,1,38,D2,60.00,0,0,52,52,0,0,0,0.04
warf-like-yin,48000,full-fundamental,soft,38,D2,2048,512,42.67,10.67,0,-1,none,-,0,0,52,52,0,0,0,0.04
warf-like-yin,48000,weak-fundamental,medium,38,D2,2048,512,42.67,10.67,1,38,D2,49.33,0,0,52,52,0,0,0,0.02
warf-like-yin,48000,weak-fundamental,soft,38,D2,2048,512,42.67,10.67,0,-1,none,-,0,0,52,52,0,0,0,0.02
warf-like-yin,48000,full-fundamental,medium,39,D#2,2048,512,42.67,10.67,1,39,D#2,49.33,0,0,52,52,0,0,0,0.04
warf-like-yin,48000,full-fundamental,soft,39,D#2,2048,512,42.67,10.67,0,-1,none,-,0,0,52,52,0,0,0,0.04
warf-like-yin,48000,weak-fundamental,medium,39,D#2,2048,512,42.67,10.67,1,39,D#2,49.33,0,0,52,52,0,0,0,0.02
warf-like-yin,48000,weak-fundamental,soft,39,D#2,2048,512,42.67,10.67,0,-1,none,-,0,0,52,52,0,0,0,0.03
warf-like-yin,48000,full-fundamental,medium,40,E2,2048,512,42.67,10.67,1,40,E2,60.00,0,0,52,52,0,0,0,0.03
warf-like-yin,48000,full-fundamental,soft,40,E2,2048,512,42.67,10.67,0,-1,none,-,0,0,52,52,0,0,0,0.04
warf-like-yin,48000,weak-fundamental,medium,40,E2,2048,512,42.67,10.67,1,40,E2,49.33,0,0,52,52,0,0,0,0.01
warf-like-yin,48000,weak-fundamental,soft,40,E2,2048,512,42.67,10.67,0,-1,none,-,0,0,52,52,0,0,0,0.02
warf-like-yin,48000,full-fundamental,medium,41,F2,2048,512,42.67,10.67,1,41,F2,49.33,0,0,52,52,0,0,0,0.02
warf-like-yin,48000,full-fundamental,soft,41,F2,2048,512,42.67,10.67,0,-1,none,-,0,0,52,52,0,0,0,0.03
warf-like-yin,48000,weak-fundamental,medium,41,F2,2048,512,42.67,10.67,1,41,F2,49.33,0,0,52,52,0,0,0,0.01
warf-like-yin,48000,weak-fundamental,soft,41,F2,2048,512,42.67,10.67,0,-1,none,-,0,0,52,52,0,0,0,0.02
warf-like-yin,48000,full-fundamental,medium,42,F#2,2048,512,42.67,10.67,1,42,F#2,49.33,0,0,52,52,0,0,0,0.00
warf-like-yin,48000,full-fundamental,soft,42,F#2,2048,512,42.67,10.67,0,-1,none,-,0,0,52,52,0,0,0,0.02
warf-like-yin,48000,weak-fundamental,medium,42,F#2,2048,512,42.67,10.67,1,42,F#2,49.33,0,0,52,52,0,0,0,0.01
warf-like-yin,48000,weak-fundamental,soft,42,F#2,2048,512,42.67,10.67,0,-1,none,-,0,0,52,52,0,0,0,0.01
warf-like-yin,48000,full-fundamental,medium,43,G2,2048,512,42.67,10.67,1,43,G2,49.33,0,0,52,52,0,0,0,0.02
warf-like-yin,48000,full-fundamental,soft,43,G2,2048,512,42.67,10.67,0,-1,none,-,0,0,52,52,0,0,0,0.02
warf-like-yin,48000,weak-fundamental,medium,43,G2,2048,512,42.67,10.67,1,43,G2,49.33,0,0,52,52,0,0,0,0.01
warf-like-yin,48000,weak-fundamental,soft,43,G2,2048,512,42.67,10.67,0,-1,none,-,0,0,52,52,0,0,0,0.01
warf-like-yin,48000,full-fundamental,medium,44,G#2,2048,512,42.67,10.67,1,44,G#2,49.33,0,0,52,52,0,0,0,0.02
warf-like-yin,48000,full-fundamental,soft,44,G#2,2048,512,42.67,10.67,0,-1,none,-,0,0,52,52,0,0,0,0.03
warf-like-yin,48000,weak-fundamental,medium,44,G#2,2048,512,42.67,10.67,1,44,G#2,49.33,0,0,52,52,0,0,0,0.01
warf-like-yin,48000,weak-fundamental,soft,44,G#2,2048,512,42.67,10.67,0,-1,none,-,0,0,52,52,0,0,0,0.02
warf-like-yin,48000,full-fundamental,medium,45,A2,2048,512,42.67,10.67,1,45,A2,49.33,0,0,52,52,0,0,0,0.01
warf-like-yin,48000,full-fundamental,soft,45,A2,2048,512,42.67,10.67,0,-1,none,-,0,0,52,52,0,0,0,0.02
warf-like-yin,48000,weak-fundamental,medium,45,A2,2048,512,42.67,10.67,1,45,A2,49.33,0,0,52,52,0,0,0,0.01
warf-like-yin,48000,weak-fundamental,soft,45,A2,2048,512,42.67,10.67,0,-1,none,-,0,0,52,52,0,0,0,0.01
warf-like-yin,48000,full-fundamental,medium,46,A#2,2048,512,42.67,10.67,1,46,A#2,49.33,0,0,52,52,0,0,0,0.01
warf-like-yin,48000,full-fundamental,soft,46,A#2,2048,512,42.67,10.67,0,-1,none,-,0,0,52,52,0,0,0,0.01
warf-like-yin,48000,weak-fundamental,medium,46,A#2,2048,512,42.67,10.67,1,46,A#2,49.33,0,0,52,52,0,0,0,0.01
warf-like-yin,48000,weak-fundamental,soft,46,A#2,2048,512,42.67,10.67,0,-1,none,-,0,0,52,52,0,0,0,0.01
warf-like-yin,48000,full-fundamental,medium,47,B2,2048,512,42.67,10.67,1,47,B2,60.00,0,0,52,52,0,0,0,0.01
warf-like-yin,48000,full-fundamental,soft,47,B2,2048,512,42.67,10.67,0,-1,none,-,0,0,52,52,0,0,0,0.02
warf-like-yin,48000,weak-fundamental,medium,47,B2,2048,512,42.67,10.67,1,47,B2,60.00,0,0,52,52,0,0,0,0.01
warf-like-yin,48000,weak-fundamental,soft,47,B2,2048,512,42.67,10.67,0,-1,none,-,0,0,52,52,0,0,0,0.01
warf-like-yin,48000,full-fundamental,medium,48,C3,2048,512,42.67,10.67,1,48,C3,49.33,0,0,52,52,0,0,0,0.02
warf-like-yin,48000,full-fundamental,soft,48,C3,2048,512,42.67,10.67,0,-1,none,-,0,0,52,52,0,0,0,0.02
warf-like-yin,48000,weak-fundamental,medium,48,C3,2048,512,42.67,10.67,1,48,C3,60.00,0,0,52,52,0,0,0,0.01
warf-like-yin,48000,weak-fundamental,soft,48,C3,2048,512,42.67,10.67,0,-1,none,-,0,0,52,52,0,0,0,0.01
warf-like-yin,48000,full-fundamental,medium,49,C#3,2048,512,42.67,10.67,1,49,C#3,49.33,0,0,52,52,0,0,0,0.01
warf-like-yin,48000,full-fundamental,soft,49,C#3,2048,512,42.67,10.67,0,-1,none,-,0,0,52,52,0,0,0,0.02
warf-like-yin,48000,weak-fundamental,medium,49,C#3,2048,512,42.67,10.67,1,49,C#3,49.33,0,0,52,52,0,0,0,0.01
warf-like-yin,48000,weak-fundamental,soft,49,C#3,2048,512,42.67,10.67,0,-1,none,-,0,0,52,52,0,0,0,0.01
warf-like-yin,48000,full-fundamental,medium,50,D3,2048,512,42.67,10.67,1,50,D3,49.33,0,0,52,52,0,0,0,0.01
warf-like-yin,48000,full-fundamental,soft,50,D3,2048,512,42.67,10.67,0,-1,none,-,0,0,52,52,0,0,0,0.02
warf-like-yin,48000,weak-fundamental,medium,50,D3,2048,512,42.67,10.67,1,50,D3,49.33,0,0,52,52,0,0,0,0.01
warf-like-yin,48000,weak-fundamental,soft,50,D3,2048,512,42.67,10.67,0,-1,none,-,0,0,52,52,0,0,0,0.01
warf-like-yin,48000,full-fundamental,medium,51,D#3,2048,512,42.67,10.67,1,51,D#3,49.33,0,0,52,52,0,0,0,0.01
warf-like-yin,48000,full-fundamental,soft,51,D#3,2048,512,42.67,10.67,0,-1,none,-,0,0,52,52,0,0,0,0.02
warf-like-yin,48000,weak-fundamental,medium,51,D#3,2048,512,42.67,10.67,1,51,D#3,49.33,0,0,52,52,0,0,0,0.00
warf-like-yin,48000,weak-fundamental,soft,51,D#3,2048,512,42.67,10.67,0,-1,none,-,0,0,52,52,0,0,0,0.01
warf-like-yin,48000,full-fundamental,medium,52,E3,2048,512,42.67,10.67,1,52,E3,49.33,0,0,52,52,0,0,0,0.01
warf-like-yin,48000,full-fundamental,soft,52,E3,2048,512,42.67,10.67,0,-1,none,-,0,0,52,52,0,0,0,0.01
warf-like-yin,48000,weak-fundamental,medium,52,E3,2048,512,42.67,10.67,1,52,E3,49.33,0,0,52,52,0,0,0,0.01
warf-like-yin,48000,weak-fundamental,soft,52,E3,2048,512,42.67,10.67,0,-1,none,-,0,0,52,52,0,0,0,0.02
warf-like-yin,48000,full-fundamental,medium,53,F3,2048,512,42.67,10.67,1,53,F3,49.33,0,0,52,52,0,0,0,0.01
warf-like-yin,48000,full-fundamental,soft,53,F3,2048,512,42.67,10.67,0,-1,none,-,0,0,52,52,0,0,0,0.01
warf-like-yin,48000,weak-fundamental,medium,53,F3,2048,512,42.67,10.67,1,53,F3,49.33,0,0,52,52,0,0,0,0.01
warf-like-yin,48000,weak-fundamental,soft,53,F3,2048,512,42.67,10.67,0,-1,none,-,0,0,52,52,0,0,0,0.01
warf-like-yin,48000,full-fundamental,medium,54,F#3,2048,512,42.67,10.67,1,54,F#3,49.33,0,0,52,52,0,0,0,0.01
warf-like-yin,48000,full-fundamental,soft,54,F#3,2048,512,42.67,10.67,0,-1,none,-,0,0,52,52,0,0,0,0.02
warf-like-yin,48000,weak-fundamental,medium,54,F#3,2048,512,42.67,10.67,1,54,F#3,49.33,0,0,52,52,0,0,0,0.01
warf-like-yin,48000,weak-fundamental,soft,54,F#3,2048,512,42.67,10.67,0,-1,none,-,0,0,52,52,0,0,0,0.01
warf-like-yin,48000,full-fundamental,medium,55,G3,2048,512,42.67,10.67,1,55,G3,49.33,0,0,52,52,0,0,0,0.01
warf-like-yin,48000,full-fundamental,soft,55,G3,2048,512,42.67,10.67,0,-1,none,-,0,0,52,52,0,0,0,0.01
warf-like-yin,48000,weak-fundamental,medium,55,G3,2048,512,42.67,10.67,1,55,G3,49.33,0,0,52,52,0,0,0,0.01
warf-like-yin,48000,weak-fundamental,soft,55,G3,2048,512,42.67,10.67,0,-1,none,-,0,0,52,52,0,0,0,0.01
warf-like-yin,48000,full-fundamental,medium,56,G#3,2048,512,42.67,10.67,1,56,G#3,49.33,0,0,52,52,0,0,0,0.02
warf-like-yin,48000,full-fundamental,soft,56,G#3,2048,512,42.67,10.67,0,-1,none,-,0,0,52,52,0,0,0,0.02
warf-like-yin,48000,weak-fundamental,medium,56,G#3,2048,512,42.67,10.67,1,56,G#3,49.33,0,0,52,52,0,0,0,0.02
warf-like-yin,48000,weak-fundamental,soft,56,G#3,2048,512,42.67,10.67,0,-1,none,-,0,0,52,52,0,0,0,0.02
warf-like-yin,48000,full-fundamental,medium,57,A3,2048,512,42.67,10.67,1,57,A3,49.33,0,0,52,52,0,0,0,0.02
warf-like-yin,48000,full-fundamental,soft,57,A3,2048,512,42.67,10.67,0,-1,none,-,0,0,52,52,0,0,0,0.02
warf-like-yin,48000,weak-fundamental,medium,57,A3,2048,512,42.67,10.67,1,57,A3,49.33,0,0,52,52,0,0,0,0.02
warf-like-yin,48000,weak-fundamental,soft,57,A3,2048,512,42.67,10.67,0,-1,none,-,0,0,52,52,0,0,0,0.02
warf-like-yin,48000,full-fundamental,medium,58,A#3,2048,512,42.67,10.67,1,58,A#3,49.33,0,0,52,52,0,0,0,0.02
warf-like-yin,48000,full-fundamental,soft,58,A#3,2048,512,42.67,10.67,0,-1,none,-,0,0,52,52,0,0,0,0.02
warf-like-yin,48000,weak-fundamental,medium,58,A#3,2048,512,42.67,10.67,1,58,A#3,49.33,0,0,52,52,0,0,0,0.02
warf-like-yin,48000,weak-fundamental,soft,58,A#3,2048,512,42.67,10.67,0,-1,none,-,0,0,52,52,0,0,0,0.02
warf-like-yin,48000,full-fundamental,medium,59,B3,2048,512,42.67,10.67,1,59,B3,49.33,0,0,52,52,0,0,0,0.02
warf-like-yin,48000,full-fundamental,soft,59,B3,2048,512,42.67,10.67,0,-1,none,-,0,0,52,52,0,0,0,0.02
warf-like-yin,48000,weak-fundamental,medium,59,B3,2048,512,42.67,10.67,1,59,B3,49.33,0,0,52,52,0,0,0,0.02
warf-like-yin,48000,weak-fundamental,soft,59,B3,2048,512,42.67,10.67,0,-1,none,-,0,0,52,52,0,0,0,0.02
warf-like-yin,48000,full-fundamental,medium,60,C4,2048,512,42.67,10.67,1,60,C4,49.33,0,0,52,52,0,0,0,0.01
warf-like-yin,48000,full-fundamental,soft,60,C4,2048,512,42.67,10.67,0,-1,none,-,0,0,52,52,0,0,0,0.02
warf-like-yin,48000,weak-fundamental,medium,60,C4,2048,512,42.67,10.67,1,60,C4,49.33,0,0,52,52,0,0,0,0.01
warf-like-yin,48000,weak-fundamental,soft,60,C4,2048,512,42.67,10.67,0,-1,none,-,0,0,52,52,0,0,0,0.01
warf-like-yin,48000,full-fundamental,medium,61,C#4,2048,512,42.67,10.67,1,61,C#4,49.33,0,0,52,52,0,0,0,0.03
warf-like-yin,48000,full-fundamental,soft,61,C#4,2048,512,42.67,10.67,0,-1,none,-,0,0,52,52,0,0,0,0.04
warf-like-yin,48000,weak-fundamental,medium,61,C#4,2048,512,42.67,10.67,1,61,C#4,49.33,0,0,52,52,0,0,0,0.04
warf-like-yin,48000,weak-fundamental,soft,61,C#4,2048,512,42.67,10.67,0,-1,none,-,0,0,52,52,0,0,0,0.04
warf-like-yin,48000,full-fundamental,medium,62,D4,2048,512,42.67,10.67,1,62,D4,49.33,0,0,52,52,0,0,0,0.02
warf-like-yin,48000,full-fundamental,soft,62,D4,2048,512,42.67,10.67,0,-1,none,-,0,0,52,52,0,0,0,0.02
warf-like-yin,48000,weak-fundamental,medium,62,D4,2048,512,42.67,10.67,1,62,D4,49.33,0,0,52,52,0,0,0,0.02
warf-like-yin,48000,weak-fundamental,soft,62,D4,2048,512,42.67,10.67,0,-1,none,-,0,0,52,52,0,0,0,0.02
warf-like-yin,48000,full-fundamental,medium,63,D#4,2048,512,42.67,10.67,1,63,D#4,49.33,0,0,52,52,0,0,0,0.04
warf-like-yin,48000,full-fundamental,soft,63,D#4,2048,512,42.67,10.67,0,-1,none,-,0,0,52,52,0,0,0,0.04
warf-like-yin,48000,weak-fundamental,medium,63,D#4,2048,512,42.67,10.67,1,63,D#4,49.33,0,0,52,52,0,0,0,0.04
warf-like-yin,48000,weak-fundamental,soft,63,D#4,2048,512,42.67,10.67,0,-1,none,-,0,0,52,52,0,0,0,0.04
warf-like-yin,48000,full-fundamental,medium,64,E4,2048,512,42.67,10.67,1,64,E4,49.33,0,0,52,52,0,0,0,0.01
warf-like-yin,48000,full-fundamental,soft,64,E4,2048,512,42.67,10.67,0,-1,none,-,0,0,52,52,0,0,0,0.01
warf-like-yin,48000,weak-fundamental,medium,64,E4,2048,512,42.67,10.67,1,64,E4,49.33,0,0,52,52,0,0,0,0.01
warf-like-yin,48000,weak-fundamental,soft,64,E4,2048,512,42.67,10.67,0,-1,none,-,0,0,52,52,0,0,0,0.01
warf-like-yin,48000,full-fundamental,medium,65,F4,2048,512,42.67,10.67,1,65,F4,49.33,0,0,52,52,0,0,0,0.03
warf-like-yin,48000,full-fundamental,soft,65,F4,2048,512,42.67,10.67,0,-1,none,-,0,0,52,52,0,0,0,0.03
warf-like-yin,48000,weak-fundamental,medium,65,F4,2048,512,42.67,10.67,1,65,F4,49.33,0,0,52,52,0,0,0,0.03
warf-like-yin,48000,weak-fundamental,soft,65,F4,2048,512,42.67,10.67,0,-1,none,-,0,0,52,52,0,0,0,0.03
warf-like-yin,48000,full-fundamental,medium,66,F#4,2048,512,42.67,10.67,1,66,F#4,49.33,0,0,52,52,0,0,0,0.02
warf-like-yin,48000,full-fundamental,soft,66,F#4,2048,512,42.67,10.67,0,-1,none,-,0,0,52,52,0,0,0,0.01
warf-like-yin,48000,weak-fundamental,medium,66,F#4,2048,512,42.67,10.67,1,66,F#4,49.33,0,0,52,52,0,0,0,0.01
warf-like-yin,48000,weak-fundamental,soft,66,F#4,2048,512,42.67,10.67,0,-1,none,-,0,0,52,52,0,0,0,0.01
warf-like-yin,48000,full-fundamental,medium,67,G4,2048,512,42.67,10.67,1,67,G4,49.33,0,0,52,52,0,0,0,0.03
warf-like-yin,48000,full-fundamental,soft,67,G4,2048,512,42.67,10.67,0,-1,none,-,0,0,52,52,0,0,0,0.04
warf-like-yin,48000,weak-fundamental,medium,67,G4,2048,512,42.67,10.67,1,67,G4,49.33,0,0,52,52,0,0,0,0.04
warf-like-yin,48000,weak-fundamental,soft,67,G4,2048,512,42.67,10.67,0,-1,none,-,0,0,52,52,0,0,0,0.04
full-range-yin,48000,full-fundamental,medium,28,E1,2528,120,52.67,2.50,1,28,E1,45.17,0,0,219,219,0,0,0,0.07
full-range-yin,48000,full-fundamental,soft,28,E1,2528,120,52.67,2.50,0,-1,none,-,0,0,219,219,0,0,0,0.08
full-range-yin,48000,weak-fundamental,medium,28,E1,2528,120,52.67,2.50,1,28,E1,50.17,0,0,219,219,0,0,0,0.04
full-range-yin,48000,weak-fundamental,soft,28,E1,2528,120,52.67,2.50,0,-1,none,-,0,0,219,219,0,0,0,0.05
full-range-yin,48000,full-fundamental,medium,29,F1,2528,120,52.67,2.50,1,29,F1,45.17,0,0,219,219,0,0,0,0.09
full-range-yin,48000,full-fundamental,soft,29,F1,2528,120,52.67,2.50,0,-1,none,-,0,0,219,219,0,0,0,0.08
full-range-yin,48000,weak-fundamental,medium,29,F1,2528,120,52.67,2.50,1,29,F1,50.17,0,0,219,219,0,0,0,0.04
full-range-yin,48000,weak-fundamental,soft,29,F1,2528,120,52.67,2.50,0,-1,none,-,0,0,219,219,0,0,0,0.04
full-range-yin,48000,full-fundamental,medium,30,F#1,2528,120,52.67,2.50,1,30,F#1,47.67,0,0,219,219,0,0,0,0.07
full-range-yin,48000,full-fundamental,soft,30,F#1,2528,120,52.67,2.50,0,-1,none,-,0,0,219,219,0,0,0,0.07
full-range-yin,48000,weak-fundamental,medium,30,F#1,2528,120,52.67,2.50,1,30,F#1,50.17,0,0,219,219,0,0,0,0.03
full-range-yin,48000,weak-fundamental,soft,30,F#1,2528,120,52.67,2.50,0,-1,none,-,0,0,219,219,0,0,0,0.03
full-range-yin,48000,full-fundamental,medium,31,G1,2528,120,52.67,2.50,1,31,G1,47.67,0,0,219,219,0,0,0,0.03
full-range-yin,48000,full-fundamental,soft,31,G1,2528,120,52.67,2.50,0,-1,none,-,0,0,219,219,0,0,0,0.04
full-range-yin,48000,weak-fundamental,medium,31,G1,2528,120,52.67,2.50,1,31,G1,47.67,0,0,219,219,0,0,0,0.04
full-range-yin,48000,weak-fundamental,soft,31,G1,2528,120,52.67,2.50,0,-1,none,-,0,0,219,219,0,0,0,0.04
full-range-yin,48000,full-fundamental,medium,32,G#1,2528,120,52.67,2.50,1,32,G#1,55.17,0,0,219,219,0,0,0,0.05
full-range-yin,48000,full-fundamental,soft,32,G#1,2528,120,52.67,2.50,0,-1,none,-,0,0,219,219,0,0,0,0.05
full-range-yin,48000,weak-fundamental,medium,32,G#1,2528,120,52.67,2.50,1,32,G#1,50.17,0,0,219,219,0,0,0,0.02
full-range-yin,48000,weak-fundamental,soft,32,G#1,2528,120,52.67,2.50,0,-1,none,-,0,0,219,219,0,0,0,0.03
full-range-yin,48000,full-fundamental,medium,33,A1,2528,120,52.67,2.50,1,33,A1,50.17,0,0,219,219,0,0,0,0.05
full-range-yin,48000,full-fundamental,soft,33,A1,2528,120,52.67,2.50,0,-1,none,-,0,0,219,219,0,0,0,0.06
full-range-yin,48000,weak-fundamental,medium,33,A1,2528,120,52.67,2.50,1,33,A1,45.17,0,0,219,219,0,0,0,0.02
full-range-yin,48000,weak-fundamental,soft,33,A1,2528,120,52.67,2.50,0,-1,none,-,0,0,219,219,0,0,0,0.03
full-range-yin,48000,full-fundamental,medium,34,A#1,2528,120,52.67,2.50,1,34,A#1,55.17,0,0,219,219,0,0,0,0.05
full-range-yin,48000,full-fundamental,soft,34,A#1,2528,120,52.67,2.50,0,-1,none,-,0,0,219,219,0,0,0,0.05
full-range-yin,48000,weak-fundamental,medium,34,A#1,2528,120,52.67,2.50,1,34,A#1,50.17,0,0,219,219,0,0,0,0.02
full-range-yin,48000,weak-fundamental,soft,34,A#1,2528,120,52.67,2.50,0,-1,none,-,0,0,219,219,0,0,0,0.03
full-range-yin,48000,full-fundamental,medium,35,B1,2528,120,52.67,2.50,1,35,B1,50.17,0,0,219,219,0,0,0,0.03
full-range-yin,48000,full-fundamental,soft,35,B1,2528,120,52.67,2.50,0,-1,none,-,0,0,219,219,0,0,0,0.03
full-range-yin,48000,weak-fundamental,medium,35,B1,2528,120,52.67,2.50,1,35,B1,47.67,0,0,219,219,0,0,0,0.01
full-range-yin,48000,weak-fundamental,soft,35,B1,2528,120,52.67,2.50,0,-1,none,-,0,0,219,219,0,0,0,0.02
full-range-yin,48000,full-fundamental,medium,36,C2,2528,120,52.67,2.50,1,36,C2,52.67,0,0,219,219,0,0,0,0.03
full-range-yin,48000,full-fundamental,soft,36,C2,2528,120,52.67,2.50,0,-1,none,-,0,0,219,219,0,0,0,0.04
full-range-yin,48000,weak-fundamental,medium,36,C2,2528,120,52.67,2.50,1,36,C2,50.17,0,0,219,219,0,0,0,0.01
full-range-yin,48000,weak-fundamental,soft,36,C2,2528,120,52.67,2.50,0,-1,none,-,0,0,219,219,0,0,0,0.02
full-range-yin,48000,full-fundamental,medium,37,C#2,2528,120,52.67,2.50,1,37,C#2,50.17,0,0,219,219,0,0,0,0.05
full-range-yin,48000,full-fundamental,soft,37,C#2,2528,120,52.67,2.50,0,-1,none,-,0,0,219,219,0,0,0,0.05
full-range-yin,48000,weak-fundamental,medium,37,C#2,2528,120,52.67,2.50,1,37,C#2,50.17,0,0,219,219,0,0,0,0.01
full-range-yin,48000,weak-fundamental,soft,37,C#2,2528,120,52.67,2.50,0,-1,none,-,0,0,219,219,0,0,0,0.02
full-range-yin,48000,full-fundamental,medium,38,D2,2528,120,52.67,2.50,1,38,D2,52.67,0,0,219,219,0,0,0,0.02
full-range-yin,48000,full-fundamental,soft,38,D2,2528,120,52.67,2.50,0,-1,none,-,0,0,219,219,0,0,0,0.03
full-range-yin,48000,weak-fundamental,medium,38,D2,2528,120,52.67,2.50,1,38,D2,52.67,0,0,219,219,0,0,0,0.01
full-range-yin,48000,weak-fundamental,soft,38,D2,2528,120,52.67,2.50,0,-1,none,-,0,0,219,219,0,0,0,0.02
full-range-yin,48000,full-fundamental,medium,39,D#2,2528,120,52.67,2.50,1,39,D#2,50.17,0,0,219,219,0,0,0,0.01
full-range-yin,48000,full-fundamental,soft,39,D#2,2528,120,52.67,2.50,0,-1,none,-,0,0,219,219,0,0,0,0.02
full-range-yin,48000,weak-fundamental,medium,39,D#2,2528,120,52.67,2.50,1,39,D#2,50.17,0,0,219,219,0,0,0,0.01
full-range-yin,48000,weak-fundamental,soft,39,D#2,2528,120,52.67,2.50,0,-1,none,-,0,0,219,219,0,0,0,0.02
full-range-yin,48000,full-fundamental,medium,40,E2,2528,120,52.67,2.50,1,40,E2,52.67,0,0,219,219,0,0,0,0.03
full-range-yin,48000,full-fundamental,soft,40,E2,2528,120,52.67,2.50,0,-1,none,-,0,0,219,219,0,0,0,0.03
full-range-yin,48000,weak-fundamental,medium,40,E2,2528,120,52.67,2.50,1,40,E2,50.17,0,0,219,219,0,0,0,0.01
full-range-yin,48000,weak-fundamental,soft,40,E2,2528,120,52.67,2.50,0,-1,none,-,0,0,219,219,0,0,0,0.01
full-range-yin,48000,full-fundamental,medium,41,F2,2528,120,52.67,2.50,1,41,F2,52.67,0,0,219,219,0,0,0,0.02
full-range-yin,48000,full-fundamental,soft,41,F2,2528,120,52.67,2.50,0,-1,none,-,0,0,219,219,0,0,0,0.02
full-range-yin,48000,weak-fundamental,medium,41,F2,2528,120,52.67,2.50,1,41,F2,50.17,0,0,219,219,0,0,0,0.01
full-range-yin,48000,weak-fundamental,soft,41,F2,2528,120,52.67,2.50,0,-1,none,-,0,0,219,219,0,0,0,0.02
full-range-yin,48000,full-fundamental,medium,42,F#2,2528,120,52.67,2.50,1,42,F#2,52.67,0,0,219,219,0,0,0,0.02
full-range-yin,48000,full-fundamental,soft,42,F#2,2528,120,52.67,2.50,0,-1,none,-,0,0,219,219,0,0,0,0.02
full-range-yin,48000,weak-fundamental,medium,42,F#2,2528,120,52.67,2.50,1,42,F#2,50.17,0,0,219,219,0,0,0,0.01
full-range-yin,48000,weak-fundamental,soft,42,F#2,2528,120,52.67,2.50,0,-1,none,-,0,0,219,219,0,0,0,0.02
full-range-yin,48000,full-fundamental,medium,43,G2,2528,120,52.67,2.50,1,43,G2,50.17,0,0,219,219,0,0,0,0.01
full-range-yin,48000,full-fundamental,soft,43,G2,2528,120,52.67,2.50,0,-1,none,-,0,0,219,219,0,0,0,0.02
full-range-yin,48000,weak-fundamental,medium,43,G2,2528,120,52.67,2.50,1,43,G2,50.17,0,0,219,219,0,0,0,0.01
full-range-yin,48000,weak-fundamental,soft,43,G2,2528,120,52.67,2.50,0,-1,none,-,0,0,219,219,0,0,0,0.01
full-range-yin,48000,full-fundamental,medium,44,G#2,2528,120,52.67,2.50,1,44,G#2,50.17,0,0,219,219,0,0,0,0.01
full-range-yin,48000,full-fundamental,soft,44,G#2,2528,120,52.67,2.50,0,-1,none,-,0,0,219,219,0,0,0,0.02
full-range-yin,48000,weak-fundamental,medium,44,G#2,2528,120,52.67,2.50,1,44,G#2,50.17,0,0,219,219,0,0,0,0.01
full-range-yin,48000,weak-fundamental,soft,44,G#2,2528,120,52.67,2.50,0,-1,none,-,0,0,219,219,0,0,0,0.01
full-range-yin,48000,full-fundamental,medium,45,A2,2528,120,52.67,2.50,1,45,A2,50.17,0,0,219,219,0,0,0,0.01
full-range-yin,48000,full-fundamental,soft,45,A2,2528,120,52.67,2.50,0,-1,none,-,0,0,219,219,0,0,0,0.02
full-range-yin,48000,weak-fundamental,medium,45,A2,2528,120,52.67,2.50,1,45,A2,50.17,0,0,219,219,0,0,0,0.01
full-range-yin,48000,weak-fundamental,soft,45,A2,2528,120,52.67,2.50,0,-1,none,-,0,0,219,219,0,0,0,0.01
full-range-yin,48000,full-fundamental,medium,46,A#2,2528,120,52.67,2.50,1,46,A#2,50.17,0,0,219,219,0,0,0,0.01
full-range-yin,48000,full-fundamental,soft,46,A#2,2528,120,52.67,2.50,0,-1,none,-,0,0,219,219,0,0,0,0.02
full-range-yin,48000,weak-fundamental,medium,46,A#2,2528,120,52.67,2.50,1,46,A#2,50.17,0,0,219,219,0,0,0,0.01
full-range-yin,48000,weak-fundamental,soft,46,A#2,2528,120,52.67,2.50,0,-1,none,-,0,0,219,219,0,0,0,0.01
full-range-yin,48000,full-fundamental,medium,47,B2,2528,120,52.67,2.50,1,47,B2,52.67,0,0,219,219,0,0,0,0.01
full-range-yin,48000,full-fundamental,soft,47,B2,2528,120,52.67,2.50,0,-1,none,-,0,0,219,219,0,0,0,0.02
full-range-yin,48000,weak-fundamental,medium,47,B2,2528,120,52.67,2.50,1,47,B2,52.67,0,0,219,219,0,0,0,0.01
full-range-yin,48000,weak-fundamental,soft,47,B2,2528,120,52.67,2.50,0,-1,none,-,0,0,219,219,0,0,0,0.01
full-range-yin,48000,full-fundamental,medium,48,C3,2528,120,52.67,2.50,1,48,C3,50.17,0,0,219,219,0,0,0,0.01
full-range-yin,48000,full-fundamental,soft,48,C3,2528,120,52.67,2.50,0,-1,none,-,0,0,219,219,0,0,0,0.01
full-range-yin,48000,weak-fundamental,medium,48,C3,2528,120,52.67,2.50,1,48,C3,50.17,0,0,219,219,0,0,0,0.01
full-range-yin,48000,weak-fundamental,soft,48,C3,2528,120,52.67,2.50,0,-1,none,-,0,0,219,219,0,0,0,0.01
full-range-yin,48000,full-fundamental,medium,49,C#3,2528,120,52.67,2.50,1,49,C#3,50.17,0,0,219,219,0,0,0,0.01
full-range-yin,48000,full-fundamental,soft,49,C#3,2528,120,52.67,2.50,0,-1,none,-,0,0,219,219,0,0,0,0.01
full-range-yin,48000,weak-fundamental,medium,49,C#3,2528,120,52.67,2.50,1,49,C#3,50.17,0,0,219,219,0,0,0,0.01
full-range-yin,48000,weak-fundamental,soft,49,C#3,2528,120,52.67,2.50,0,-1,none,-,0,0,219,219,0,0,0,0.01
full-range-yin,48000,full-fundamental,medium,50,D3,2528,120,52.67,2.50,1,50,D3,50.17,0,0,219,219,0,0,0,0.01
full-range-yin,48000,full-fundamental,soft,50,D3,2528,120,52.67,2.50,0,-1,none,-,0,0,219,219,0,0,0,0.01
full-range-yin,48000,weak-fundamental,medium,50,D3,2528,120,52.67,2.50,1,50,D3,50.17,0,0,219,219,0,0,0,0.01
full-range-yin,48000,weak-fundamental,soft,50,D3,2528,120,52.67,2.50,0,-1,none,-,0,0,219,219,0,0,0,0.01
full-range-yin,48000,full-fundamental,medium,51,D#3,2528,120,52.67,2.50,1,51,D#3,50.17,0,0,219,219,0,0,0,0.01
full-range-yin,48000,full-fundamental,soft,51,D#3,2528,120,52.67,2.50,0,-1,none,-,0,0,219,219,0,0,0,0.01
full-range-yin,48000,weak-fundamental,medium,51,D#3,2528,120,52.67,2.50,1,51,D#3,50.17,0,0,219,219,0,0,0,0.00
full-range-yin,48000,weak-fundamental,soft,51,D#3,2528,120,52.67,2.50,0,-1,none,-,0,0,219,219,0,0,0,0.01
full-range-yin,48000,full-fundamental,medium,52,E3,2528,120,52.67,2.50,1,52,E3,50.17,0,0,219,219,0,0,0,0.01
full-range-yin,48000,full-fundamental,soft,52,E3,2528,120,52.67,2.50,0,-1,none,-,0,0,219,219,0,0,0,0.01
full-range-yin,48000,weak-fundamental,medium,52,E3,2528,120,52.67,2.50,1,52,E3,50.17,0,0,219,219,0,0,0,0.01
full-range-yin,48000,weak-fundamental,soft,52,E3,2528,120,52.67,2.50,0,-1,none,-,0,0,219,219,0,0,0,0.01
full-range-yin,48000,full-fundamental,medium,53,F3,2528,120,52.67,2.50,1,53,F3,47.67,0,0,219,219,0,0,0,0.01
full-range-yin,48000,full-fundamental,soft,53,F3,2528,120,52.67,2.50,0,-1,none,-,0,0,219,219,0,0,0,0.01
full-range-yin,48000,weak-fundamental,medium,53,F3,2528,120,52.67,2.50,1,53,F3,47.67,0,0,219,219,0,0,0,0.01
full-range-yin,48000,weak-fundamental,soft,53,F3,2528,120,52.67,2.50,0,-1,none,-,0,0,219,219,0,0,0,0.01
full-range-yin,48000,full-fundamental,medium,54,F#3,2528,120,52.67,2.50,1,54,F#3,47.67,0,0,219,219,0,0,0,0.01
full-range-yin,48000,full-fundamental,soft,54,F#3,2528,120,52.67,2.50,0,-1,none,-,0,0,219,219,0,0,0,0.01
full-range-yin,48000,weak-fundamental,medium,54,F#3,2528,120,52.67,2.50,1,54,F#3,47.67,0,0,219,219,0,0,0,0.01
full-range-yin,48000,weak-fundamental,soft,54,F#3,2528,120,52.67,2.50,0,-1,none,-,0,0,219,219,0,0,0,0.01
full-range-yin,48000,full-fundamental,medium,55,G3,2528,120,52.67,2.50,1,55,G3,47.67,0,0,219,219,0,0,0,0.01
full-range-yin,48000,full-fundamental,soft,55,G3,2528,120,52.67,2.50,0,-1,none,-,0,0,219,219,0,0,0,0.01
full-range-yin,48000,weak-fundamental,medium,55,G3,2528,120,52.67,2.50,1,55,G3,47.67,0,0,219,219,0,0,0,0.01
full-range-yin,48000,weak-fundamental,soft,55,G3,2528,120,52.67,2.50,0,-1,none,-,0,0,219,219,0,0,0,0.01
full-range-yin,48000,full-fundamental,medium,56,G#3,2528,120,52.67,2.50,1,56,G#3,45.17,0,0,219,219,0,0,0,0.02
full-range-yin,48000,full-fundamental,soft,56,G#3,2528,120,52.67,2.50,0,-1,none,-,0,0,219,219,0,0,0,0.02
full-range-yin,48000,weak-fundamental,medium,56,G#3,2528,120,52.67,2.50,1,56,G#3,45.17,0,0,219,219,0,0,0,0.02
full-range-yin,48000,weak-fundamental,soft,56,G#3,2528,120,52.67,2.50,0,-1,none,-,0,0,219,219,0,0,0,0.02
full-range-yin,48000,full-fundamental,medium,57,A3,2528,120,52.67,2.50,1,57,A3,45.17,0,0,219,219,0,0,0,0.02
full-range-yin,48000,full-fundamental,soft,57,A3,2528,120,52.67,2.50,0,-1,none,-,0,0,219,219,0,0,0,0.02
full-range-yin,48000,weak-fundamental,medium,57,A3,2528,120,52.67,2.50,1,57,A3,45.17,0,0,219,219,0,0,0,0.02
full-range-yin,48000,weak-fundamental,soft,57,A3,2528,120,52.67,2.50,0,-1,none,-,0,0,219,219,0,0,0,0.02
full-range-yin,48000,full-fundamental,medium,58,A#3,2528,120,52.67,2.50,1,58,A#3,42.67,0,0,219,219,0,0,0,0.02
full-range-yin,48000,full-fundamental,soft,58,A#3,2528,120,52.67,2.50,0,-1,none,-,0,0,219,219,0,0,0,0.02
full-range-yin,48000,weak-fundamental,medium,58,A#3,2528,120,52.67,2.50,1,58,A#3,42.67,0,0,219,219,0,0,0,0.02
full-range-yin,48000,weak-fundamental,soft,58,A#3,2528,120,52.67,2.50,0,-1,none,-,0,0,219,219,0,0,0,0.02
full-range-yin,48000,full-fundamental,medium,59,B3,2528,120,52.67,2.50,1,59,B3,42.67,0,0,219,219,0,0,0,0.02
full-range-yin,48000,full-fundamental,soft,59,B3,2528,120,52.67,2.50,0,-1,none,-,0,0,219,219,0,0,0,0.02
full-range-yin,48000,weak-fundamental,medium,59,B3,2528,120,52.67,2.50,1,59,B3,42.67,0,0,219,219,0,0,0,0.02
full-range-yin,48000,weak-fundamental,soft,59,B3,2528,120,52.67,2.50,0,-1,none,-,0,0,219,219,0,0,0,0.02
full-range-yin,48000,full-fundamental,medium,60,C4,2528,120,52.67,2.50,1,60,C4,42.67,0,0,219,219,0,0,0,0.01
full-range-yin,48000,full-fundamental,soft,60,C4,2528,120,52.67,2.50,0,-1,none,-,0,0,219,219,0,0,0,0.01
full-range-yin,48000,weak-fundamental,medium,60,C4,2528,120,52.67,2.50,1,60,C4,42.67,0,0,219,219,0,0,0,0.01
full-range-yin,48000,weak-fundamental,soft,60,C4,2528,120,52.67,2.50,0,-1,none,-,0,0,219,219,0,0,0,0.01
full-range-yin,48000,full-fundamental,medium,61,C#4,2528,120,52.67,2.50,1,61,C#4,42.67,0,0,219,219,0,0,0,0.03
full-range-yin,48000,full-fundamental,soft,61,C#4,2528,120,52.67,2.50,0,-1,none,-,0,0,219,219,0,0,0,0.04
full-range-yin,48000,weak-fundamental,medium,61,C#4,2528,120,52.67,2.50,1,61,C#4,42.67,0,0,219,219,0,0,0,0.04
full-range-yin,48000,weak-fundamental,soft,61,C#4,2528,120,52.67,2.50,0,-1,none,-,0,0,219,219,0,0,0,0.04
full-range-yin,48000,full-fundamental,medium,62,D4,2528,120,52.67,2.50,1,62,D4,40.17,0,0,219,219,0,0,0,0.02
full-range-yin,48000,full-fundamental,soft,62,D4,2528,120,52.67,2.50,0,-1,none,-,0,0,219,219,0,0,0,0.02
full-range-yin,48000,weak-fundamental,medium,62,D4,2528,120,52.67,2.50,1,62,D4,40.17,0,0,219,219,0,0,0,0.02
full-range-yin,48000,weak-fundamental,soft,62,D4,2528,120,52.67,2.50,0,-1,none,-,0,0,219,219,0,0,0,0.02
full-range-yin,48000,full-fundamental,medium,63,D#4,2528,120,52.67,2.50,1,63,D#4,40.17,0,0,219,219,0,0,0,0.04
full-range-yin,48000,full-fundamental,soft,63,D#4,2528,120,52.67,2.50,0,-1,none,-,0,0,219,219,0,0,0,0.04
full-range-yin,48000,weak-fundamental,medium,63,D#4,2528,120,52.67,2.50,1,63,D#4,40.17,0,0,219,219,0,0,0,0.04
full-range-yin,48000,weak-fundamental,soft,63,D#4,2528,120,52.67,2.50,0,-1,none,-,0,0,219,219,0,0,0,0.05
full-range-yin,48000,full-fundamental,medium,64,E4,2528,120,52.67,2.50,1,64,E4,37.67,0,0,219,219,0,0,0,0.01
full-range-yin,48000,full-fundamental,soft,64,E4,2528,120,52.67,2.50,0,-1,none,-,0,0,219,219,0,0,0,0.01
full-range-yin,48000,weak-fundamental,medium,64,E4,2528,120,52.67,2.50,1,64,E4,40.17,0,0,219,219,0,0,0,0.01
full-range-yin,48000,weak-fundamental,soft,64,E4,2528,120,52.67,2.50,0,-1,none,-,0,0,219,219,0,0,0,0.01
full-range-yin,48000,full-fundamental,medium,65,F4,2528,120,52.67,2.50,1,65,F4,37.67,0,0,219,219,0,0,0,0.03
full-range-yin,48000,full-fundamental,soft,65,F4,2528,120,52.67,2.50,0,-1,none,-,0,0,219,219,0,0,0,0.03
full-range-yin,48000,weak-fundamental,medium,65,F4,2528,120,52.67,2.50,1,65,F4,37.67,0,0,219,219,0,0,0,0.03
full-range-yin,48000,weak-fundamental,soft,65,F4,2528,120,52.67,2.50,0,-1,none,-,0,0,219,219,0,0,0,0.03
full-range-yin,48000,full-fundamental,medium,66,F#4,2528,120,52.67,2.50,1,66,F#4,37.67,0,0,219,219,0,0,0,0.02
full-range-yin,48000,full-fundamental,soft,66,F#4,2528,120,52.67,2.50,0,-1,none,-,0,0,219,219,0,0,0,0.01
full-range-yin,48000,weak-fundamental,medium,66,F#4,2528,120,52.67,2.50,1,66,F#4,37.67,0,0,219,219,0,0,0,0.01
full-range-yin,48000,weak-fundamental,soft,66,F#4,2528,120,52.67,2.50,0,-1,none,-,0,0,219,219,0,0,0,0.01
full-range-yin,48000,full-fundamental,medium,67,G4,2528,120,52.67,2.50,1,67,G4,37.67,0,0,219,219,0,0,0,0.04
full-range-yin,48000,full-fundamental,soft,67,G4,2528,120,52.67,2.50,0,-1,none,-,0,0,219,219,0,0,0,0.04
full-range-yin,48000,weak-fundamental,medium,67,G4,2528,120,52.67,2.50,1,67,G4,37.67,0,0,219,219,0,0,0,0.04
full-range-yin,48000,weak-fundamental,soft,67,G4,2528,120,52.67,2.50,0,-1,none,-,0,0,219,219,0,0,0,0.04
warf-like-yin,96000,full-fundamental,medium,28,E1,4096,1024,42.67,10.67,0,-1,none,-,0,0,52,0,0,0,52,-
warf-like-yin,96000,full-fundamental,soft,28,E1,4096,1024,42.67,10.67,0,-1,none,-,0,0,52,0,0,0,52,-
warf-like-yin,96000,weak-fundamental,medium,28,E1,4096,1024,42.67,10.67,0,-1,none,-,0,0,52,0,0,0,52,-
warf-like-yin,96000,weak-fundamental,soft,28,E1,4096,1024,42.67,10.67,0,-1,none,-,0,0,52,0,0,0,52,-
warf-like-yin,96000,full-fundamental,medium,29,F1,4096,1024,42.67,10.67,0,-1,none,-,0,0,52,0,0,1,51,-
warf-like-yin,96000,full-fundamental,soft,29,F1,4096,1024,42.67,10.67,0,-1,none,-,0,0,52,0,0,0,52,-
warf-like-yin,96000,weak-fundamental,medium,29,F1,4096,1024,42.67,10.67,0,-1,none,-,0,0,52,0,0,0,52,-
warf-like-yin,96000,weak-fundamental,soft,29,F1,4096,1024,42.67,10.67,0,-1,none,-,0,0,52,0,0,0,52,-
warf-like-yin,96000,full-fundamental,medium,30,F#1,4096,1024,42.67,10.67,1,30,F#1,49.33,0,0,52,52,0,0,0,23.69
warf-like-yin,96000,full-fundamental,soft,30,F#1,4096,1024,42.67,10.67,0,-1,none,-,0,0,52,52,0,0,0,23.69
warf-like-yin,96000,weak-fundamental,medium,30,F#1,4096,1024,42.67,10.67,1,30,F#1,60.00,0,0,52,52,0,0,0,23.69
warf-like-yin,96000,weak-fundamental,soft,30,F#1,4096,1024,42.67,10.67,0,-1,none,-,0,0,52,52,0,0,0,23.69
warf-like-yin,96000,full-fundamental,medium,31,G1,4096,1024,42.67,10.67,1,31,G1,49.33,0,0,52,52,0,0,0,0.04
warf-like-yin,96000,full-fundamental,soft,31,G1,4096,1024,42.67,10.67,0,-1,none,-,0,0,52,52,0,0,0,0.05
warf-like-yin,96000,weak-fundamental,medium,31,G1,4096,1024,42.67,10.67,1,31,G1,49.33,0,0,52,52,0,0,0,0.03
warf-like-yin,96000,weak-fundamental,soft,31,G1,4096,1024,42.67,10.67,0,-1,none,-,0,0,52,52,0,0,0,0.03
warf-like-yin,96000,full-fundamental,medium,32,G#1,4096,1024,42.67,10.67,1,32,G#1,60.00,0,0,52,52,0,0,0,0.08
warf-like-yin,96000,full-fundamental,soft,32,G#1,4096,1024,42.67,10.67,0,-1,none,-,0,0,52,52,0,0,0,0.09
warf-like-yin,96000,weak-fundamental,medium,32,G#1,4096,1024,42.67,10.67,1,32,G#1,60.00,0,0,52,52,0,0,0,0.04
warf-like-yin,96000,weak-fundamental,soft,32,G#1,4096,1024,42.67,10.67,0,-1,none,-,0,0,52,52,0,0,0,0.04
warf-like-yin,96000,full-fundamental,medium,33,A1,4096,1024,42.67,10.67,1,33,A1,49.33,0,0,52,52,0,0,0,0.07
warf-like-yin,96000,full-fundamental,soft,33,A1,4096,1024,42.67,10.67,0,-1,none,-,0,0,52,52,0,0,0,0.07
warf-like-yin,96000,weak-fundamental,medium,33,A1,4096,1024,42.67,10.67,1,33,A1,49.33,0,0,52,52,0,0,0,0.03
warf-like-yin,96000,weak-fundamental,soft,33,A1,4096,1024,42.67,10.67,0,-1,none,-,0,0,52,52,0,0,0,0.04
warf-like-yin,96000,full-fundamental,medium,34,A#1,4096,1024,42.67,10.67,1,34,A#1,60.00,0,0,52,52,0,0,0,0.06
warf-like-yin,96000,full-fundamental,soft,34,A#1,4096,1024,42.67,10.67,0,-1,none,-,0,0,52,52,0,0,0,0.05
warf-like-yin,96000,weak-fundamental,medium,34,A#1,4096,1024,42.67,10.67,1,34,A#1,60.00,0,0,52,52,0,0,0,0.03
warf-like-yin,96000,weak-fundamental,soft,34,A#1,4096,1024,42.67,10.67,0,-1,none,-,0,0,52,52,0,0,0,0.02
warf-like-yin,96000,full-fundamental,medium,35,B1,4096,1024,42.67,10.67,1,35,B1,60.00,0,0,52,52,0,0,0,0.05
warf-like-yin,96000,full-fundamental,soft,35,B1,4096,1024,42.67,10.67,0,-1,none,-,0,0,52,52,0,0,0,0.06
warf-like-yin,96000,weak-fundamental,medium,35,B1,4096,1024,42.67,10.67,1,35,B1,49.33,0,0,52,52,0,0,0,0.01
warf-like-yin,96000,weak-fundamental,soft,35,B1,4096,1024,42.67,10.67,0,-1,none,-,0,0,52,52,0,0,0,0.02
warf-like-yin,96000,full-fundamental,medium,36,C2,4096,1024,42.67,10.67,1,36,C2,60.00,0,0,52,52,0,0,0,0.03
warf-like-yin,96000,full-fundamental,soft,36,C2,4096,1024,42.67,10.67,0,-1,none,-,0,0,52,52,0,0,0,0.03
warf-like-yin,96000,weak-fundamental,medium,36,C2,4096,1024,42.67,10.67,1,36,C2,49.33,0,0,52,52,0,0,0,0.01
warf-like-yin,96000,weak-fundamental,soft,36,C2,4096,1024,42.67,10.67,0,-1,none,-,0,0,52,52,0,0,0,0.01
warf-like-yin,96000,full-fundamental,medium,37,C#2,4096,1024,42.67,10.67,1,37,C#2,60.00,0,0,52,52,0,0,0,0.04
warf-like-yin,96000,full-fundamental,soft,37,C#2,4096,1024,42.67,10.67,0,-1,none,-,0,0,52,52,0,0,0,0.04
warf-like-yin,96000,weak-fundamental,medium,37,C#2,4096,1024,42.67,10.67,1,37,C#2,49.33,0,0,52,52,0,0,0,0.02
warf-like-yin,96000,weak-fundamental,soft,37,C#2,4096,1024,42.67,10.67,0,-1,none,-,0,0,52,52,0,0,0,0.02
warf-like-yin,96000,full-fundamental,medium,38,D2,4096,1024,42.67,10.67,1,38,D2,60.00,0,0,52,52,0,0,0,0.04
warf-like-yin,96000,full-fundamental,soft,38,D2,4096,1024,42.67,10.67,0,-1,none,-,0,0,52,52,0,0,0,0.04
warf-like-yin,96000,weak-fundamental,medium,38,D2,4096,1024,42.67,10.67,1,38,D2,49.33,0,0,52,52,0,0,0,0.02
warf-like-yin,96000,weak-fundamental,soft,38,D2,4096,1024,42.67,10.67,0,-1,none,-,0,0,52,52,0,0,0,0.02
warf-like-yin,96000,full-fundamental,medium,39,D#2,4096,1024,42.67,10.67,1,39,D#2,49.33,0,0,52,52,0,0,0,0.04
warf-like-yin,96000,full-fundamental,soft,39,D#2,4096,1024,42.67,10.67,0,-1,none,-,0,0,52,52,0,0,0,0.04
warf-like-yin,96000,weak-fundamental,medium,39,D#2,4096,1024,42.67,10.67,1,39,D#2,49.33,0,0,52,52,0,0,0,0.02
warf-like-yin,96000,weak-fundamental,soft,39,D#2,4096,1024,42.67,10.67,0,-1,none,-,0,0,52,52,0,0,0,0.02
warf-like-yin,96000,full-fundamental,medium,40,E2,4096,1024,42.67,10.67,1,40,E2,60.00,0,0,52,52,0,0,0,0.03
warf-like-yin,96000,full-fundamental,soft,40,E2,4096,1024,42.67,10.67,0,-1,none,-,0,0,52,52,0,0,0,0.03
warf-like-yin,96000,weak-fundamental,medium,40,E2,4096,1024,42.67,10.67,1,40,E2,49.33,0,0,52,52,0,0,0,0.01
warf-like-yin,96000,weak-fundamental,soft,40,E2,4096,1024,42.67,10.67,0,-1,none,-,0,0,52,52,0,0,0,0.01
warf-like-yin,96000,full-fundamental,medium,41,F2,4096,1024,42.67,10.67,1,41,F2,49.33,0,0,52,52,0,0,0,0.02
warf-like-yin,96000,full-fundamental,soft,41,F2,4096,1024,42.67,10.67,0,-1,none,-,0,0,52,52,0,0,0,0.03
warf-like-yin,96000,weak-fundamental,medium,41,F2,4096,1024,42.67,10.67,1,41,F2,49.33,0,0,52,52,0,0,0,0.01
warf-like-yin,96000,weak-fundamental,soft,41,F2,4096,1024,42.67,10.67,0,-1,none,-,0,0,52,52,0,0,0,0.02
warf-like-yin,96000,full-fundamental,medium,42,F#2,4096,1024,42.67,10.67,1,42,F#2,49.33,0,0,52,52,0,0,0,0.00
warf-like-yin,96000,full-fundamental,soft,42,F#2,4096,1024,42.67,10.67,0,-1,none,-,0,0,52,52,0,0,0,0.01
warf-like-yin,96000,weak-fundamental,medium,42,F#2,4096,1024,42.67,10.67,1,42,F#2,49.33,0,0,52,52,0,0,0,0.01
warf-like-yin,96000,weak-fundamental,soft,42,F#2,4096,1024,42.67,10.67,0,-1,none,-,0,0,52,52,0,0,0,0.01
warf-like-yin,96000,full-fundamental,medium,43,G2,4096,1024,42.67,10.67,1,43,G2,49.33,0,0,52,52,0,0,0,0.01
warf-like-yin,96000,full-fundamental,soft,43,G2,4096,1024,42.67,10.67,0,-1,none,-,0,0,52,52,0,0,0,0.02
warf-like-yin,96000,weak-fundamental,medium,43,G2,4096,1024,42.67,10.67,1,43,G2,49.33,0,0,52,52,0,0,0,0.01
warf-like-yin,96000,weak-fundamental,soft,43,G2,4096,1024,42.67,10.67,0,-1,none,-,0,0,52,52,0,0,0,0.02
warf-like-yin,96000,full-fundamental,medium,44,G#2,4096,1024,42.67,10.67,1,44,G#2,49.33,0,0,52,52,0,0,0,0.02
warf-like-yin,96000,full-fundamental,soft,44,G#2,4096,1024,42.67,10.67,0,-1,none,-,0,0,52,52,0,0,0,0.02
warf-like-yin,96000,weak-fundamental,medium,44,G#2,4096,1024,42.67,10.67,1,44,G#2,49.33,0,0,52,52,0,0,0,0.01
warf-like-yin,96000,weak-fundamental,soft,44,G#2,4096,1024,42.67,10.67,0,-1,none,-,0,0,52,52,0,0,0,0.01
warf-like-yin,96000,full-fundamental,medium,45,A2,4096,1024,42.67,10.67,1,45,A2,49.33,0,0,52,52,0,0,0,0.02
warf-like-yin,96000,full-fundamental,soft,45,A2,4096,1024,42.67,10.67,0,-1,none,-,0,0,52,52,0,0,0,0.02
warf-like-yin,96000,weak-fundamental,medium,45,A2,4096,1024,42.67,10.67,1,45,A2,49.33,0,0,52,52,0,0,0,0.01
warf-like-yin,96000,weak-fundamental,soft,45,A2,4096,1024,42.67,10.67,0,-1,none,-,0,0,52,52,0,0,0,0.01
warf-like-yin,96000,full-fundamental,medium,46,A#2,4096,1024,42.67,10.67,1,46,A#2,49.33,0,0,52,52,0,0,0,0.01
warf-like-yin,96000,full-fundamental,soft,46,A#2,4096,1024,42.67,10.67,0,-1,none,-,0,0,52,52,0,0,0,0.01
warf-like-yin,96000,weak-fundamental,medium,46,A#2,4096,1024,42.67,10.67,1,46,A#2,49.33,0,0,52,52,0,0,0,0.01
warf-like-yin,96000,weak-fundamental,soft,46,A#2,4096,1024,42.67,10.67,0,-1,none,-,0,0,52,52,0,0,0,0.01
warf-like-yin,96000,full-fundamental,medium,47,B2,4096,1024,42.67,10.67,1,47,B2,60.00,0,0,52,52,0,0,0,0.01
warf-like-yin,96000,full-fundamental,soft,47,B2,4096,1024,42.67,10.67,0,-1,none,-,0,0,52,52,0,0,0,0.01
warf-like-yin,96000,weak-fundamental,medium,47,B2,4096,1024,42.67,10.67,1,47,B2,60.00,0,0,52,52,0,0,0,0.01
warf-like-yin,96000,weak-fundamental,soft,47,B2,4096,1024,42.67,10.67,0,-1,none,-,0,0,52,52,0,0,0,0.01
warf-like-yin,96000,full-fundamental,medium,48,C3,4096,1024,42.67,10.67,1,48,C3,49.33,0,0,52,52,0,0,0,0.01
warf-like-yin,96000,full-fundamental,soft,48,C3,4096,1024,42.67,10.67,0,-1,none,-,0,0,52,52,0,0,0,0.02
warf-like-yin,96000,weak-fundamental,medium,48,C3,4096,1024,42.67,10.67,1,48,C3,60.00,0,0,52,52,0,0,0,0.00
warf-like-yin,96000,weak-fundamental,soft,48,C3,4096,1024,42.67,10.67,0,-1,none,-,0,0,52,52,0,0,0,0.01
warf-like-yin,96000,full-fundamental,medium,49,C#3,4096,1024,42.67,10.67,1,49,C#3,49.33,0,0,52,52,0,0,0,0.01
warf-like-yin,96000,full-fundamental,soft,49,C#3,4096,1024,42.67,10.67,0,-1,none,-,0,0,52,52,0,0,0,0.01
warf-like-yin,96000,weak-fundamental,medium,49,C#3,4096,1024,42.67,10.67,1,49,C#3,49.33,0,0,52,52,0,0,0,0.00
warf-like-yin,96000,weak-fundamental,soft,49,C#3,4096,1024,42.67,10.67,0,-1,none,-,0,0,52,52,0,0,0,0.01
warf-like-yin,96000,full-fundamental,medium,50,D3,4096,1024,42.67,10.67,1,50,D3,49.33,0,0,52,52,0,0,0,0.01
warf-like-yin,96000,full-fundamental,soft,50,D3,4096,1024,42.67,10.67,0,-1,none,-,0,0,52,52,0,0,0,0.01
warf-like-yin,96000,weak-fundamental,medium,50,D3,4096,1024,42.67,10.67,1,50,D3,49.33,0,0,52,52,0,0,0,0.00
warf-like-yin,96000,weak-fundamental,soft,50,D3,4096,1024,42.67,10.67,0,-1,none,-,0,0,52,52,0,0,0,0.01
warf-like-yin,96000,full-fundamental,medium,51,D#3,4096,1024,42.67,10.67,1,51,D#3,49.33,0,0,52,52,0,0,0,0.01
warf-like-yin,96000,full-fundamental,soft,51,D#3,4096,1024,42.67,10.67,0,-1,none,-,0,0,52,52,0,0,0,0.01
warf-like-yin,96000,weak-fundamental,medium,51,D#3,4096,1024,42.67,10.67,1,51,D#3,49.33,0,0,52,52,0,0,0,0.00
warf-like-yin,96000,weak-fundamental,soft,51,D#3,4096,1024,42.67,10.67,0,-1,none,-,0,0,52,52,0,0,0,0.01
warf-like-yin,96000,full-fundamental,medium,52,E3,4096,1024,42.67,10.67,1,52,E3,49.33,0,0,52,52,0,0,0,0.01
warf-like-yin,96000,full-fundamental,soft,52,E3,4096,1024,42.67,10.67,0,-1,none,-,0,0,52,52,0,0,0,0.01
warf-like-yin,96000,weak-fundamental,medium,52,E3,4096,1024,42.67,10.67,1,52,E3,49.33,0,0,52,52,0,0,0,0.00
warf-like-yin,96000,weak-fundamental,soft,52,E3,4096,1024,42.67,10.67,0,-1,none,-,0,0,52,52,0,0,0,0.01
warf-like-yin,96000,full-fundamental,medium,53,F3,4096,1024,42.67,10.67,1,53,F3,49.33,0,0,52,52,0,0,0,0.01
warf-like-yin,96000,full-fundamental,soft,53,F3,4096,1024,42.67,10.67,0,-1,none,-,0,0,52,52,0,0,0,0.01
warf-like-yin,96000,weak-fundamental,medium,53,F3,4096,1024,42.67,10.67,1,53,F3,49.33,0,0,52,52,0,0,0,0.00
warf-like-yin,96000,weak-fundamental,soft,53,F3,4096,1024,42.67,10.67,0,-1,none,-,0,0,52,52,0,0,0,0.01
warf-like-yin,96000,full-fundamental,medium,54,F#3,4096,1024,42.67,10.67,1,54,F#3,49.33,0,0,52,52,0,0,0,0.00
warf-like-yin,96000,full-fundamental,soft,54,F#3,4096,1024,42.67,10.67,0,-1,none,-,0,0,52,52,0,0,0,0.01
warf-like-yin,96000,weak-fundamental,medium,54,F#3,4096,1024,42.67,10.67,1,54,F#3,49.33,0,0,52,52,0,0,0,0.00
warf-like-yin,96000,weak-fundamental,soft,54,F#3,4096,1024,42.67,10.67,0,-1,none,-,0,0,52,52,0,0,0,0.01
warf-like-yin,96000,full-fundamental,medium,55,G3,4096,1024,42.67,10.67,1,55,G3,49.33,0,0,52,52,0,0,0,0.01
warf-like-yin,96000,full-fundamental,soft,55,G3,4096,1024,42.67,10.67,0,-1,none,-,0,0,52,52,0,0,0,0.01
warf-like-yin,96000,weak-fundamental,medium,55,G3,4096,1024,42.67,10.67,1,55,G3,49.33,0,0,52,52,0,0,0,0.00
warf-like-yin,96000,weak-fundamental,soft,55,G3,4096,1024,42.67,10.67,0,-1,none,-,0,0,52,52,0,0,0,0.01
warf-like-yin,96000,full-fundamental,medium,56,G#3,4096,1024,42.67,10.67,1,56,G#3,49.33,0,0,52,52,0,0,0,0.01
warf-like-yin,96000,full-fundamental,soft,56,G#3,4096,1024,42.67,10.67,0,-1,none,-,0,0,52,52,0,0,0,0.01
warf-like-yin,96000,weak-fundamental,medium,56,G#3,4096,1024,42.67,10.67,1,56,G#3,49.33,0,0,52,52,0,0,0,0.00
warf-like-yin,96000,weak-fundamental,soft,56,G#3,4096,1024,42.67,10.67,0,-1,none,-,0,0,52,52,0,0,0,0.01
warf-like-yin,96000,full-fundamental,medium,57,A3,4096,1024,42.67,10.67,1,57,A3,49.33,0,0,52,52,0,0,0,0.00
warf-like-yin,96000,full-fundamental,soft,57,A3,4096,1024,42.67,10.67,0,-1,none,-,0,0,52,52,0,0,0,0.01
warf-like-yin,96000,weak-fundamental,medium,57,A3,4096,1024,42.67,10.67,1,57,A3,49.33,0,0,52,52,0,0,0,0.00
warf-like-yin,96000,weak-fundamental,soft,57,A3,4096,1024,42.67,10.67,0,-1,none,-,0,0,52,52,0,0,0,0.01
warf-like-yin,96000,full-fundamental,medium,58,A#3,4096,1024,42.67,10.67,1,58,A#3,49.33,0,0,52,52,0,0,0,0.00
warf-like-yin,96000,full-fundamental,soft,58,A#3,4096,1024,42.67,10.67,0,-1,none,-,0,0,52,52,0,0,0,0.01
warf-like-yin,96000,weak-fundamental,medium,58,A#3,4096,1024,42.67,10.67,1,58,A#3,49.33,0,0,52,52,0,0,0,0.00
warf-like-yin,96000,weak-fundamental,soft,58,A#3,4096,1024,42.67,10.67,0,-1,none,-,0,0,52,52,0,0,0,0.01
warf-like-yin,96000,full-fundamental,medium,59,B3,4096,1024,42.67,10.67,1,59,B3,49.33,0,0,52,52,0,0,0,0.00
warf-like-yin,96000,full-fundamental,soft,59,B3,4096,1024,42.67,10.67,0,-1,none,-,0,0,52,52,0,0,0,0.01
warf-like-yin,96000,weak-fundamental,medium,59,B3,4096,1024,42.67,10.67,1,59,B3,49.33,0,0,52,52,0,0,0,0.00
warf-like-yin,96000,weak-fundamental,soft,59,B3,4096,1024,42.67,10.67,0,-1,none,-,0,0,52,52,0,0,0,0.01
warf-like-yin,96000,full-fundamental,medium,60,C4,4096,1024,42.67,10.67,1,60,C4,49.33,0,0,52,52,0,0,0,0.01
warf-like-yin,96000,full-fundamental,soft,60,C4,4096,1024,42.67,10.67,0,-1,none,-,0,0,52,52,0,0,0,0.01
warf-like-yin,96000,weak-fundamental,medium,60,C4,4096,1024,42.67,10.67,1,60,C4,49.33,0,0,52,52,0,0,0,0.01
warf-like-yin,96000,weak-fundamental,soft,60,C4,4096,1024,42.67,10.67,0,-1,none,-,0,0,52,52,0,0,0,0.01
warf-like-yin,96000,full-fundamental,medium,61,C#4,4096,1024,42.67,10.67,1,61,C#4,49.33,0,0,52,52,0,0,0,0.01
warf-like-yin,96000,full-fundamental,soft,61,C#4,4096,1024,42.67,10.67,0,-1,none,-,0,0,52,52,0,0,0,0.01
warf-like-yin,96000,weak-fundamental,medium,61,C#4,4096,1024,42.67,10.67,1,61,C#4,49.33,0,0,52,52,0,0,0,0.01
warf-like-yin,96000,weak-fundamental,soft,61,C#4,4096,1024,42.67,10.67,0,-1,none,-,0,0,52,52,0,0,0,0.01
warf-like-yin,96000,full-fundamental,medium,62,D4,4096,1024,42.67,10.67,1,62,D4,49.33,0,0,52,52,0,0,0,0.01
warf-like-yin,96000,full-fundamental,soft,62,D4,4096,1024,42.67,10.67,0,-1,none,-,0,0,52,52,0,0,0,0.01
warf-like-yin,96000,weak-fundamental,medium,62,D4,4096,1024,42.67,10.67,1,62,D4,49.33,0,0,52,52,0,0,0,0.01
warf-like-yin,96000,weak-fundamental,soft,62,D4,4096,1024,42.67,10.67,0,-1,none,-,0,0,52,52,0,0,0,0.01
warf-like-yin,96000,full-fundamental,medium,63,D#4,4096,1024,42.67,10.67,1,63,D#4,49.33,0,0,52,52,0,0,0,0.00
warf-like-yin,96000,full-fundamental,soft,63,D#4,4096,1024,42.67,10.67,0,-1,none,-,0,0,52,52,0,0,0,0.01
warf-like-yin,96000,weak-fundamental,medium,63,D#4,4096,1024,42.67,10.67,1,63,D#4,49.33,0,0,52,52,0,0,0,0.00
warf-like-yin,96000,weak-fundamental,soft,63,D#4,4096,1024,42.67,10.67,0,-1,none,-,0,0,52,52,0,0,0,0.00
warf-like-yin,96000,full-fundamental,medium,64,E4,4096,1024,42.67,10.67,1,64,E4,49.33,0,0,52,52,0,0,0,0.01
warf-like-yin,96000,full-fundamental,soft,64,E4,4096,1024,42.67,10.67,0,-1,none,-,0,0,52,52,0,0,0,0.01
warf-like-yin,96000,weak-fundamental,medium,64,E4,4096,1024,42.67,10.67,1,64,E4,49.33,0,0,52,52,0,0,0,0.01
warf-like-yin,96000,weak-fundamental,soft,64,E4,4096,1024,42.67,10.67,0,-1,none,-,0,0,52,52,0,0,0,0.01
warf-like-yin,96000,full-fundamental,medium,65,F4,4096,1024,42.67,10.67,1,65,F4,49.33,0,0,52,52,0,0,0,0.01
warf-like-yin,96000,full-fundamental,soft,65,F4,4096,1024,42.67,10.67,0,-1,none,-,0,0,52,52,0,0,0,0.01
warf-like-yin,96000,weak-fundamental,medium,65,F4,4096,1024,42.67,10.67,1,65,F4,49.33,0,0,52,52,0,0,0,0.01
warf-like-yin,96000,weak-fundamental,soft,65,F4,4096,1024,42.67,10.67,0,-1,none,-,0,0,52,52,0,0,0,0.01
warf-like-yin,96000,full-fundamental,medium,66,F#4,4096,1024,42.67,10.67,1,66,F#4,49.33,0,0,52,52,0,0,0,0.01
warf-like-yin,96000,full-fundamental,soft,66,F#4,4096,1024,42.67,10.67,0,-1,none,-,0,0,52,52,0,0,0,0.01
warf-like-yin,96000,weak-fundamental,medium,66,F#4,4096,1024,42.67,10.67,1,66,F#4,49.33,0,0,52,52,0,0,0,0.01
warf-like-yin,96000,weak-fundamental,soft,66,F#4,4096,1024,42.67,10.67,0,-1,none,-,0,0,52,52,0,0,0,0.01
warf-like-yin,96000,full-fundamental,medium,67,G4,4096,1024,42.67,10.67,1,67,G4,49.33,0,0,52,52,0,0,0,0.01
warf-like-yin,96000,full-fundamental,soft,67,G4,4096,1024,42.67,10.67,0,-1,none,-,0,0,52,52,0,0,0,0.01
warf-like-yin,96000,weak-fundamental,medium,67,G4,4096,1024,42.67,10.67,1,67,G4,49.33,0,0,52,52,0,0,0,0.01
warf-like-yin,96000,weak-fundamental,soft,67,G4,4096,1024,42.67,10.67,0,-1,none,-,0,0,52,52,0,0,0,0.01
full-range-yin,96000,full-fundamental,medium,28,E1,5054,240,52.65,2.50,1,28,E1,45.15,0,0,219,219,0,0,0,0.07
full-range-yin,96000,full-fundamental,soft,28,E1,5054,240,52.65,2.50,0,-1,none,-,0,0,219,219,0,0,0,0.07
full-range-yin,96000,weak-fundamental,medium,28,E1,5054,240,52.65,2.50,1,28,E1,50.15,0,0,219,219,0,0,0,0.04
full-range-yin,96000,weak-fundamental,soft,28,E1,5054,240,52.65,2.50,0,-1,none,-,0,0,219,219,0,0,0,0.04
full-range-yin,96000,full-fundamental,medium,29,F1,5054,240,52.65,2.50,1,29,F1,45.15,0,0,219,219,0,0,0,0.09
full-range-yin,96000,full-fundamental,soft,29,F1,5054,240,52.65,2.50,0,-1,none,-,0,0,219,219,0,0,0,0.09
full-range-yin,96000,weak-fundamental,medium,29,F1,5054,240,52.65,2.50,1,29,F1,50.15,0,0,219,219,0,0,0,0.04
full-range-yin,96000,weak-fundamental,soft,29,F1,5054,240,52.65,2.50,0,-1,none,-,0,0,219,219,0,0,0,0.04
full-range-yin,96000,full-fundamental,medium,30,F#1,5054,240,52.65,2.50,1,30,F#1,47.65,0,0,219,219,0,0,0,0.07
full-range-yin,96000,full-fundamental,soft,30,F#1,5054,240,52.65,2.50,0,-1,none,-,0,0,219,219,0,0,0,0.07
full-range-yin,96000,weak-fundamental,medium,30,F#1,5054,240,52.65,2.50,1,30,F#1,50.15,0,0,219,219,0,0,0,0.03
full-range-yin,96000,weak-fundamental,soft,30,F#1,5054,240,52.65,2.50,0,-1,none,-,0,0,219,219,0,0,0,0.03
full-range-yin,96000,full-fundamental,medium,31,G1,5054,240,52.65,2.50,1,31,G1,47.65,0,0,219,219,0,0,0,0.03
full-range-yin,96000,full-fundamental,soft,31,G1,5054,240,52.65,2.50,0,-1,none,-,0,0,219,219,0,0,0,0.03
full-range-yin,96000,weak-fundamental,medium,31,G1,5054,240,52.65,2.50,1,31,G1,47.65,0,0,219,219,0,0,0,0.04
full-range-yin,96000,weak-fundamental,soft,31,G1,5054,240,52.65,2.50,0,-1,none,-,0,0,219,219,0,0,0,0.03
full-range-yin,96000,full-fundamental,medium,32,G#1,5054,240,52.65,2.50,1,32,G#1,55.15,0,0,219,219,0,0,0,0.05
full-range-yin,96000,full-fundamental,soft,32,G#1,5054,240,52.65,2.50,0,-1,none,-,0,0,219,219,0,0,0,0.05
full-range-yin,96000,weak-fundamental,medium,32,G#1,5054,240,52.65,2.50,1,32,G#1,50.15,0,0,219,219,0,0,0,0.02
full-range-yin,96000,weak-fundamental,soft,32,G#1,5054,240,52.65,2.50,0,-1,none,-,0,0,219,219,0,0,0,0.03
full-range-yin,96000,full-fundamental,medium,33,A1,5054,240,52.65,2.50,1,33,A1,50.15,0,0,219,219,0,0,0,0.05
full-range-yin,96000,full-fundamental,soft,33,A1,5054,240,52.65,2.50,0,-1,none,-,0,0,219,219,0,0,0,0.05
full-range-yin,96000,weak-fundamental,medium,33,A1,5054,240,52.65,2.50,1,33,A1,45.15,0,0,219,219,0,0,0,0.02
full-range-yin,96000,weak-fundamental,soft,33,A1,5054,240,52.65,2.50,0,-1,none,-,0,0,219,219,0,0,0,0.03
full-range-yin,96000,full-fundamental,medium,34,A#1,5054,240,52.65,2.50,1,34,A#1,55.15,0,0,219,219,0,0,0,0.04
full-range-yin,96000,full-fundamental,soft,34,A#1,5054,240,52.65,2.50,0,-1,none,-,0,0,219,219,0,0,0,0.04
full-range-yin,96000,weak-fundamental,medium,34,A#1,5054,240,52.65,2.50,1,34,A#1,50.15,0,0,219,219,0,0,0,0.02
full-range-yin,96000,weak-fundamental,soft,34,A#1,5054,240,52.65,2.50,0,-1,none,-,0,0,219,219,0,0,0,0.02
full-range-yin,96000,full-fundamental,medium,35,B1,5054,240,52.65,2.50,1,35,B1,50.15,0,0,219,219,0,0,0,0.03
full-range-yin,96000,full-fundamental,soft,35,B1,5054,240,52.65,2.50,0,-1,none,-,0,0,219,219,0,0,0,0.03
full-range-yin,96000,weak-fundamental,medium,35,B1,5054,240,52.65,2.50,1,35,B1,47.65,0,0,219,219,0,0,0,0.01
full-range-yin,96000,weak-fundamental,soft,35,B1,5054,240,52.65,2.50,0,-1,none,-,0,0,219,219,0,0,0,0.02
full-range-yin,96000,full-fundamental,medium,36,C2,5054,240,52.65,2.50,1,36,C2,52.65,0,0,219,219,0,0,0,0.03
full-range-yin,96000,full-fundamental,soft,36,C2,5054,240,52.65,2.50,0,-1,none,-,0,0,219,219,0,0,0,0.03
full-range-yin,96000,weak-fundamental,medium,36,C2,5054,240,52.65,2.50,1,36,C2,50.15,0,0,219,219,0,0,0,0.01
full-range-yin,96000,weak-fundamental,soft,36,C2,5054,240,52.65,2.50,0,-1,none,-,0,0,219,219,0,0,0,0.02
full-range-yin,96000,full-fundamental,medium,37,C#2,5054,240,52.65,2.50,1,37,C#2,50.15,0,0,219,219,0,0,0,0.05
full-range-yin,96000,full-fundamental,soft,37,C#2,5054,240,52.65,2.50,0,-1,none,-,0,0,219,219,0,0,0,0.05
full-range-yin,96000,weak-fundamental,medium,37,C#2,5054,240,52.65,2.50,1,37,C#2,50.15,0,0,219,219,0,0,0,0.01
full-range-yin,96000,weak-fundamental,soft,37,C#2,5054,240,52.65,2.50,0,-1,none,-,0,0,219,219,0,0,0,0.02
full-range-yin,96000,full-fundamental,medium,38,D2,5054,240,52.65,2.50,1,38,D2,52.65,0,0,219,219,0,0,0,0.02
full-range-yin,96000,full-fundamental,soft,38,D2,5054,240,52.65,2.50,0,-1,none,-,0,0,219,219,0,0,0,0.03
full-range-yin,96000,weak-fundamental,medium,38,D2,5054,240,52.65,2.50,1,38,D2,52.65,0,0,219,219,0,0,0,0.01
full-range-yin,96000,weak-fundamental,soft,38,D2,5054,240,52.65,2.50,0,-1,none,-,0,0,219,219,0,0,0,0.02
full-range-yin,96000,full-fundamental,medium,39,D#2,5054,240,52.65,2.50,1,39,D#2,50.15,0,0,219,219,0,0,0,0.01
full-range-yin,96000,full-fundamental,soft,39,D#2,5054,240,52.65,2.50,0,-1,none,-,0,0,219,219,0,0,0,0.02
full-range-yin,96000,weak-fundamental,medium,39,D#2,5054,240,52.65,2.50,1,39,D#2,50.15,0,0,219,219,0,0,0,0.01
full-range-yin,96000,weak-fundamental,soft,39,D#2,5054,240,52.65,2.50,0,-1,none,-,0,0,219,219,0,0,0,0.02
full-range-yin,96000,full-fundamental,medium,40,E2,5054,240,52.65,2.50,1,40,E2,52.65,0,0,219,219,0,0,0,0.03
full-range-yin,96000,full-fundamental,soft,40,E2,5054,240,52.65,2.50,0,-1,none,-,0,0,219,219,0,0,0,0.03
full-range-yin,96000,weak-fundamental,medium,40,E2,5054,240,52.65,2.50,1,40,E2,50.15,0,0,219,219,0,0,0,0.01
full-range-yin,96000,weak-fundamental,soft,40,E2,5054,240,52.65,2.50,0,-1,none,-,0,0,219,219,0,0,0,0.01
full-range-yin,96000,full-fundamental,medium,41,F2,5054,240,52.65,2.50,1,41,F2,52.65,0,0,219,219,0,0,0,0.02
full-range-yin,96000,full-fundamental,soft,41,F2,5054,240,52.65,2.50,0,-1,none,-,0,0,219,219,0,0,0,0.02
full-range-yin,96000,weak-fundamental,medium,41,F2,5054,240,52.65,2.50,1,41,F2,50.15,0,0,219,219,0,0,0,0.01
full-range-yin,96000,weak-fundamental,soft,41,F2,5054,240,52.65,2.50,0,-1,none,-,0,0,219,219,0,0,0,0.01
full-range-yin,96000,full-fundamental,medium,42,F#2,5054,240,52.65,2.50,1,42,F#2,52.65,0,0,219,219,0,0,0,0.02
full-range-yin,96000,full-fundamental,soft,42,F#2,5054,240,52.65,2.50,0,-1,none,-,0,0,219,219,0,0,0,0.02
full-range-yin,96000,weak-fundamental,medium,42,F#2,5054,240,52.65,2.50,1,42,F#2,50.15,0,0,219,219,0,0,0,0.01
full-range-yin,96000,weak-fundamental,soft,42,F#2,5054,240,52.65,2.50,0,-1,none,-,0,0,219,219,0,0,0,0.01
full-range-yin,96000,full-fundamental,medium,43,G2,5054,240,52.65,2.50,1,43,G2,50.15,0,0,219,219,0,0,0,0.01
full-range-yin,96000,full-fundamental,soft,43,G2,5054,240,52.65,2.50,0,-1,none,-,0,0,219,219,0,0,0,0.02
full-range-yin,96000,weak-fundamental,medium,43,G2,5054,240,52.65,2.50,1,43,G2,50.15,0,0,219,219,0,0,0,0.01
full-range-yin,96000,weak-fundamental,soft,43,G2,5054,240,52.65,2.50,0,-1,none,-,0,0,219,219,0,0,0,0.01
full-range-yin,96000,full-fundamental,medium,44,G#2,5054,240,52.65,2.50,1,44,G#2,50.15,0,0,219,219,0,0,0,0.01
full-range-yin,96000,full-fundamental,soft,44,G#2,5054,240,52.65,2.50,0,-1,none,-,0,0,219,219,0,0,0,0.01
full-range-yin,96000,weak-fundamental,medium,44,G#2,5054,240,52.65,2.50,1,44,G#2,50.15,0,0,219,219,0,0,0,0.00
full-range-yin,96000,weak-fundamental,soft,44,G#2,5054,240,52.65,2.50,0,-1,none,-,0,0,219,219,0,0,0,0.01
full-range-yin,96000,full-fundamental,medium,45,A2,5054,240,52.65,2.50,1,45,A2,50.15,0,0,219,219,0,0,0,0.01
full-range-yin,96000,full-fundamental,soft,45,A2,5054,240,52.65,2.50,0,-1,none,-,0,0,219,219,0,0,0,0.02
full-range-yin,96000,weak-fundamental,medium,45,A2,5054,240,52.65,2.50,1,45,A2,50.15,0,0,219,219,0,0,0,0.01
full-range-yin,96000,weak-fundamental,soft,45,A2,5054,240,52.65,2.50,0,-1,none,-,0,0,219,219,0,0,0,0.01
full-range-yin,96000,full-fundamental,medium,46,A#2,5054,240,52.65,2.50,1,46,A#2,50.15,0,0,219,219,0,0,0,0.01
full-range-yin,96000,full-fundamental,soft,46,A#2,5054,240,52.65,2.50,0,-1,none,-,0,0,219,219,0,0,0,0.01
full-range-yin,96000,weak-fundamental,medium,46,A#2,5054,240,52.65,2.50,1,46,A#2,50.15,0,0,219,219,0,0,0,0.01
full-range-yin,96000,weak-fundamental,soft,46,A#2,5054,240,52.65,2.50,0,-1,none,-,0,0,219,219,0,0,0,0.01
full-range-yin,96000,full-fundamental,medium,47,B2,5054,240,52.65,2.50,1,47,B2,52.65,0,0,219,219,0,0,0,0.01
full-range-yin,96000,full-fundamental,soft,47,B2,5054,240,52.65,2.50,0,-1,none,-,0,0,219,219,0,0,0,0.01
full-range-yin,96000,weak-fundamental,medium,47,B2,5054,240,52.65,2.50,1,47,B2,52.65,0,0,219,219,0,0,0,0.00
full-range-yin,96000,weak-fundamental,soft,47,B2,5054,240,52.65,2.50,0,-1,none,-,0,0,219,219,0,0,0,0.01
full-range-yin,96000,full-fundamental,medium,48,C3,5054,240,52.65,2.50,1,48,C3,50.15,0,0,219,219,0,0,0,0.01
full-range-yin,96000,full-fundamental,soft,48,C3,5054,240,52.65,2.50,0,-1,none,-,0,0,219,219,0,0,0,0.01
full-range-yin,96000,weak-fundamental,medium,48,C3,5054,240,52.65,2.50,1,48,C3,50.15,0,0,219,219,0,0,0,0.01
full-range-yin,96000,weak-fundamental,soft,48,C3,5054,240,52.65,2.50,0,-1,none,-,0,0,219,219,0,0,0,0.01
full-range-yin,96000,full-fundamental,medium,49,C#3,5054,240,52.65,2.50,1,49,C#3,50.15,0,0,219,219,0,0,0,0.01
full-range-yin,96000,full-fundamental,soft,49,C#3,5054,240,52.65,2.50,0,-1,none,-,0,0,219,219,0,0,0,0.01
full-range-yin,96000,weak-fundamental,medium,49,C#3,5054,240,52.65,2.50,1,49,C#3,50.15,0,0,219,219,0,0,0,0.00
full-range-yin,96000,weak-fundamental,soft,49,C#3,5054,240,52.65,2.50,0,-1,none,-,0,0,219,219,0,0,0,0.01
full-range-yin,96000,full-fundamental,medium,50,D3,5054,240,52.65,2.50,1,50,D3,50.15,0,0,219,219,0,0,0,0.00
full-range-yin,96000,full-fundamental,soft,50,D3,5054,240,52.65,2.50,0,-1,none,-,0,0,219,219,0,0,0,0.01
full-range-yin,96000,weak-fundamental,medium,50,D3,5054,240,52.65,2.50,1,50,D3,50.15,0,0,219,219,0,0,0,0.00
full-range-yin,96000,weak-fundamental,soft,50,D3,5054,240,52.65,2.50,0,-1,none,-,0,0,219,219,0,0,0,0.01
full-range-yin,96000,full-fundamental,medium,51,D#3,5054,240,52.65,2.50,1,51,D#3,50.15,0,0,219,219,0,0,0,0.01
full-range-yin,96000,full-fundamental,soft,51,D#3,5054,240,52.65,2.50,0,-1,none,-,0,0,219,219,0,0,0,0.01
full-range-yin,96000,weak-fundamental,medium,51,D#3,5054,240,52.65,2.50,1,51,D#3,50.15,0,0,219,219,0,0,0,0.00
full-range-yin,96000,weak-fundamental,soft,51,D#3,5054,240,52.65,2.50,0,-1,none,-,0,0,219,219,0,0,0,0.01
full-range-yin,96000,full-fundamental,medium,52,E3,5054,240,52.65,2.50,1,52,E3,50.15,0,0,219,219,0,0,0,0.01
full-range-yin,96000,full-fundamental,soft,52,E3,5054,240,52.65,2.50,0,-1,none,-,0,0,219,219,0,0,0,0.01
full-range-yin,96000,weak-fundamental,medium,52,E3,5054,240,52.65,2.50,1,52,E3,50.15,0,0,219,219,0,0,0,0.00
full-range-yin,96000,weak-fundamental,soft,52,E3,5054,240,52.65,2.50,0,-1,none,-,0,0,219,219,0,0,0,0.01
full-range-yin,96000,full-fundamental,medium,53,F3,5054,240,52.65,2.50,1,53,F3,47.65,0,0,219,219,0,0,0,0.01
full-range-yin,96000,full-fundamental,soft,53,F3,5054,240,52.65,2.50,0,-1,none,-,0,0,219,219,0,0,0,0.01
full-range-yin,96000,weak-fundamental,medium,53,F3,5054,240,52.65,2.50,1,53,F3,47.65,0,0,219,219,0,0,0,0.00
full-range-yin,96000,weak-fundamental,soft,53,F3,5054,240,52.65,2.50,0,-1,none,-,0,0,219,219,0,0,0,0.01
full-range-yin,96000,full-fundamental,medium,54,F#3,5054,240,52.65,2.50,1,54,F#3,47.65,0,0,219,219,0,0,0,0.00
full-range-yin,96000,full-fundamental,soft,54,F#3,5054,240,52.65,2.50,0,-1,none,-,0,0,219,219,0,0,0,0.01
full-range-yin,96000,weak-fundamental,medium,54,F#3,5054,240,52.65,2.50,1,54,F#3,47.65,0,0,219,219,0,0,0,0.00
full-range-yin,96000,weak-fundamental,soft,54,F#3,5054,240,52.65,2.50,0,-1,none,-,0,0,219,219,0,0,0,0.01
full-range-yin,96000,full-fundamental,medium,55,G3,5054,240,52.65,2.50,1,55,G3,47.65,0,0,219,219,0,0,0,0.01
full-range-yin,96000,full-fundamental,soft,55,G3,5054,240,52.65,2.50,0,-1,none,-,0,0,219,219,0,0,0,0.01
full-range-yin,96000,weak-fundamental,medium,55,G3,5054,240,52.65,2.50,1,55,G3,47.65,0,0,219,219,0,0,0,0.00
full-range-yin,96000,weak-fundamental,soft,55,G3,5054,240,52.65,2.50,0,-1,none,-,0,0,219,219,0,0,0,0.01
full-range-yin,96000,full-fundamental,medium,56,G#3,5054,240,52.65,2.50,1,56,G#3,45.15,0,0,219,219,0,0,0,0.00
full-range-yin,96000,full-fundamental,soft,56,G#3,5054,240,52.65,2.50,0,-1,none,-,0,0,219,219,0,0,0,0.01
full-range-yin,96000,weak-fundamental,medium,56,G#3,5054,240,52.65,2.50,1,56,G#3,45.15,0,0,219,219,0,0,0,0.00
full-range-yin,96000,weak-fundamental,soft,56,G#3,5054,240,52.65,2.50,0,-1,none,-,0,0,219,219,0,0,0,0.01
full-range-yin,96000,full-fundamental,medium,57,A3,5054,240,52.65,2.50,1,57,A3,45.15,0,0,219,219,0,0,0,0.00
full-range-yin,96000,full-fundamental,soft,57,A3,5054,240,52.65,2.50,0,-1,none,-,0,0,219,219,0,0,0,0.01
full-range-yin,96000,weak-fundamental,medium,57,A3,5054,240,52.65,2.50,1,57,A3,45.15,0,0,219,219,0,0,0,0.00
full-range-yin,96000,weak-fundamental,soft,57,A3,5054,240,52.65,2.50,0,-1,none,-,0,0,219,219,0,0,0,0.00
full-range-yin,96000,full-fundamental,medium,58,A#3,5054,240,52.65,2.50,1,58,A#3,42.65,0,0,219,219,0,0,0,0.01
full-range-yin,96000,full-fundamental,soft,58,A#3,5054,240,52.65,2.50,0,-1,none,-,0,0,219,219,0,0,0,0.01
full-range-yin,96000,weak-fundamental,medium,58,A#3,5054,240,52.65,2.50,1,58,A#3,45.15,0,0,219,219,0,0,0,0.00
full-range-yin,96000,weak-fundamental,soft,58,A#3,5054,240,52.65,2.50,0,-1,none,-,0,0,219,219,0,0,0,0.01
full-range-yin,96000,full-fundamental,medium,59,B3,5054,240,52.65,2.50,1,59,B3,42.65,0,0,219,219,0,0,0,0.00
full-range-yin,96000,full-fundamental,soft,59,B3,5054,240,52.65,2.50,0,-1,none,-,0,0,219,219,0,0,0,0.01
full-range-yin,96000,weak-fundamental,medium,59,B3,5054,240,52.65,2.50,1,59,B3,42.65,0,0,219,219,0,0,0,0.00
full-range-yin,96000,weak-fundamental,soft,59,B3,5054,240,52.65,2.50,0,-1,none,-,0,0,219,219,0,0,0,0.01
full-range-yin,96000,full-fundamental,medium,60,C4,5054,240,52.65,2.50,1,60,C4,42.65,0,0,219,219,0,0,0,0.01
full-range-yin,96000,full-fundamental,soft,60,C4,5054,240,52.65,2.50,0,-1,none,-,0,0,219,219,0,0,0,0.01
full-range-yin,96000,weak-fundamental,medium,60,C4,5054,240,52.65,2.50,1,60,C4,42.65,0,0,219,219,0,0,0,0.01
full-range-yin,96000,weak-fundamental,soft,60,C4,5054,240,52.65,2.50,0,-1,none,-,0,0,219,219,0,0,0,0.01
full-range-yin,96000,full-fundamental,medium,61,C#4,5054,240,52.65,2.50,1,61,C#4,40.15,0,0,219,219,0,0,0,0.01
full-range-yin,96000,full-fundamental,soft,61,C#4,5054,240,52.65,2.50,0,-1,none,-,0,0,219,219,0,0,0,0.01
full-range-yin,96000,weak-fundamental,medium,61,C#4,5054,240,52.65,2.50,1,61,C#4,42.65,0,0,219,219,0,0,0,0.01
full-range-yin,96000,weak-fundamental,soft,61,C#4,5054,240,52.65,2.50,0,-1,none,-,0,0,219,219,0,0,0,0.01
full-range-yin,96000,full-fundamental,medium,62,D4,5054,240,52.65,2.50,1,62,D4,40.15,0,0,219,219,0,0,0,0.01
full-range-yin,96000,full-fundamental,soft,62,D4,5054,240,52.65,2.50,0,-1,none,-,0,0,219,219,0,0,0,0.01
full-range-yin,96000,weak-fundamental,medium,62,D4,5054,240,52.65,2.50,1,62,D4,40.15,0,0,219,219,0,0,0,0.01
full-range-yin,96000,weak-fundamental,soft,62,D4,5054,240,52.65,2.50,0,-1,none,-,0,0,219,219,0,0,0,0.01
full-range-yin,96000,full-fundamental,medium,63,D#4,5054,240,52.65,2.50,1,63,D#4,40.15,0,0,219,219,0,0,0,0.00
full-range-yin,96000,full-fundamental,soft,63,D#4,5054,240,52.65,2.50,0,-1,none,-,0,0,219,219,0,0,0,0.01
full-range-yin,96000,weak-fundamental,medium,63,D#4,5054,240,52.65,2.50,1,63,D#4,40.15,0,0,219,219,0,0,0,0.00
full-range-yin,96000,weak-fundamental,soft,63,D#4,5054,240,52.65,2.50,0,-1,none,-,0,0,219,219,0,0,0,0.00
full-range-yin,96000,full-fundamental,medium,64,E4,5054,240,52.65,2.50,1,64,E4,37.65,0,0,219,219,0,0,0,0.01
full-range-yin,96000,full-fundamental,soft,64,E4,5054,240,52.65,2.50,0,-1,none,-,0,0,219,219,0,0,0,0.01
full-range-yin,96000,weak-fundamental,medium,64,E4,5054,240,52.65,2.50,1,64,E4,40.15,0,0,219,219,0,0,0,0.01
full-range-yin,96000,weak-fundamental,soft,64,E4,5054,240,52.65,2.50,0,-1,none,-,0,0,219,219,0,0,0,0.01
full-range-yin,96000,full-fundamental,medium,65,F4,5054,240,52.65,2.50,1,65,F4,37.65,0,0,219,219,0,0,0,0.01
full-range-yin,96000,full-fundamental,soft,65,F4,5054,240,52.65,2.50,0,-1,none,-,0,0,219,219,0,0,0,0.01
full-range-yin,96000,weak-fundamental,medium,65,F4,5054,240,52.65,2.50,1,65,F4,37.65,0,0,219,219,0,0,0,0.01
full-range-yin,96000,weak-fundamental,soft,65,F4,5054,240,52.65,2.50,0,-1,none,-,0,0,219,219,0,0,0,0.01
full-range-yin,96000,full-fundamental,medium,66,F#4,5054,240,52.65,2.50,1,66,F#4,37.65,0,0,219,219,0,0,0,0.01
full-range-yin,96000,full-fundamental,soft,66,F#4,5054,240,52.65,2.50,0,-1,none,-,0,0,219,219,0,0,0,0.01
full-range-yin,96000,weak-fundamental,medium,66,F#4,5054,240,52.65,2.50,1,66,F#4,37.65,0,0,219,219,0,0,0,0.01
full-range-yin,96000,weak-fundamental,soft,66,F#4,5054,240,52.65,2.50,0,-1,none,-,0,0,219,219,0,0,0,0.01
full-range-yin,96000,full-fundamental,medium,67,G4,5054,240,52.65,2.50,1,67,G4,37.65,0,0,219,219,0,0,0,0.01
full-range-yin,96000,full-fundamental,soft,67,G4,5054,240,52.65,2.50,0,-1,none,-,0,0,219,219,0,0,0,0.01
full-range-yin,96000,weak-fundamental,medium,67,G4,5054,240,52.65,2.50,1,67,G4,37.65,0,0,219,219,0,0,0,0.01
full-range-yin,96000,weak-fundamental,soft,67,G4,5054,240,52.65,2.50,0,-1,none,-,0,0,219,219,0,0,0,0.01
