setup,sample_rate_hz,variant,level,expected_note,expected_name,window_samples,hop_samples,window_ms,hop_ms,note_ons,first_note,first_note_name,first_latency_ms,first_velocity,wrong_note_ons,octave_note_ons,sustain_frames,correct_frames,octave_frames,other_frames,invalid_frames,median_abs_cents
free,44100,full-fundamental,medium,28,E1,1742,110,39.50,2.49,1,28,E1,34.29,97,0,0,224,224,0,0,0,0.14
free,44100,full-fundamental,soft,28,E1,1742,110,39.50,2.49,1,28,E1,34.29,34,0,0,224,224,0,0,0,0.15
free,44100,weak-fundamental,medium,28,E1,1742,110,39.50,2.49,1,28,E1,39.27,99,0,0,224,224,0,0,0,0.06
free,44100,weak-fundamental,soft,28,E1,1742,110,39.50,2.49,1,28,E1,39.27,36,0,0,224,224,0,0,0,0.07
free,44100,full-fundamental,medium,29,F1,1742,110,39.50,2.49,1,29,F1,34.29,99,0,0,224,224,0,0,0,0.11
free,44100,full-fundamental,soft,29,F1,1742,110,39.50,2.49,1,29,F1,34.29,36,0,0,224,224,0,0,0,0.13
free,44100,weak-fundamental,medium,29,F1,1742,110,39.50,2.49,1,29,F1,39.27,95,0,0,224,224,0,0,0,0.07
free,44100,weak-fundamental,soft,29,F1,1742,110,39.50,2.49,1,29,F1,39.27,32,0,0,224,224,0,0,0,0.07
free,44100,full-fundamental,medium,30,F#1,1742,110,39.50,2.49,1,30,F#1,39.27,96,0,0,224,224,0,0,0,0.12
free,44100,full-fundamental,soft,30,F#1,1742,110,39.50,2.49,1,30,F#1,39.27,33,0,0,224,224,0,0,0,0.14
free,44100,weak-fundamental,medium,30,F#1,1742,110,39.50,2.49,1,30,F#1,39.27,91,0,0,224,224,0,0,0,0.08
free,44100,weak-fundamental,soft,30,F#1,1742,110,39.50,2.49,1,30,F#1,39.27,28,0,0,224,224,0,0,0,0.08
free,44100,full-fundamental,medium,31,G1,1742,110,39.50,2.49,1,31,G1,39.27,100,0,0,224,224,0,0,0,0.10
free,44100,full-fundamental,soft,31,G1,1742,110,39.50,2.49,1,31,G1,39.27,37,0,0,224,224,0,0,0,0.10
free,44100,weak-fundamental,medium,31,G1,1742,110,39.50,2.49,1,31,G1,39.27,94,0,0,224,224,0,0,0,0.06
free,44100,weak-fundamental,soft,31,G1,1742,110,39.50,2.49,1,31,G1,39.27,31,0,0,224,224,0,0,0,0.06
free,44100,full-fundamental,medium,32,G#1,1742,110,39.50,2.49,1,32,G#1,34.29,99,0,0,224,224,0,0,0,0.13
free,44100,full-fundamental,soft,32,G#1,1742,110,39.50,2.49,1,32,G#1,34.29,36,0,0,224,224,0,0,0,0.12
free,44100,weak-fundamental,medium,32,G#1,1742,110,39.50,2.49,1,32,G#1,34.29,91,0,0,224,224,0,0,0,0.06
free,44100,weak-fundamental,soft,32,G#1,1742,110,39.50,2.49,1,32,G#1,34.29,28,0,0,224,224,0,0,0,0.07
free,44100,full-fundamental,medium,33,A1,1742,110,39.50,2.49,1,33,A1,34.29,94,0,0,224,224,0,0,0,0.13
free,44100,full-fundamental,soft,33,A1,1742,110,39.50,2.49,1,33,A1,34.29,31,0,0,224,224,0,0,0,0.14
free,44100,weak-fundamental,medium,33,A1,1742,110,39.50,2.49,1,33,A1,31.79,95,0,0,224,224,0,0,0,0.06
free,44100,weak-fundamental,soft,33,A1,1742,110,39.50,2.49,1,33,A1,31.79,32,0,0,224,224,0,0,0,0.08
free,44100,full-fundamental,medium,34,A#1,1742,110,39.50,2.49,1,34,A#1,34.29,99,0,0,224,224,0,0,0,0.09
free,44100,full-fundamental,soft,34,A#1,1742,110,39.50,2.49,1,34,A#1,34.29,36,0,0,224,224,0,0,0,0.10
free,44100,weak-fundamental,medium,34,A#1,1742,110,39.50,2.49,1,34,A#1,34.29,93,0,0,224,224,0,0,0,0.05
free,44100,weak-fundamental,soft,34,A#1,1742,110,39.50,2.49,1,34,A#1,34.29,30,0,0,224,224,0,0,0,0.05
free,44100,full-fundamental,medium,35,B1,1742,110,39.50,2.49,1,35,B1,34.29,92,0,0,224,224,0,0,0,0.08
free,44100,full-fundamental,soft,35,B1,1742,110,39.50,2.49,1,35,B1,34.29,29,0,0,224,224,0,0,0,0.09
free,44100,weak-fundamental,medium,35,B1,1742,110,39.50,2.49,1,35,B1,31.79,101,0,0,224,224,0,0,0,0.03
free,44100,weak-fundamental,soft,35,B1,1742,110,39.50,2.49,1,35,B1,31.79,38,0,0,224,224,0,0,0,0.05
free,44100,full-fundamental,medium,36,C2,1742,110,39.50,2.49,1,36,C2,29.30,91,0,0,224,224,0,0,0,0.11
free,44100,full-fundamental,soft,36,C2,1742,110,39.50,2.49,1,36,C2,29.30,28,0,0,224,224,0,0,0,0.11
free,44100,weak-fundamental,medium,36,C2,1742,110,39.50,2.49,1,36,C2,26.80,99,0,0,224,224,0,0,0,0.04
free,44100,weak-fundamental,soft,36,C2,1742,110,39.50,2.49,1,36,C2,26.80,36,0,0,224,224,0,0,0,0.05
free,44100,full-fundamental,medium,37,C#2,1742,110,39.50,2.49,1,37,C#2,26.80,94,0,0,224,224,0,0,0,0.08
free,44100,full-fundamental,soft,37,C#2,1742,110,39.50,2.49,1,37,C#2,26.80,31,0,0,224,224,0,0,0,0.09
free,44100,weak-fundamental,medium,37,C#2,1742,110,39.50,2.49,1,37,C#2,26.80,91,0,0,224,224,0,0,0,0.05
free,44100,weak-fundamental,soft,37,C#2,1742,110,39.50,2.49,1,37,C#2,26.80,28,0,0,224,224,0,0,0,0.06
free,44100,full-fundamental,medium,38,D2,1742,110,39.50,2.49,1,38,D2,26.80,93,0,0,224,224,0,0,0,0.11
free,44100,full-fundamental,soft,38,D2,1742,110,39.50,2.49,1,38,D2,26.80,30,0,0,224,224,0,0,0,0.11
free,44100,weak-fundamental,medium,38,D2,1742,110,39.50,2.49,1,38,D2,26.80,95,0,0,224,224,0,0,0,0.04
free,44100,weak-fundamental,soft,38,D2,1742,110,39.50,2.49,1,38,D2,26.80,33,0,0,224,224,0,0,0,0.05
free,44100,full-fundamental,medium,39,D#2,1742,110,39.50,2.49,1,39,D#2,41.77,97,0,0,224,224,0,0,0,0.01
free,44100,full-fundamental,soft,39,D#2,1742,110,39.50,2.49,1,39,D#2,41.77,34,0,0,224,224,0,0,0,0.04
free,44100,weak-fundamental,medium,39,D#2,1742,110,39.50,2.49,1,39,D#2,36.78,94,0,0,224,224,0,0,0,0.01
free,44100,weak-fundamental,soft,39,D#2,1742,110,39.50,2.49,1,39,D#2,36.78,32,0,0,224,224,0,0,0,0.03
free,44100,full-fundamental,medium,40,E2,1742,110,39.50,2.49,1,40,E2,41.77,96,0,0,224,224,0,0,0,0.03
free,44100,full-fundamental,soft,40,E2,1742,110,39.50,2.49,1,40,E2,41.77,33,0,0,224,224,0,0,0,0.04
free,44100,weak-fundamental,medium,40,E2,1742,110,39.50,2.49,1,40,E2,41.77,93,0,0,224,224,0,0,0,0.03
free,44100,weak-fundamental,soft,40,E2,1742,110,39.50,2.49,1,40,E2,41.77,30,0,0,224,224,0,0,0,0.04
free,44100,full-fundamental,medium,41,F2,1742,110,39.50,2.49,1,41,F2,41.77,97,0,0,224,224,0,0,0,0.04
free,44100,full-fundamental,soft,41,F2,1742,110,39.50,2.49,1,41,F2,41.77,34,0,0,224,224,0,0,0,0.05
free,44100,weak-fundamental,medium,41,F2,1742,110,39.50,2.49,1,41,F2,39.27,93,0,0,224,224,0,0,0,0.01
free,44100,weak-fundamental,soft,41,F2,1742,110,39.50,2.49,1,41,F2,39.27,30,0,0,224,224,0,0,0,0.03
free,44100,full-fundamental,medium,42,F#2,1742,110,39.50,2.49,1,42,F#2,41.77,96,0,0,224,224,0,0,0,0.03
free,44100,full-fundamental,soft,42,F#2,1742,110,39.50,2.49,1,42,F#2,41.77,33,0,0,224,224,0,0,0,0.04
free,44100,weak-fundamental,medium,42,F#2,1742,110,39.50,2.49,1,42,F#2,39.27,88,0,0,224,224,0,0,0,0.02
free,44100,weak-fundamental,soft,42,F#2,1742,110,39.50,2.49,1,42,F#2,39.27,26,0,0,224,224,0,0,0,0.03
free,44100,full-fundamental,medium,43,G2,1742,110,39.50,2.49,1,43,G2,39.27,97,0,0,224,224,0,0,0,0.03
free,44100,full-fundamental,soft,43,G2,1742,110,39.50,2.49,1,43,G2,39.27,34,0,0,224,224,0,0,0,0.05
free,44100,weak-fundamental,medium,43,G2,1742,110,39.50,2.49,1,43,G2,39.27,94,0,0,224,224,0,0,0,0.02
free,44100,weak-fundamental,soft,43,G2,1742,110,39.50,2.49,1,43,G2,39.27,31,0,0,224,224,0,0,0,0.02
free,44100,full-fundamental,medium,44,G#2,1742,110,39.50,2.49,1,44,G#2,34.29,92,0,0,224,224,0,0,0,0.03
free,44100,full-fundamental,soft,44,G#2,1742,110,39.50,2.49,1,44,G#2,34.29,29,0,0,224,224,0,0,0,0.04
free,44100,weak-fundamental,medium,44,G#2,1742,110,39.50,2.49,1,44,G#2,34.29,96,0,0,224,224,0,0,0,0.02
free,44100,weak-fundamental,soft,44,G#2,1742,110,39.50,2.49,1,44,G#2,34.29,33,0,0,224,224,0,0,0,0.03
free,44100,full-fundamental,medium,45,A2,1742,110,39.50,2.49,1,45,A2,31.79,92,0,0,224,224,0,0,0,0.03
free,44100,full-fundamental,soft,45,A2,1742,110,39.50,2.49,1,45,A2,31.79,29,0,0,224,224,0,0,0,0.04
free,44100,weak-fundamental,medium,45,A2,1742,110,39.50,2.49,1,45,A2,34.29,94,0,0,224,224,0,0,0,0.02
free,44100,weak-fundamental,soft,45,A2,1742,110,39.50,2.49,1,45,A2,34.29,31,0,0,224,224,0,0,0,0.03
free,44100,full-fundamental,medium,46,A#2,1742,110,39.50,2.49,1,46,A#2,34.29,91,0,0,224,224,0,0,0,0.03
free,44100,full-fundamental,soft,46,A#2,1742,110,39.50,2.49,1,46,A#2,34.29,28,0,0,224,224,0,0,0,0.04
free,44100,weak-fundamental,medium,46,A#2,1742,110,39.50,2.49,1,46,A#2,34.29,93,0,0,224,224,0,0,0,0.01
free,44100,weak-fundamental,soft,46,A#2,1742,110,39.50,2.49,1,46,A#2,34.29,30,0,0,224,224,0,0,0,0.03
free,44100,full-fundamental,medium,47,B2,1742,110,39.50,2.49,1,47,B2,34.29,96,0,0,224,224,0,0,0,0.03
free,44100,full-fundamental,soft,47,B2,1742,110,39.50,2.49,1,47,B2,34.29,33,0,0,224,224,0,0,0,0.04
free,44100,weak-fundamental,medium,47,B2,1742,110,39.50,2.49,1,47,B2,34.29,99,0,0,224,224,0,0,0,0.01
free,44100,weak-fundamental,soft,47,B2,1742,110,39.50,2.49,1,47,B2,34.29,36,0,0,224,224,0,0,0,0.03
free,44100,full-fundamental,medium,48,C3,1742,110,39.50,2.49,1,48,C3,29.30,93,0,0,224,224,0,0,0,0.03
free,44100,full-fundamental,soft,48,C3,1742,110,39.50,2.49,1,48,C3,29.30,31,0,0,224,224,0,0,0,0.04
free,44100,weak-fundamental,medium,48,C3,1742,110,39.50,2.49,1,48,C3,26.80,92,0,0,224,224,0,0,0,0.02
free,44100,weak-fundamental,soft,48,C3,1742,110,39.50,2.49,1,48,C3,26.80,29,0,0,224,224,0,0,0,0.03
free,44100,full-fundamental,medium,49,C#3,1742,110,39.50,2.49,1,49,C#3,29.30,92,0,0,224,224,0,0,0,0.03
free,44100,full-fundamental,soft,49,C#3,1742,110,39.50,2.49,1,49,C#3,29.30,29,0,0,224,224,0,0,0,0.05
free,44100,weak-fundamental,medium,49,C#3,1742,110,39.50,2.49,1,49,C#3,26.80,93,0,0,224,224,0,0,0,0.02
free,44100,weak-fundamental,soft,49,C#3,1742,110,39.50,2.49,1,49,C#3,26.80,30,0,0,224,224,0,0,0,0.03
free,44100,full-fundamental,medium,50,D3,1742,110,39.50,2.49,1,50,D3,29.30,100,0,0,224,224,0,0,0,0.02
free,44100,full-fundamental,soft,50,D3,1742,110,39.50,2.49,1,50,D3,29.30,37,0,0,224,224,0,0,0,0.04
free,44100,weak-fundamental,medium,50,D3,1742,110,39.50,2.49,1,50,D3,29.30,98,0,0,224,224,0,0,0,0.01
free,44100,weak-fundamental,soft,50,D3,1742,110,39.50,2.49,1,50,D3,29.30,35,0,0,224,224,0,0,0,0.03
free,44100,full-fundamental,medium,51,D#3,1742,110,39.50,2.49,1,51,D#3,29.30,95,0,0,224,224,0,0,0,0.02
free,44100,full-fundamental,soft,51,D#3,1742,110,39.50,2.49,1,51,D#3,29.30,33,0,0,224,224,0,0,0,0.04
free,44100,weak-fundamental,medium,51,D#3,1742,110,39.50,2.49,1,51,D#3,29.30,90,0,0,224,224,0,0,0,0.01
free,44100,weak-fundamental,soft,51,D#3,1742,110,39.50,2.49,1,51,D#3,29.30,27,0,0,224,224,0,0,0,0.03
free,44100,full-fundamental,medium,52,E3,1742,110,39.50,2.49,1,52,E3,21.81,97,0,0,224,224,0,0,0,0.02
free,44100,full-fundamental,soft,52,E3,1742,110,39.50,2.49,1,52,E3,21.81,34,0,0,224,224,0,0,0,0.04
free,44100,weak-fundamental,medium,52,E3,1742,110,39.50,2.49,1,52,E3,21.81,96,0,0,224,224,0,0,0,0.02
free,44100,weak-fundamental,soft,52,E3,1742,110,39.50,2.49,1,52,E3,21.81,33,0,0,224,224,0,0,0,0.03
free,44100,full-fundamental,medium,53,F3,1742,110,39.50,2.49,1,53,F3,21.81,95,0,0,224,224,0,0,0,0.02
free,44100,full-fundamental,soft,53,F3,1742,110,39.50,2.49,1,53,F3,21.81,32,0,0,224,224,0,0,0,0.05
free,44100,weak-fundamental,medium,53,F3,1742,110,39.50,2.49,1,53,F3,21.81,89,0,0,224,224,0,0,0,0.01
free,44100,weak-fundamental,soft,53,F3,1742,110,39.50,2.49,1,53,F3,21.81,26,0,0,224,224,0,0,0,0.04
free,44100,full-fundamental,medium,54,F#3,1742,110,39.50,2.49,1,54,F#3,21.81,93,0,0,224,224,0,0,0,0.02
free,44100,full-fundamental,soft,54,F#3,1742,110,39.50,2.49,1,54,F#3,21.81,30,0,0,224,224,0,0,0,0.04
free,44100,weak-fundamental,medium,54,F#3,1742,110,39.50,2.49,1,54,F#3,24.31,93,0,0,224,224,0,0,0,0.02
free,44100,weak-fundamental,soft,54,F#3,1742,110,39.50,2.49,1,54,F#3,24.31,30,0,0,224,224,0,0,0,0.03
free,44100,full-fundamental,medium,55,G3,1742,110,39.50,2.49,1,55,G3,21.81,97,0,0,224,224,0,0,0,0.02
free,44100,full-fundamental,soft,55,G3,1742,110,39.50,2.49,1,55,G3,21.81,34,0,0,224,224,0,0,0,0.04
free,44100,weak-fundamental,medium,55,G3,1742,110,39.50,2.49,1,55,G3,21.81,90,0,0,224,224,0,0,0,0.02
free,44100,weak-fundamental,soft,55,G3,1742,110,39.50,2.49,1,55,G3,21.81,27,0,0,224,224,0,0,0,0.03
free,44100,full-fundamental,medium,56,G#3,1742,110,39.50,2.49,1,56,G#3,19.32,99,0,0,224,224,0,0,0,0.02
free,44100,full-fundamental,soft,56,G#3,1742,110,39.50,2.49,1,56,G#3,19.32,36,0,0,224,224,0,0,0,0.05
free,44100,weak-fundamental,medium,56,G#3,1742,110,39.50,2.49,1,56,G#3,19.32,91,0,0,224,224,0,0,0,0.02
free,44100,weak-fundamental,soft,56,G#3,1742,110,39.50,2.49,1,56,G#3,19.32,28,0,0,224,224,0,0,0,0.04
free,44100,full-fundamental,medium,57,A3,1742,110,39.50,2.49,1,57,A3,19.32,102,0,0,224,224,0,0,0,0.02
free,44100,full-fundamental,soft,57,A3,1742,110,39.50,2.49,1,57,A3,19.32,39,0,0,224,224,0,0,0,0.05
free,44100,weak-fundamental,medium,57,A3,1742,110,39.50,2.49,1,57,A3,19.32,97,0,0,224,224,0,0,0,0.02
free,44100,weak-fundamental,soft,57,A3,1742,110,39.50,2.49,1,57,A3,19.32,35,0,0,224,224,0,0,0,0.04
free,44100,full-fundamental,medium,58,A#3,1742,110,39.50,2.49,1,58,A#3,19.32,98,0,0,224,224,0,0,0,0.04
free,44100,full-fundamental,soft,58,A#3,1742,110,39.50,2.49,1,58,A#3,19.32,35,0,0,224,224,0,0,0,0.05
free,44100,weak-fundamental,medium,58,A#3,1742,110,39.50,2.49,1,58,A#3,19.32,95,0,0,224,224,0,0,0,0.03
free,44100,weak-fundamental,soft,58,A#3,1742,110,39.50,2.49,1,58,A#3,19.32,32,0,0,224,224,0,0,0,0.05
free,44100,full-fundamental,medium,59,B3,1742,110,39.50,2.49,1,59,B3,19.32,95,0,0,224,224,0,0,0,0.02
free,44100,full-fundamental,soft,59,B3,1742,110,39.50,2.49,1,59,B3,19.32,32,0,0,224,224,0,0,0,0.04
free,44100,weak-fundamental,medium,59,B3,1742,110,39.50,2.49,1,59,B3,19.32,94,0,0,224,224,0,0,0,0.01
free,44100,weak-fundamental,soft,59,B3,1742,110,39.50,2.49,1,59,B3,19.32,31,0,0,224,224,0,0,0,0.03
free,44100,full-fundamental,medium,60,C4,1742,110,39.50,2.49,1,60,C4,14.33,99,0,0,224,224,0,0,0,0.02
free,44100,full-fundamental,soft,60,C4,1742,110,39.50,2.49,1,60,C4,14.33,36,0,0,224,224,0,0,0,0.05
free,44100,weak-fundamental,medium,60,C4,1742,110,39.50,2.49,1,60,C4,16.83,95,0,0,224,224,0,0,0,0.01
free,44100,weak-fundamental,soft,60,C4,1742,110,39.50,2.49,1,60,C4,16.83,32,0,0,224,224,0,0,0,0.04
free,44100,full-fundamental,medium,61,C#4,1742,110,39.50,2.49,1,61,C#4,14.33,100,0,0,224,224,0,0,0,0.04
free,44100,full-fundamental,soft,61,C#4,1742,110,39.50,2.49,1,61,C#4,14.33,37,0,0,224,224,0,0,0,0.06
free,44100,weak-fundamental,medium,61,C#4,1742,110,39.50,2.49,1,61,C#4,16.83,93,0,0,224,224,0,0,0,0.04
free,44100,weak-fundamental,soft,61,C#4,1742,110,39.50,2.49,1,61,C#4,16.83,30,0,0,224,224,0,0,0,0.06
free,44100,full-fundamental,medium,62,D4,1742,110,39.50,2.49,1,62,D4,16.83,99,0,0,224,224,0,0,0,0.05
free,44100,full-fundamental,soft,62,D4,1742,110,39.50,2.49,1,62,D4,16.83,36,0,0,224,224,0,0,0,0.06
free,44100,weak-fundamental,medium,62,D4,1742,110,39.50,2.49,1,62,D4,14.33,96,0,0,224,224,0,0,0,0.05
free,44100,weak-fundamental,soft,62,D4,1742,110,39.50,2.49,1,62,D4,14.33,33,0,0,224,224,0,0,0,0.07
free,44100,full-fundamental,medium,63,D#4,1742,110,39.50,2.49,1,63,D#4,16.83,95,0,0,224,224,0,0,0,0.03
free,44100,full-fundamental,soft,63,D#4,1742,110,39.50,2.49,1,63,D#4,16.83,32,0,0,224,224,0,0,0,0.05
free,44100,weak-fundamental,medium,63,D#4,1742,110,39.50,2.49,1,63,D#4,16.83,98,0,0,224,224,0,0,0,0.02
free,44100,weak-fundamental,soft,63,D#4,1742,110,39.50,2.49,1,63,D#4,16.83,35,0,0,224,224,0,0,0,0.05
free,44100,full-fundamental,medium,64,E4,1742,110,39.50,2.49,1,64,E4,14.33,95,0,0,224,224,0,0,0,0.03
free,44100,full-fundamental,soft,64,E4,1742,110,39.50,2.49,1,64,E4,14.33,32,0,0,224,224,0,0,0,0.07
free,44100,weak-fundamental,medium,64,E4,1742,110,39.50,2.49,1,64,E4,14.33,96,0,0,224,224,0,0,0,0.03
free,44100,weak-fundamental,soft,64,E4,1742,110,39.50,2.49,1,64,E4,14.33,33,0,0,224,224,0,0,0,0.05
free,44100,full-fundamental,medium,65,F4,1742,110,39.50,2.49,1,65,F4,14.33,101,0,0,224,224,0,0,0,0.07
free,44100,full-fundamental,soft,65,F4,1742,110,39.50,2.49,1,65,F4,14.33,38,0,0,224,224,0,0,0,0.09
free,44100,weak-fundamental,medium,65,F4,1742,110,39.50,2.49,1,65,F4,14.33,96,0,0,224,224,0,0,0,0.07
free,44100,weak-fundamental,soft,65,F4,1742,110,39.50,2.49,1,65,F4,14.33,33,0,0,224,224,0,0,0,0.08
free,44100,full-fundamental,medium,66,F#4,1742,110,39.50,2.49,1,66,F#4,14.33,99,0,0,224,224,0,0,0,0.08
free,44100,full-fundamental,soft,66,F#4,1742,110,39.50,2.49,1,66,F#4,14.33,37,0,0,224,224,0,0,0,0.10
free,44100,weak-fundamental,medium,66,F#4,1742,110,39.50,2.49,1,66,F#4,14.33,95,0,0,224,224,0,0,0,0.09
free,44100,weak-fundamental,soft,66,F#4,1742,110,39.50,2.49,1,66,F#4,14.33,32,0,0,224,224,0,0,0,0.09
free,44100,full-fundamental,medium,67,G4,1742,110,39.50,2.49,1,67,G4,14.33,95,0,0,224,224,0,0,0,0.02
free,44100,full-fundamental,soft,67,G4,1742,110,39.50,2.49,1,67,G4,14.33,32,0,0,224,224,0,0,0,0.06
free,44100,weak-fundamental,medium,67,G4,1742,110,39.50,2.49,1,67,G4,14.33,89,0,0,224,224,0,0,0,0.02
free,44100,weak-fundamental,soft,67,G4,1742,110,39.50,2.49,1,67,G4,14.33,26,0,0,224,224,0,0,0,0.04
palette-in,44100,full-fundamental,medium,28,E1,1742,110,39.50,2.49,1,28,E1,34.29,97,0,0,224,224,0,0,0,0.14
palette-in,44100,full-fundamental,soft,28,E1,1742,110,39.50,2.49,1,28,E1,34.29,34,0,0,224,224,0,0,0,0.15
palette-in,44100,weak-fundamental,medium,28,E1,1742,110,39.50,2.49,1,28,E1,39.27,99,0,0,224,224,0,0,0,0.06
palette-in,44100,weak-fundamental,soft,28,E1,1742,110,39.50,2.49,1,28,E1,39.27,36,0,0,224,224,0,0,0,0.07
palette-in,44100,full-fundamental,medium,29,F1,1742,110,39.50,2.49,1,29,F1,34.29,99,0,0,224,224,0,0,0,0.11
palette-in,44100,full-fundamental,soft,29,F1,1742,110,39.50,2.49,1,29,F1,34.29,36,0,0,224,224,0,0,0,0.13
palette-in,44100,weak-fundamental,medium,29,F1,1742,110,39.50,2.49,1,29,F1,39.27,95,0,0,224,224,0,0,0,0.07
palette-in,44100,weak-fundamental,soft,29,F1,1742,110,39.50,2.49,1,29,F1,39.27,32,0,0,224,224,0,0,0,0.07
palette-in,44100,full-fundamental,medium,30,F#1,1742,110,39.50,2.49,1,30,F#1,39.27,96,0,0,224,224,0,0,0,0.12
palette-in,44100,full-fundamental,soft,30,F#1,1742,110,39.50,2.49,1,30,F#1,39.27,33,0,0,224,224,0,0,0,0.14
palette-in,44100,weak-fundamental,medium,30,F#1,1742,110,39.50,2.49,1,30,F#1,39.27,91,0,0,224,224,0,0,0,0.08
palette-in,44100,weak-fundamental,soft,30,F#1,1742,110,39.50,2.49,1,30,F#1,39.27,28,0,0,224,224,0,0,0,0.08
palette-in,44100,full-fundamental,medium,31,G1,1742,110,39.50,2.49,1,31,G1,39.27,100,0,0,224,224,0,0,0,0.10
palette-in,44100,full-fundamental,soft,31,G1,1742,110,39.50,2.49,1,31,G1,39.27,37,0,0,224,224,0,0,0,0.10
palette-in,44100,weak-fundamental,medium,31,G1,1742,110,39.50,2.49,1,31,G1,39.27,94,0,0,224,224,0,0,0,0.06
palette-in,44100,weak-fundamental,soft,31,G1,1742,110,39.50,2.49,1,31,G1,39.27,31,0,0,224,224,0,0,0,0.06
palette-in,44100,full-fundamental,medium,32,G#1,1742,110,39.50,2.49,1,32,G#1,34.29,99,0,0,224,224,0,0,0,0.13
palette-in,44100,full-fundamental,soft,32,G#1,1742,110,39.50,2.49,1,32,G#1,34.29,36,0,0,224,224,0,0,0,0.12
palette-in,44100,weak-fundamental,medium,32,G#1,1742,110,39.50,2.49,1,32,G#1,34.29,91,0,0,224,224,0,0,0,0.06
palette-in,44100,weak-fundamental,soft,32,G#1,1742,110,39.50,2.49,1,32,G#1,34.29,28,0,0,224,224,0,0,0,0.07
palette-in,44100,full-fundamental,medium,33,A1,1742,110,39.50,2.49,1,33,A1,34.29,94,0,0,224,224,0,0,0,0.13
palette-in,44100,full-fundamental,soft,33,A1,1742,110,39.50,2.49,1,33,A1,34.29,31,0,0,224,224,0,0,0,0.14
palette-in,44100,weak-fundamental,medium,33,A1,1742,110,39.50,2.49,1,33,A1,31.79,95,0,0,224,224,0,0,0,0.06
palette-in,44100,weak-fundamental,soft,33,A1,1742,110,39.50,2.49,1,33,A1,31.79,32,0,0,224,224,0,0,0,0.08
palette-in,44100,full-fundamental,medium,34,A#1,1742,110,39.50,2.49,1,34,A#1,34.29,99,0,0,224,224,0,0,0,0.09
palette-in,44100,full-fundamental,soft,34,A#1,1742,110,39.50,2.49,1,34,A#1,34.29,36,0,0,224,224,0,0,0,0.10
palette-in,44100,weak-fundamental,medium,34,A#1,1742,110,39.50,2.49,1,34,A#1,34.29,93,0,0,224,224,0,0,0,0.05
palette-in,44100,weak-fundamental,soft,34,A#1,1742,110,39.50,2.49,1,34,A#1,34.29,30,0,0,224,224,0,0,0,0.05
palette-in,44100,full-fundamental,medium,35,B1,1742,110,39.50,2.49,1,35,B1,34.29,92,0,0,224,224,0,0,0,0.08
palette-in,44100,full-fundamental,soft,35,B1,1742,110,39.50,2.49,1,35,B1,34.29,29,0,0,224,224,0,0,0,0.09
palette-in,44100,weak-fundamental,medium,35,B1,1742,110,39.50,2.49,1,35,B1,31.79,101,0,0,224,224,0,0,0,0.03
palette-in,44100,weak-fundamental,soft,35,B1,1742,110,39.50,2.49,1,35,B1,31.79,38,0,0,224,224,0,0,0,0.05
palette-in,44100,full-fundamental,medium,36,C2,1742,110,39.50,2.49,1,36,C2,29.30,91,0,0,224,224,0,0,0,0.11
palette-in,44100,full-fundamental,soft,36,C2,1742,110,39.50,2.49,1,36,C2,29.30,28,0,0,224,224,0,0,0,0.11
palette-in,44100,weak-fundamental,medium,36,C2,1742,110,39.50,2.49,1,36,C2,26.80,99,0,0,224,224,0,0,0,0.04
palette-in,44100,weak-fundamental,soft,36,C2,1742,110,39.50,2.49,1,36,C2,26.80,36,0,0,224,224,0,0,0,0.05
palette-in,44100,full-fundamental,medium,37,C#2,1742,110,39.50,2.49,1,37,C#2,26.80,94,0,0,224,224,0,0,0,0.08
palette-in,44100,full-fundamental,soft,37,C#2,1742,110,39.50,2.49,1,37,C#2,26.80,31,0,0,224,224,0,0,0,0.09
palette-in,44100,weak-fundamental,medium,37,C#2,1742,110,39.50,2.49,1,37,C#2,26.80,91,0,0,224,224,0,0,0,0.05
palette-in,44100,weak-fundamental,soft,37,C#2,1742,110,39.50,2.49,1,37,C#2,26.80,28,0,0,224,224,0,0,0,0.06
palette-in,44100,full-fundamental,medium,38,D2,1742,110,39.50,2.49,1,38,D2,26.80,93,0,0,224,224,0,0,0,0.11
palette-in,44100,full-fundamental,soft,38,D2,1742,110,39.50,2.49,1,38,D2,26.80,30,0,0,224,224,0,0,0,0.11
palette-in,44100,weak-fundamental,medium,38,D2,1742,110,39.50,2.49,1,38,D2,26.80,95,0,0,224,224,0,0,0,0.04
palette-in,44100,weak-fundamental,soft,38,D2,1742,110,39.50,2.49,1,38,D2,26.80,33,0,0,224,224,0,0,0,0.05
palette-in,44100,full-fundamental,medium,39,D#2,1742,110,39.50,2.49,1,39,D#2,29.30,97,0,0,224,224,0,0,0,0.01
palette-in,44100,full-fundamental,soft,39,D#2,1742,110,39.50,2.49,1,39,D#2,29.30,34,0,0,224,224,0,0,0,0.04
palette-in,44100,weak-fundamental,medium,39,D#2,1742,110,39.50,2.49,1,39,D#2,26.80,94,0,0,224,224,0,0,0,0.01
palette-in,44100,weak-fundamental,soft,39,D#2,1742,110,39.50,2.49,1,39,D#2,26.80,32,0,0,224,224,0,0,0,0.03
palette-in,44100,full-fundamental,medium,40,E2,1742,110,39.50,2.49,1,40,E2,24.31,96,0,0,224,224,0,0,0,0.03
palette-in,44100,full-fundamental,soft,40,E2,1742,110,39.50,2.49,1,40,E2,24.31,33,0,0,224,224,0,0,0,0.04
palette-in,44100,weak-fundamental,medium,40,E2,1742,110,39.50,2.49,1,40,E2,24.31,93,0,0,224,224,0,0,0,0.03
palette-in,44100,weak-fundamental,soft,40,E2,1742,110,39.50,2.49,1,40,E2,24.31,30,0,0,224,224,0,0,0,0.04
palette-in,44100,full-fundamental,medium,41,F2,1742,110,39.50,2.49,1,41,F2,24.31,97,0,0,224,224,0,0,0,0.04
palette-in,44100,full-fundamental,soft,41,F2,1742,110,39.50,2.49,1,41,F2,24.31,34,0,0,224,224,0,0,0,0.05
palette-in,44100,weak-fundamental,medium,41,F2,1742,110,39.50,2.49,1,41,F2,21.81,93,0,0,224,224,0,0,0,0.01
palette-in,44100,weak-fundamental,soft,41,F2,1742,110,39.50,2.49,1,41,F2,21.81,30,0,0,224,224,0,0,0,0.03
palette-in,44100,full-fundamental,medium,42,F#2,1742,110,39.50,2.49,1,42,F#2,21.81,96,0,0,224,224,0,0,0,0.03
palette-in,44100,full-fundamental,soft,42,F#2,1742,110,39.50,2.49,1,42,F#2,21.81,33,0,0,224,224,0,0,0,0.04
palette-in,44100,weak-fundamental,medium,42,F#2,1742,110,39.50,2.49,1,42,F#2,21.81,88,0,0,224,224,0,0,0,0.02
palette-in,44100,weak-fundamental,soft,42,F#2,1742,110,39.50,2.49,1,42,F#2,21.81,26,0,0,224,224,0,0,0,0.03
palette-in,44100,full-fundamental,medium,43,G2,1742,110,39.50,2.49,1,43,G2,24.31,97,0,0,224,224,0,0,0,0.03
palette-in,44100,full-fundamental,soft,43,G2,1742,110,39.50,2.49,1,43,G2,24.31,34,0,0,224,224,0,0,0,0.05
palette-in,44100,weak-fundamental,medium,43,G2,1742,110,39.50,2.49,1,43,G2,24.31,94,0,0,224,224,0,0,0,0.02
palette-in,44100,weak-fundamental,soft,43,G2,1742,110,39.50,2.49,1,43,G2,24.31,31,0,0,224,224,0,0,0,0.02
palette-in,44100,full-fundamental,medium,44,G#2,1742,110,39.50,2.49,1,44,G#2,19.32,92,0,0,224,224,0,0,0,0.03
palette-in,44100,full-fundamental,soft,44,G#2,1742,110,39.50,2.49,1,44,G#2,19.32,29,0,0,224,224,0,0,0,0.04
palette-in,44100,weak-fundamental,medium,44,G#2,1742,110,39.50,2.49,1,44,G#2,19.32,96,0,0,224,224,0,0,0,0.02
palette-in,44100,weak-fundamental,soft,44,G#2,1742,110,39.50,2.49,1,44,G#2,19.32,33,0,0,224,224,0,0,0,0.03
palette-in,44100,full-fundamental,medium,45,A2,1742,110,39.50,2.49,1,45,A2,16.83,92,0,0,224,224,0,0,0,0.03
palette-in,44100,full-fundamental,soft,45,A2,1742,110,39.50,2.49,1,45,A2,16.83,29,0,0,224,224,0,0,0,0.04
palette-in,44100,weak-fundamental,medium,45,A2,1742,110,39.50,2.49,1,45,A2,19.32,94,0,0,224,224,0,0,0,0.02
palette-in,44100,weak-fundamental,soft,45,A2,1742,110,39.50,2.49,1,45,A2,19.32,31,0,0,224,224,0,0,0,0.03
palette-in,44100,full-fundamental,medium,46,A#2,1742,110,39.50,2.49,1,46,A#2,19.32,91,0,0,224,224,0,0,0,0.03
palette-in,44100,full-fundamental,soft,46,A#2,1742,110,39.50,2.49,1,46,A#2,19.32,28,0,0,224,224,0,0,0,0.04
palette-in,44100,weak-fundamental,medium,46,A#2,1742,110,39.50,2.49,1,46,A#2,19.32,93,0,0,224,224,0,0,0,0.01
palette-in,44100,weak-fundamental,soft,46,A#2,1742,110,39.50,2.49,1,46,A#2,19.32,30,0,0,224,224,0,0,0,0.03
palette-in,44100,full-fundamental,medium,47,B2,1742,110,39.50,2.49,1,47,B2,19.32,96,0,0,224,224,0,0,0,0.03
palette-in,44100,full-fundamental,soft,47,B2,1742,110,39.50,2.49,1,47,B2,19.32,33,0,0,224,224,0,0,0,0.04
palette-in,44100,weak-fundamental,medium,47,B2,1742,110,39.50,2.49,1,47,B2,19.32,99,0,0,224,224,0,0,0,0.01
palette-in,44100,weak-fundamental,soft,47,B2,1742,110,39.50,2.49,1,47,B2,19.32,36,0,0,224,224,0,0,0,0.03
palette-in,44100,full-fundamental,medium,48,C3,1742,110,39.50,2.49,1,48,C3,16.83,93,0,0,224,224,0,0,0,0.03
palette-in,44100,full-fundamental,soft,48,C3,1742,110,39.50,2.49,1,48,C3,16.83,31,0,0,224,224,0,0,0,0.04
palette-in,44100,weak-fundamental,medium,48,C3,1742,110,39.50,2.49,1,48,C3,16.83,92,0,0,224,224,0,0,0,0.02
palette-in,44100,weak-fundamental,soft,48,C3,1742,110,39.50,2.49,1,48,C3,16.83,29,0,0,224,224,0,0,0,0.03
palette-in,44100,full-fundamental,medium,49,C#3,1742,110,39.50,2.49,1,49,C#3,16.83,92,0,0,224,224,0,0,0,0.03
palette-in,44100,full-fundamental,soft,49,C#3,1742,110,39.50,2.49,1,49,C#3,16.83,29,0,0,224,224,0,0,0,0.05
palette-in,44100,weak-fundamental,medium,49,C#3,1742,110,39.50,2.49,1,49,C#3,16.83,93,0,0,224,224,0,0,0,0.02
palette-in,44100,weak-fundamental,soft,49,C#3,1742,110,39.50,2.49,1,49,C#3,16.83,30,0,0,224,224,0,0,0,0.03
palette-in,44100,full-fundamental,medium,50,D3,1742,110,39.50,2.49,1,50,D3,16.83,100,0,0,224,224,0,0,0,0.02
palette-in,44100,full-fundamental,soft,50,D3,1742,110,39.50,2.49,1,50,D3,16.83,37,0,0,224,224,0,0,0,0.04
palette-in,44100,weak-fundamental,medium,50,D3,1742,110,39.50,2.49,1,50,D3,16.83,98,0,0,224,224,0,0,0,0.01
palette-in,44100,weak-fundamental,soft,50,D3,1742,110,39.50,2.49,1,50,D3,16.83,35,0,0,224,224,0,0,0,0.03
palette-in,44100,full-fundamental,medium,51,D#3,1742,110,39.50,2.49,1,51,D#3,16.83,95,0,0,224,224,0,0,0,0.02
palette-in,44100,full-fundamental,soft,51,D#3,1742,110,39.50,2.49,1,51,D#3,16.83,33,0,0,224,224,0,0,0,0.04
palette-in,44100,weak-fundamental,medium,51,D#3,1742,110,39.50,2.49,1,51,D#3,16.83,90,0,0,224,224,0,0,0,0.01
palette-in,44100,weak-fundamental,soft,51,D#3,1742,110,39.50,2.49,1,51,D#3,16.83,27,0,0,224,224,0,0,0,0.03
palette-in,44100,full-fundamental,medium,52,E3,1742,110,39.50,2.49,1,52,E3,14.33,97,0,0,224,224,0,0,0,0.02
palette-in,44100,full-fundamental,soft,52,E3,1742,110,39.50,2.49,1,52,E3,14.33,34,0,0,224,224,0,0,0,0.04
palette-in,44100,weak-fundamental,medium,52,E3,1742,110,39.50,2.49,1,52,E3,14.33,96,0,0,224,224,0,0,0,0.02
palette-in,44100,weak-fundamental,soft,52,E3,1742,110,39.50,2.49,1,52,E3,14.33,33,0,0,224,224,0,0,0,0.03
palette-in,44100,full-fundamental,medium,53,F3,1742,110,39.50,2.49,1,53,F3,11.84,95,0,0,224,224,0,0,0,0.02
palette-in,44100,full-fundamental,soft,53,F3,1742,110,39.50,2.49,1,53,F3,11.84,32,0,0,224,224,0,0,0,0.05
palette-in,44100,weak-fundamental,medium,53,F3,1742,110,39.50,2.49,1,53,F3,14.33,89,0,0,224,224,0,0,0,0.01
palette-in,44100,weak-fundamental,soft,53,F3,1742,110,39.50,2.49,1,53,F3,14.33,26,0,0,224,224,0,0,0,0.04
palette-in,44100,full-fundamental,medium,54,F#3,1742,110,39.50,2.49,1,54,F#3,14.33,93,0,0,224,224,0,0,0,0.02
palette-in,44100,full-fundamental,soft,54,F#3,1742,110,39.50,2.49,1,54,F#3,14.33,30,0,0,224,224,0,0,0,0.04
palette-in,44100,weak-fundamental,medium,54,F#3,1742,110,39.50,2.49,1,54,F#3,14.33,93,0,0,224,224,0,0,0,0.02
palette-in,44100,weak-fundamental,soft,54,F#3,1742,110,39.50,2.49,1,54,F#3,14.33,30,0,0,224,224,0,0,0,0.03
palette-in,44100,full-fundamental,medium,55,G3,1742,110,39.50,2.49,1,55,G3,14.33,97,0,0,224,224,0,0,0,0.02
palette-in,44100,full-fundamental,soft,55,G3,1742,110,39.50,2.49,1,55,G3,14.33,34,0,0,224,224,0,0,0,0.04
palette-in,44100,weak-fundamental,medium,55,G3,1742,110,39.50,2.49,1,55,G3,14.33,90,0,0,224,224,0,0,0,0.02
palette-in,44100,weak-fundamental,soft,55,G3,1742,110,39.50,2.49,1,55,G3,14.33,27,0,0,224,224,0,0,0,0.03
palette-in,44100,full-fundamental,medium,56,G#3,1742,110,39.50,2.49,1,56,G#3,11.84,99,0,0,224,224,0,0,0,0.02
palette-in,44100,full-fundamental,soft,56,G#3,1742,110,39.50,2.49,1,56,G#3,11.84,36,0,0,224,224,0,0,0,0.05
palette-in,44100,weak-fundamental,medium,56,G#3,1742,110,39.50,2.49,1,56,G#3,14.33,91,0,0,224,224,0,0,0,0.02
palette-in,44100,weak-fundamental,soft,56,G#3,1742,110,39.50,2.49,1,56,G#3,14.33,28,0,0,224,224,0,0,0,0.04
palette-in,44100,full-fundamental,medium,57,A3,1742,110,39.50,2.49,1,57,A3,11.84,102,0,0,224,224,0,0,0,0.02
palette-in,44100,full-fundamental,soft,57,A3,1742,110,39.50,2.49,1,57,A3,11.84,39,0,0,224,224,0,0,0,0.05
palette-in,44100,weak-fundamental,medium,57,A3,1742,110,39.50,2.49,1,57,A3,11.84,97,0,0,224,224,0,0,0,0.02
palette-in,44100,weak-fundamental,soft,57,A3,1742,110,39.50,2.49,1,57,A3,11.84,35,0,0,224,224,0,0,0,0.04
palette-in,44100,full-fundamental,medium,58,A#3,1742,110,39.50,2.49,1,58,A#3,14.33,98,0,0,224,224,0,0,0,0.04
palette-in,44100,full-fundamental,soft,58,A#3,1742,110,39.50,2.49,1,58,A#3,14.33,35,0,0,224,224,0,0,0,0.05
palette-in,44100,weak-fundamental,medium,58,A#3,1742,110,39.50,2.49,1,58,A#3,14.33,95,0,0,224,224,0,0,0,0.03
palette-in,44100,weak-fundamental,soft,58,A#3,1742,110,39.50,2.49,1,58,A#3,14.33,32,0,0,224,224,0,0,0,0.05
palette-in,44100,full-fundamental,medium,59,B3,1742,110,39.50,2.49,1,59,B3,11.84,95,0,0,224,224,0,0,0,0.02
palette-in,44100,full-fundamental,soft,59,B3,1742,110,39.50,2.49,1,59,B3,11.84,32,0,0,224,224,0,0,0,0.04
palette-in,44100,weak-fundamental,medium,59,B3,1742,110,39.50,2.49,1,59,B3,14.33,94,0,0,224,224,0,0,0,0.01
palette-in,44100,weak-fundamental,soft,59,B3,1742,110,39.50,2.49,1,59,B3,14.33,31,0,0,224,224,0,0,0,0.03
palette-in,44100,full-fundamental,medium,60,C4,1742,110,39.50,2.49,1,60,C4,11.84,99,0,0,224,224,0,0,0,0.02
palette-in,44100,full-fundamental,soft,60,C4,1742,110,39.50,2.49,1,60,C4,11.84,36,0,0,224,224,0,0,0,0.05
palette-in,44100,weak-fundamental,medium,60,C4,1742,110,39.50,2.49,1,60,C4,14.33,95,0,0,224,224,0,0,0,0.01
palette-in,44100,weak-fundamental,soft,60,C4,1742,110,39.50,2.49,1,60,C4,14.33,32,0,0,224,224,0,0,0,0.04
palette-in,44100,full-fundamental,medium,61,C#4,1742,110,39.50,2.49,1,61,C#4,11.84,100,0,0,224,224,0,0,0,0.04
palette-in,44100,full-fundamental,soft,61,C#4,1742,110,39.50,2.49,1,61,C#4,11.84,37,0,0,224,224,0,0,0,0.06
palette-in,44100,weak-fundamental,medium,61,C#4,1742,110,39.50,2.49,1,61,C#4,14.33,93,0,0,224,224,0,0,0,0.04
palette-in,44100,weak-fundamental,soft,61,C#4,1742,110,39.50,2.49,1,61,C#4,14.33,30,0,0,224,224,0,0,0,0.06
palette-in,44100,full-fundamental,medium,62,D4,1742,110,39.50,2.49,1,62,D4,14.33,99,0,0,224,224,0,0,0,0.05
palette-in,44100,full-fundamental,soft,62,D4,1742,110,39.50,2.49,1,62,D4,14.33,36,0,0,224,224,0,0,0,0.06
palette-in,44100,weak-fundamental,medium,62,D4,1742,110,39.50,2.49,1,62,D4,14.33,96,0,0,224,224,0,0,0,0.05
palette-in,44100,weak-fundamental,soft,62,D4,1742,110,39.50,2.49,1,62,D4,14.33,33,0,0,224,224,0,0,0,0.07
palette-in,44100,full-fundamental,medium,63,D#4,1742,110,39.50,2.49,1,63,D#4,14.33,95,0,0,224,224,0,0,0,0.03
palette-in,44100,full-fundamental,soft,63,D#4,1742,110,39.50,2.49,1,63,D#4,14.33,32,0,0,224,224,0,0,0,0.05
palette-in,44100,weak-fundamental,medium,63,D#4,1742,110,39.50,2.49,1,63,D#4,14.33,98,0,0,224,224,0,0,0,0.02
palette-in,44100,weak-fundamental,soft,63,D#4,1742,110,39.50,2.49,1,63,D#4,14.33,35,0,0,224,224,0,0,0,0.05
palette-in,44100,full-fundamental,medium,64,E4,1742,110,39.50,2.49,1,64,E4,14.33,95,0,0,224,224,0,0,0,0.03
palette-in,44100,full-fundamental,soft,64,E4,1742,110,39.50,2.49,1,64,E4,14.33,32,0,0,224,224,0,0,0,0.07
palette-in,44100,weak-fundamental,medium,64,E4,1742,110,39.50,2.49,1,64,E4,14.33,96,0,0,224,224,0,0,0,0.03
palette-in,44100,weak-fundamental,soft,64,E4,1742,110,39.50,2.49,1,64,E4,14.33,33,0,0,224,224,0,0,0,0.05
palette-in,44100,full-fundamental,medium,65,F4,1742,110,39.50,2.49,1,65,F4,14.33,101,0,0,224,224,0,0,0,0.07
palette-in,44100,full-fundamental,soft,65,F4,1742,110,39.50,2.49,1,65,F4,14.33,38,0,0,224,224,0,0,0,0.09
palette-in,44100,weak-fundamental,medium,65,F4,1742,110,39.50,2.49,1,65,F4,14.33,96,0,0,224,224,0,0,0,0.07
palette-in,44100,weak-fundamental,soft,65,F4,1742,110,39.50,2.49,1,65,F4,14.33,33,0,0,224,224,0,0,0,0.08
palette-in,44100,full-fundamental,medium,66,F#4,1742,110,39.50,2.49,1,66,F#4,14.33,99,0,0,224,224,0,0,0,0.08
palette-in,44100,full-fundamental,soft,66,F#4,1742,110,39.50,2.49,1,66,F#4,14.33,37,0,0,224,224,0,0,0,0.10
palette-in,44100,weak-fundamental,medium,66,F#4,1742,110,39.50,2.49,1,66,F#4,14.33,95,0,0,224,224,0,0,0,0.09
palette-in,44100,weak-fundamental,soft,66,F#4,1742,110,39.50,2.49,1,66,F#4,14.33,32,0,0,224,224,0,0,0,0.09
palette-in,44100,full-fundamental,medium,67,G4,1742,110,39.50,2.49,1,67,G4,14.33,95,0,0,224,224,0,0,0,0.02
palette-in,44100,full-fundamental,soft,67,G4,1742,110,39.50,2.49,1,67,G4,14.33,32,0,0,224,224,0,0,0,0.06
palette-in,44100,weak-fundamental,medium,67,G4,1742,110,39.50,2.49,1,67,G4,14.33,89,0,0,224,224,0,0,0,0.02
palette-in,44100,weak-fundamental,soft,67,G4,1742,110,39.50,2.49,1,67,G4,14.33,26,0,0,224,224,0,0,0,0.04
palette-off-chromatic,44100,full-fundamental,medium,28,E1,1742,110,39.50,2.49,1,28,E1,46.76,97,0,0,224,224,0,0,0,0.14
palette-off-chromatic,44100,full-fundamental,soft,28,E1,1742,110,39.50,2.49,1,28,E1,46.76,34,0,0,224,224,0,0,0,0.15
palette-off-chromatic,44100,weak-fundamental,medium,28,E1,1742,110,39.50,2.49,1,28,E1,51.75,99,0,0,224,224,0,0,0,0.06
palette-off-chromatic,44100,weak-fundamental,soft,28,E1,1742,110,39.50,2.49,1,28,E1,51.75,36,0,0,224,224,0,0,0,0.07
palette-off-chromatic,44100,full-fundamental,medium,29,F1,1742,110,39.50,2.49,1,29,F1,46.76,99,0,0,224,224,0,0,0,0.11
palette-off-chromatic,44100,full-fundamental,soft,29,F1,1742,110,39.50,2.49,1,29,F1,46.76,36,0,0,224,224,0,0,0,0.13
palette-off-chromatic,44100,weak-fundamental,medium,29,F1,1742,110,39.50,2.49,1,29,F1,51.75,95,0,0,224,224,0,0,0,0.07
palette-off-chromatic,44100,weak-fundamental,soft,29,F1,1742,110,39.50,2.49,1,29,F1,51.75,32,0,0,224,224,0,0,0,0.07
palette-off-chromatic,44100,full-fundamental,medium,30,F#1,1742,110,39.50,2.49,1,30,F#1,51.75,96,0,0,224,224,0,0,0,0.12
palette-off-chromatic,44100,full-fundamental,soft,30,F#1,1742,110,39.50,2.49,1,30,F#1,51.75,33,0,0,224,224,0,0,0,0.14
palette-off-chromatic,44100,weak-fundamental,medium,30,F#1,1742,110,39.50,2.49,1,30,F#1,51.75,91,0,0,224,224,0,0,0,0.08
palette-off-chromatic,44100,weak-fundamental,soft,30,F#1,1742,110,39.50,2.49,1,30,F#1,51.75,28,0,0,224,224,0,0,0,0.08
palette-off-chromatic,44100,full-fundamental,medium,31,G1,1742,110,39.50,2.49,1,31,G1,51.75,100,0,0,224,224,0,0,0,0.10
palette-off-chromatic,44100,full-fundamental,soft,31,G1,1742,110,39.50,2.49,1,31,G1,51.75,37,0,0,224,224,0,0,0,0.10
palette-off-chromatic,44100,weak-fundamental,medium,31,G1,1742,110,39.50,2.49,1,31,G1,51.75,94,0,0,224,224,0,0,0,0.06
palette-off-chromatic,44100,weak-fundamental,soft,31,G1,1742,110,39.50,2.49,1,31,G1,51.75,31,0,0,224,224,0,0,0,0.06
palette-off-chromatic,44100,full-fundamental,medium,32,G#1,1742,110,39.50,2.49,1,32,G#1,46.76,99,0,0,224,224,0,0,0,0.13
palette-off-chromatic,44100,full-fundamental,soft,32,G#1,1742,110,39.50,2.49,1,32,G#1,46.76,36,0,0,224,224,0,0,0,0.12
palette-off-chromatic,44100,weak-fundamental,medium,32,G#1,1742,110,39.50,2.49,1,32,G#1,46.76,91,0,0,224,224,0,0,0,0.06
palette-off-chromatic,44100,weak-fundamental,soft,32,G#1,1742,110,39.50,2.49,1,32,G#1,46.76,28,0,0,224,224,0,0,0,0.07
palette-off-chromatic,44100,full-fundamental,medium,33,A1,1742,110,39.50,2.49,1,33,A1,46.76,94,0,0,224,224,0,0,0,0.13
palette-off-chromatic,44100,full-fundamental,soft,33,A1,1742,110,39.50,2.49,1,33,A1,46.76,31,0,0,224,224,0,0,0,0.14
palette-off-chromatic,44100,weak-fundamental,medium,33,A1,1742,110,39.50,2.49,1,33,A1,44.26,95,0,0,224,224,0,0,0,0.06
palette-off-chromatic,44100,weak-fundamental,soft,33,A1,1742,110,39.50,2.49,1,33,A1,44.26,32,0,0,224,224,0,0,0,0.08
palette-off-chromatic,44100,full-fundamental,medium,34,A#1,1742,110,39.50,2.49,1,34,A#1,46.76,99,0,0,224,224,0,0,0,0.09
palette-off-chromatic,44100,full-fundamental,soft,34,A#1,1742,110,39.50,2.49,1,34,A#1,46.76,36,0,0,224,224,0,0,0,0.10
palette-off-chromatic,44100,weak-fundamental,medium,34,A#1,1742,110,39.50,2.49,1,34,A#1,46.76,93,0,0,224,224,0,0,0,0.05
palette-off-chromatic,44100,weak-fundamental,soft,34,A#1,1742,110,39.50,2.49,1,34,A#1,46.76,30,0,0,224,224,0,0,0,0.05
palette-off-chromatic,44100,full-fundamental,medium,35,B1,1742,110,39.50,2.49,1,35,B1,46.76,92,0,0,224,224,0,0,0,0.08
palette-off-chromatic,44100,full-fundamental,soft,35,B1,1742,110,39.50,2.49,1,35,B1,46.76,29,0,0,224,224,0,0,0,0.09
palette-off-chromatic,44100,weak-fundamental,medium,35,B1,1742,110,39.50,2.49,1,35,B1,44.26,101,0,0,224,224,0,0,0,0.03
palette-off-chromatic,44100,weak-fundamental,soft,35,B1,1742,110,39.50,2.49,1,35,B1,44.26,38,0,0,224,224,0,0,0,0.05
palette-off-chromatic,44100,full-fundamental,medium,36,C2,1742,110,39.50,2.49,1,36,C2,41.77,91,0,0,224,224,0,0,0,0.11
palette-off-chromatic,44100,full-fundamental,soft,36,C2,1742,110,39.50,2.49,1,36,C2,41.77,28,0,0,224,224,0,0,0,0.11
palette-off-chromatic,44100,weak-fundamental,medium,36,C2,1742,110,39.50,2.49,1,36,C2,39.27,99,0,0,224,224,0,0,0,0.04
palette-off-chromatic,44100,weak-fundamental,soft,36,C2,1742,110,39.50,2.49,1,36,C2,39.27,36,0,0,224,224,0,0,0,0.05
palette-off-chromatic,44100,full-fundamental,medium,37,C#2,1742,110,39.50,2.49,1,37,C#2,39.27,94,0,0,224,224,0,0,0,0.08
palette-off-chromatic,44100,full-fundamental,soft,37,C#2,1742,110,39.50,2.49,1,37,C#2,39.27,31,0,0,224,224,0,0,0,0.09
palette-off-chromatic,44100,weak-fundamental,medium,37,C#2,1742,110,39.50,2.49,1,37,C#2,39.27,91,0,0,224,224,0,0,0,0.05
palette-off-chromatic,44100,weak-fundamental,soft,37,C#2,1742,110,39.50,2.49,1,37,C#2,39.27,28,0,0,224,224,0,0,0,0.06
palette-off-chromatic,44100,full-fundamental,medium,38,D2,1742,110,39.50,2.49,1,38,D2,39.27,93,0,0,224,224,0,0,0,0.11
palette-off-chromatic,44100,full-fundamental,soft,38,D2,1742,110,39.50,2.49,1,38,D2,39.27,30,0,0,224,224,0,0,0,0.11
palette-off-chromatic,44100,weak-fundamental,medium,38,D2,1742,110,39.50,2.49,1,38,D2,39.27,95,0,0,224,224,0,0,0,0.04
palette-off-chromatic,44100,weak-fundamental,soft,38,D2,1742,110,39.50,2.49,1,38,D2,39.27,33,0,0,224,224,0,0,0,0.05
palette-off-chromatic,44100,full-fundamental,medium,39,D#2,1742,110,39.50,2.49,1,39,D#2,54.24,97,0,0,224,224,0,0,0,0.01
palette-off-chromatic,44100,full-fundamental,soft,39,D#2,1742,110,39.50,2.49,1,39,D#2,54.24,34,0,0,224,224,0,0,0,0.04
palette-off-chromatic,44100,weak-fundamental,medium,39,D#2,1742,110,39.50,2.49,1,39,D#2,49.25,94,0,0,224,224,0,0,0,0.01
palette-off-chromatic,44100,weak-fundamental,soft,39,D#2,1742,110,39.50,2.49,1,39,D#2,49.25,32,0,0,224,224,0,0,0,0.03
palette-off-chromatic,44100,full-fundamental,medium,40,E2,1742,110,39.50,2.49,1,40,E2,54.24,96,0,0,224,224,0,0,0,0.03
palette-off-chromatic,44100,full-fundamental,soft,40,E2,1742,110,39.50,2.49,1,40,E2,54.24,33,0,0,224,224,0,0,0,0.04
palette-off-chromatic,44100,weak-fundamental,medium,40,E2,1742,110,39.50,2.49,1,40,E2,54.24,93,0,0,224,224,0,0,0,0.03
palette-off-chromatic,44100,weak-fundamental,soft,40,E2,1742,110,39.50,2.49,1,40,E2,54.24,30,0,0,224,224,0,0,0,0.04
palette-off-chromatic,44100,full-fundamental,medium,41,F2,1742,110,39.50,2.49,1,41,F2,54.24,97,0,0,224,224,0,0,0,0.04
palette-off-chromatic,44100,full-fundamental,soft,41,F2,1742,110,39.50,2.49,1,41,F2,54.24,34,0,0,224,224,0,0,0,0.05
palette-off-chromatic,44100,weak-fundamental,medium,41,F2,1742,110,39.50,2.49,1,41,F2,51.75,93,0,0,224,224,0,0,0,0.01
palette-off-chromatic,44100,weak-fundamental,soft,41,F2,1742,110,39.50,2.49,1,41,F2,51.75,30,0,0,224,224,0,0,0,0.03
palette-off-chromatic,44100,full-fundamental,medium,42,F#2,1742,110,39.50,2.49,1,42,F#2,54.24,96,0,0,224,224,0,0,0,0.03
palette-off-chromatic,44100,full-fundamental,soft,42,F#2,1742,110,39.50,2.49,1,42,F#2,54.24,33,0,0,224,224,0,0,0,0.04
palette-off-chromatic,44100,weak-fundamental,medium,42,F#2,1742,110,39.50,2.49,1,42,F#2,51.75,88,0,0,224,224,0,0,0,0.02
palette-off-chromatic,44100,weak-fundamental,soft,42,F#2,1742,110,39.50,2.49,1,42,F#2,51.75,26,0,0,224,224,0,0,0,0.03
palette-off-chromatic,44100,full-fundamental,medium,43,G2,1742,110,39.50,2.49,1,43,G2,51.75,97,0,0,224,224,0,0,0,0.03
palette-off-chromatic,44100,full-fundamental,soft,43,G2,1742,110,39.50,2.49,1,43,G2,51.75,34,0,0,224,224,0,0,0,0.05
palette-off-chromatic,44100,weak-fundamental,medium,43,G2,1742,110,39.50,2.49,1,43,G2,51.75,94,0,0,224,224,0,0,0,0.02
palette-off-chromatic,44100,weak-fundamental,soft,43,G2,1742,110,39.50,2.49,1,43,G2,51.75,31,0,0,224,224,0,0,0,0.02
palette-off-chromatic,44100,full-fundamental,medium,44,G#2,1742,110,39.50,2.49,1,44,G#2,46.76,92,0,0,224,224,0,0,0,0.03
palette-off-chromatic,44100,full-fundamental,soft,44,G#2,1742,110,39.50,2.49,1,44,G#2,46.76,29,0,0,224,224,0,0,0,0.04
palette-off-chromatic,44100,weak-fundamental,medium,44,G#2,1742,110,39.50,2.49,1,44,G#2,46.76,96,0,0,224,224,0,0,0,0.02
palette-off-chromatic,44100,weak-fundamental,soft,44,G#2,1742,110,39.50,2.49,1,44,G#2,46.76,33,0,0,224,224,0,0,0,0.03
palette-off-chromatic,44100,full-fundamental,medium,45,A2,1742,110,39.50,2.49,1,45,A2,44.26,92,0,0,224,224,0,0,0,0.03
palette-off-chromatic,44100,full-fundamental,soft,45,A2,1742,110,39.50,2.49,1,45,A2,44.26,29,0,0,224,224,0,0,0,0.04
palette-off-chromatic,44100,weak-fundamental,medium,45,A2,1742,110,39.50,2.49,1,45,A2,46.76,94,0,0,224,224,0,0,0,0.02
palette-off-chromatic,44100,weak-fundamental,soft,45,A2,1742,110,39.50,2.49,1,45,A2,46.76,31,0,0,224,224,0,0,0,0.03
palette-off-chromatic,44100,full-fundamental,medium,46,A#2,1742,110,39.50,2.49,1,46,A#2,46.76,91,0,0,224,224,0,0,0,0.03
palette-off-chromatic,44100,full-fundamental,soft,46,A#2,1742,110,39.50,2.49,1,46,A#2,46.76,28,0,0,224,224,0,0,0,0.04
palette-off-chromatic,44100,weak-fundamental,medium,46,A#2,1742,110,39.50,2.49,1,46,A#2,46.76,93,0,0,224,224,0,0,0,0.01
palette-off-chromatic,44100,weak-fundamental,soft,46,A#2,1742,110,39.50,2.49,1,46,A#2,46.76,30,0,0,224,224,0,0,0,0.03
palette-off-chromatic,44100,full-fundamental,medium,47,B2,1742,110,39.50,2.49,1,47,B2,46.76,96,0,0,224,224,0,0,0,0.03
palette-off-chromatic,44100,full-fundamental,soft,47,B2,1742,110,39.50,2.49,1,47,B2,46.76,33,0,0,224,224,0,0,0,0.04
palette-off-chromatic,44100,weak-fundamental,medium,47,B2,1742,110,39.50,2.49,1,47,B2,46.76,99,0,0,224,224,0,0,0,0.01
palette-off-chromatic,44100,weak-fundamental,soft,47,B2,1742,110,39.50,2.49,1,47,B2,46.76,36,0,0,224,224,0,0,0,0.03
palette-off-chromatic,44100,full-fundamental,medium,48,C3,1742,110,39.50,2.49,1,48,C3,41.77,93,0,0,224,224,0,0,0,0.03
palette-off-chromatic,44100,full-fundamental,soft,48,C3,1742,110,39.50,2.49,1,48,C3,41.77,31,0,0,224,224,0,0,0,0.04
palette-off-chromatic,44100,weak-fundamental,medium,48,C3,1742,110,39.50,2.49,1,48,C3,39.27,92,0,0,224,224,0,0,0,0.02
palette-off-chromatic,44100,weak-fundamental,soft,48,C3,1742,110,39.50,2.49,1,48,C3,39.27,29,0,0,224,224,0,0,0,0.03
palette-off-chromatic,44100,full-fundamental,medium,49,C#3,1742,110,39.50,2.49,1,49,C#3,41.77,92,0,0,224,224,0,0,0,0.03
palette-off-chromatic,44100,full-fundamental,soft,49,C#3,1742,110,39.50,2.49,1,49,C#3,41.77,29,0,0,224,224,0,0,0,0.05
palette-off-chromatic,44100,weak-fundamental,medium,49,C#3,1742,110,39.50,2.49,1,49,C#3,39.27,93,0,0,224,224,0,0,0,0.02
palette-off-chromatic,44100,weak-fundamental,soft,49,C#3,1742,110,39.50,2.49,1,49,C#3,39.27,30,0,0,224,224,0,0,0,0.03
palette-off-chromatic,44100,full-fundamental,medium,50,D3,1742,110,39.50,2.49,1,50,D3,41.77,100,0,0,224,224,0,0,0,0.02
palette-off-chromatic,44100,full-fundamental,soft,50,D3,1742,110,39.50,2.49,1,50,D3,41.77,37,0,0,224,224,0,0,0,0.04
palette-off-chromatic,44100,weak-fundamental,medium,50,D3,1742,110,39.50,2.49,1,50,D3,41.77,98,0,0,224,224,0,0,0,0.01
palette-off-chromatic,44100,weak-fundamental,soft,50,D3,1742,110,39.50,2.49,1,50,D3,41.77,35,0,0,224,224,0,0,0,0.03
palette-off-chromatic,44100,full-fundamental,medium,51,D#3,1742,110,39.50,2.49,1,51,D#3,41.77,95,0,0,224,224,0,0,0,0.02
palette-off-chromatic,44100,full-fundamental,soft,51,D#3,1742,110,39.50,2.49,1,51,D#3,41.77,33,0,0,224,224,0,0,0,0.04
palette-off-chromatic,44100,weak-fundamental,medium,51,D#3,1742,110,39.50,2.49,1,51,D#3,41.77,90,0,0,224,224,0,0,0,0.01
palette-off-chromatic,44100,weak-fundamental,soft,51,D#3,1742,110,39.50,2.49,1,51,D#3,41.77,27,0,0,224,224,0,0,0,0.03
palette-off-chromatic,44100,full-fundamental,medium,52,E3,1742,110,39.50,2.49,1,52,E3,34.29,97,0,0,224,224,0,0,0,0.02
palette-off-chromatic,44100,full-fundamental,soft,52,E3,1742,110,39.50,2.49,1,52,E3,34.29,34,0,0,224,224,0,0,0,0.04
palette-off-chromatic,44100,weak-fundamental,medium,52,E3,1742,110,39.50,2.49,1,52,E3,34.29,96,0,0,224,224,0,0,0,0.02
palette-off-chromatic,44100,weak-fundamental,soft,52,E3,1742,110,39.50,2.49,1,52,E3,34.29,33,0,0,224,224,0,0,0,0.03
palette-off-chromatic,44100,full-fundamental,medium,53,F3,1742,110,39.50,2.49,1,53,F3,34.29,95,0,0,224,224,0,0,0,0.02
palette-off-chromatic,44100,full-fundamental,soft,53,F3,1742,110,39.50,2.49,1,53,F3,34.29,32,0,0,224,224,0,0,0,0.05
palette-off-chromatic,44100,weak-fundamental,medium,53,F3,1742,110,39.50,2.49,1,53,F3,34.29,89,0,0,224,224,0,0,0,0.01
palette-off-chromatic,44100,weak-fundamental,soft,53,F3,1742,110,39.50,2.49,1,53,F3,34.29,26,0,0,224,224,0,0,0,0.04
palette-off-chromatic,44100,full-fundamental,medium,54,F#3,1742,110,39.50,2.49,1,54,F#3,34.29,93,0,0,224,224,0,0,0,0.02
palette-off-chromatic,44100,full-fundamental,soft,54,F#3,1742,110,39.50,2.49,1,54,F#3,34.29,30,0,0,224,224,0,0,0,0.04
palette-off-chromatic,44100,weak-fundamental,medium,54,F#3,1742,110,39.50,2.49,1,54,F#3,36.78,93,0,0,224,224,0,0,0,0.02
palette-off-chromatic,44100,weak-fundamental,soft,54,F#3,1742,110,39.50,2.49,1,54,F#3,36.78,30,0,0,224,224,0,0,0,0.03
palette-off-chromatic,44100,full-fundamental,medium,55,G3,1742,110,39.50,2.49,1,55,G3,34.29,97,0,0,224,224,0,0,0,0.02
palette-off-chromatic,44100,full-fundamental,soft,55,G3,1742,110,39.50,2.49,1,55,G3,34.29,34,0,0,224,224,0,0,0,0.04
palette-off-chromatic,44100,weak-fundamental,medium,55,G3,1742,110,39.50,2.49,1,55,G3,34.29,90,0,0,224,224,0,0,0,0.02
palette-off-chromatic,44100,weak-fundamental,soft,55,G3,1742,110,39.50,2.49,1,55,G3,34.29,27,0,0,224,224,0,0,0,0.03
palette-off-chromatic,44100,full-fundamental,medium,56,G#3,1742,110,39.50,2.49,1,56,G#3,31.79,99,0,0,224,224,0,0,0,0.02
palette-off-chromatic,44100,full-fundamental,soft,56,G#3,1742,110,39.50,2.49,1,56,G#3,31.79,36,0,0,224,224,0,0,0,0.05
palette-off-chromatic,44100,weak-fundamental,medium,56,G#3,1742,110,39.50,2.49,1,56,G#3,31.79,91,0,0,224,224,0,0,0,0.02
palette-off-chromatic,44100,weak-fundamental,soft,56,G#3,1742,110,39.50,2.49,1,56,G#3,31.79,28,0,0,224,224,0,0,0,0.04
palette-off-chromatic,44100,full-fundamental,medium,57,A3,1742,110,39.50,2.49,1,57,A3,31.79,102,0,0,224,224,0,0,0,0.02
palette-off-chromatic,44100,full-fundamental,soft,57,A3,1742,110,39.50,2.49,1,57,A3,31.79,39,0,0,224,224,0,0,0,0.05
palette-off-chromatic,44100,weak-fundamental,medium,57,A3,1742,110,39.50,2.49,1,57,A3,31.79,97,0,0,224,224,0,0,0,0.02
palette-off-chromatic,44100,weak-fundamental,soft,57,A3,1742,110,39.50,2.49,1,57,A3,31.79,35,0,0,224,224,0,0,0,0.04
palette-off-chromatic,44100,full-fundamental,medium,58,A#3,1742,110,39.50,2.49,1,58,A#3,31.79,98,0,0,224,224,0,0,0,0.04
palette-off-chromatic,44100,full-fundamental,soft,58,A#3,1742,110,39.50,2.49,1,58,A#3,31.79,35,0,0,224,224,0,0,0,0.05
palette-off-chromatic,44100,weak-fundamental,medium,58,A#3,1742,110,39.50,2.49,1,58,A#3,31.79,95,0,0,224,224,0,0,0,0.03
palette-off-chromatic,44100,weak-fundamental,soft,58,A#3,1742,110,39.50,2.49,1,58,A#3,31.79,32,0,0,224,224,0,0,0,0.05
palette-off-chromatic,44100,full-fundamental,medium,59,B3,1742,110,39.50,2.49,1,59,B3,31.79,95,0,0,224,224,0,0,0,0.02
palette-off-chromatic,44100,full-fundamental,soft,59,B3,1742,110,39.50,2.49,1,59,B3,31.79,32,0,0,224,224,0,0,0,0.04
palette-off-chromatic,44100,weak-fundamental,medium,59,B3,1742,110,39.50,2.49,1,59,B3,31.79,94,0,0,224,224,0,0,0,0.01
palette-off-chromatic,44100,weak-fundamental,soft,59,B3,1742,110,39.50,2.49,1,59,B3,31.79,31,0,0,224,224,0,0,0,0.03
palette-off-chromatic,44100,full-fundamental,medium,60,C4,1742,110,39.50,2.49,1,60,C4,26.80,99,0,0,224,224,0,0,0,0.02
palette-off-chromatic,44100,full-fundamental,soft,60,C4,1742,110,39.50,2.49,1,60,C4,26.80,36,0,0,224,224,0,0,0,0.05
palette-off-chromatic,44100,weak-fundamental,medium,60,C4,1742,110,39.50,2.49,1,60,C4,29.30,95,0,0,224,224,0,0,0,0.01
palette-off-chromatic,44100,weak-fundamental,soft,60,C4,1742,110,39.50,2.49,1,60,C4,29.30,32,0,0,224,224,0,0,0,0.04
palette-off-chromatic,44100,full-fundamental,medium,61,C#4,1742,110,39.50,2.49,1,61,C#4,26.80,100,0,0,224,224,0,0,0,0.04
palette-off-chromatic,44100,full-fundamental,soft,61,C#4,1742,110,39.50,2.49,1,61,C#4,26.80,37,0,0,224,224,0,0,0,0.06
palette-off-chromatic,44100,weak-fundamental,medium,61,C#4,1742,110,39.50,2.49,1,61,C#4,29.30,93,0,0,224,224,0,0,0,0.04
palette-off-chromatic,44100,weak-fundamental,soft,61,C#4,1742,110,39.50,2.49,1,61,C#4,29.30,30,0,0,224,224,0,0,0,0.06
palette-off-chromatic,44100,full-fundamental,medium,62,D4,1742,110,39.50,2.49,1,62,D4,29.30,99,0,0,224,224,0,0,0,0.05
palette-off-chromatic,44100,full-fundamental,soft,62,D4,1742,110,39.50,2.49,1,62,D4,29.30,36,0,0,224,224,0,0,0,0.06
palette-off-chromatic,44100,weak-fundamental,medium,62,D4,1742,110,39.50,2.49,1,62,D4,26.80,96,0,0,224,224,0,0,0,0.05
palette-off-chromatic,44100,weak-fundamental,soft,62,D4,1742,110,39.50,2.49,1,62,D4,26.80,33,0,0,224,224,0,0,0,0.07
palette-off-chromatic,44100,full-fundamental,medium,63,D#4,1742,110,39.50,2.49,1,63,D#4,29.30,95,0,0,224,224,0,0,0,0.03
palette-off-chromatic,44100,full-fundamental,soft,63,D#4,1742,110,39.50,2.49,1,63,D#4,29.30,32,0,0,224,224,0,0,0,0.05
palette-off-chromatic,44100,weak-fundamental,medium,63,D#4,1742,110,39.50,2.49,1,63,D#4,29.30,98,0,0,224,224,0,0,0,0.02
palette-off-chromatic,44100,weak-fundamental,soft,63,D#4,1742,110,39.50,2.49,1,63,D#4,29.30,35,0,0,224,224,0,0,0,0.05
palette-off-chromatic,44100,full-fundamental,medium,64,E4,1742,110,39.50,2.49,1,64,E4,26.80,95,0,0,224,224,0,0,0,0.03
palette-off-chromatic,44100,full-fundamental,soft,64,E4,1742,110,39.50,2.49,1,64,E4,26.80,32,0,0,224,224,0,0,0,0.07
palette-off-chromatic,44100,weak-fundamental,medium,64,E4,1742,110,39.50,2.49,1,64,E4,26.80,96,0,0,224,224,0,0,0,0.03
palette-off-chromatic,44100,weak-fundamental,soft,64,E4,1742,110,39.50,2.49,1,64,E4,26.80,33,0,0,224,224,0,0,0,0.05
palette-off-chromatic,44100,full-fundamental,medium,65,F4,1742,110,39.50,2.49,1,65,F4,26.80,101,0,0,224,224,0,0,0,0.07
palette-off-chromatic,44100,full-fundamental,soft,65,F4,1742,110,39.50,2.49,1,65,F4,26.80,38,0,0,224,224,0,0,0,0.09
palette-off-chromatic,44100,weak-fundamental,medium,65,F4,1742,110,39.50,2.49,1,65,F4,26.80,96,0,0,224,224,0,0,0,0.07
palette-off-chromatic,44100,weak-fundamental,soft,65,F4,1742,110,39.50,2.49,1,65,F4,26.80,33,0,0,224,224,0,0,0,0.08
palette-off-chromatic,44100,full-fundamental,medium,66,F#4,1742,110,39.50,2.49,1,66,F#4,26.80,99,0,0,224,224,0,0,0,0.08
palette-off-chromatic,44100,full-fundamental,soft,66,F#4,1742,110,39.50,2.49,1,66,F#4,26.80,37,0,0,224,224,0,0,0,0.10
palette-off-chromatic,44100,weak-fundamental,medium,66,F#4,1742,110,39.50,2.49,1,66,F#4,26.80,95,0,0,224,224,0,0,0,0.09
palette-off-chromatic,44100,weak-fundamental,soft,66,F#4,1742,110,39.50,2.49,1,66,F#4,26.80,32,0,0,224,224,0,0,0,0.09
palette-off-chromatic,44100,full-fundamental,medium,67,G4,1742,110,39.50,2.49,1,67,G4,26.80,95,0,0,224,224,0,0,0,0.02
palette-off-chromatic,44100,full-fundamental,soft,67,G4,1742,110,39.50,2.49,1,67,G4,26.80,32,0,0,224,224,0,0,0,0.06
palette-off-chromatic,44100,weak-fundamental,medium,67,G4,1742,110,39.50,2.49,1,67,G4,26.80,89,0,0,224,224,0,0,0,0.02
palette-off-chromatic,44100,weak-fundamental,soft,67,G4,1742,110,39.50,2.49,1,67,G4,26.80,26,0,0,224,224,0,0,0,0.04
palette-off-written-octave-up,44100,full-fundamental,medium,28,E1,1742,110,39.50,2.49,1,28,E1,69.21,97,0,0,224,224,0,0,0,0.14
palette-off-written-octave-up,44100,full-fundamental,soft,28,E1,1742,110,39.50,2.49,1,28,E1,69.21,34,0,0,224,224,0,0,0,0.15
palette-off-written-octave-up,44100,weak-fundamental,medium,28,E1,1742,110,39.50,2.49,1,28,E1,74.20,99,0,0,224,224,0,0,0,0.06
palette-off-written-octave-up,44100,weak-fundamental,soft,28,E1,1742,110,39.50,2.49,1,28,E1,74.20,36,0,0,224,224,0,0,0,0.07
palette-off-written-octave-up,44100,full-fundamental,medium,29,F1,1742,110,39.50,2.49,1,29,F1,69.21,99,0,0,224,224,0,0,0,0.11
palette-off-written-octave-up,44100,full-fundamental,soft,29,F1,1742,110,39.50,2.49,1,29,F1,69.21,36,0,0,224,224,0,0,0,0.13
palette-off-written-octave-up,44100,weak-fundamental,medium,29,F1,1742,110,39.50,2.49,1,29,F1,74.20,95,0,0,224,224,0,0,0,0.07
palette-off-written-octave-up,44100,weak-fundamental,soft,29,F1,1742,110,39.50,2.49,1,29,F1,74.20,32,0,0,224,224,0,0,0,0.07
palette-off-written-octave-up,44100,full-fundamental,medium,30,F#1,1742,110,39.50,2.49,1,30,F#1,74.20,96,0,0,224,224,0,0,0,0.12
palette-off-written-octave-up,44100,full-fundamental,soft,30,F#1,1742,110,39.50,2.49,1,30,F#1,74.20,33,0,0,224,224,0,0,0,0.14
palette-off-written-octave-up,44100,weak-fundamental,medium,30,F#1,1742,110,39.50,2.49,1,30,F#1,74.20,91,0,0,224,224,0,0,0,0.08
palette-off-written-octave-up,44100,weak-fundamental,soft,30,F#1,1742,110,39.50,2.49,1,30,F#1,74.20,28,0,0,224,224,0,0,0,0.08
palette-off-written-octave-up,44100,full-fundamental,medium,31,G1,1742,110,39.50,2.49,1,31,G1,74.20,100,0,0,224,224,0,0,0,0.10
palette-off-written-octave-up,44100,full-fundamental,soft,31,G1,1742,110,39.50,2.49,1,31,G1,74.20,37,0,0,224,224,0,0,0,0.10
palette-off-written-octave-up,44100,weak-fundamental,medium,31,G1,1742,110,39.50,2.49,1,31,G1,74.20,94,0,0,224,224,0,0,0,0.06
palette-off-written-octave-up,44100,weak-fundamental,soft,31,G1,1742,110,39.50,2.49,1,31,G1,74.20,31,0,0,224,224,0,0,0,0.06
palette-off-written-octave-up,44100,full-fundamental,medium,32,G#1,1742,110,39.50,2.49,1,32,G#1,69.21,99,0,0,224,224,0,0,0,0.13
palette-off-written-octave-up,44100,full-fundamental,soft,32,G#1,1742,110,39.50,2.49,1,32,G#1,69.21,36,0,0,224,224,0,0,0,0.12
palette-off-written-octave-up,44100,weak-fundamental,medium,32,G#1,1742,110,39.50,2.49,1,32,G#1,69.21,91,0,0,224,224,0,0,0,0.06
palette-off-written-octave-up,44100,weak-fundamental,soft,32,G#1,1742,110,39.50,2.49,1,32,G#1,69.21,28,0,0,224,224,0,0,0,0.07
palette-off-written-octave-up,44100,full-fundamental,medium,33,A1,1742,110,39.50,2.49,1,33,A1,69.21,94,0,0,224,224,0,0,0,0.13
palette-off-written-octave-up,44100,full-fundamental,soft,33,A1,1742,110,39.50,2.49,1,33,A1,69.21,31,0,0,224,224,0,0,0,0.14
palette-off-written-octave-up,44100,weak-fundamental,medium,33,A1,1742,110,39.50,2.49,1,33,A1,66.71,95,0,0,224,224,0,0,0,0.06
palette-off-written-octave-up,44100,weak-fundamental,soft,33,A1,1742,110,39.50,2.49,1,33,A1,66.71,32,0,0,224,224,0,0,0,0.08
palette-off-written-octave-up,44100,full-fundamental,medium,34,A#1,1742,110,39.50,2.49,1,34,A#1,69.21,99,0,0,224,224,0,0,0,0.09
palette-off-written-octave-up,44100,full-fundamental,soft,34,A#1,1742,110,39.50,2.49,1,34,A#1,69.21,36,0,0,224,224,0,0,0,0.10
palette-off-written-octave-up,44100,weak-fundamental,medium,34,A#1,1742,110,39.50,2.49,1,34,A#1,69.21,93,0,0,224,224,0,0,0,0.05
palette-off-written-octave-up,44100,weak-fundamental,soft,34,A#1,1742,110,39.50,2.49,1,34,A#1,69.21,30,0,0,224,224,0,0,0,0.05
palette-off-written-octave-up,44100,full-fundamental,medium,35,B1,1742,110,39.50,2.49,1,35,B1,69.21,92,0,0,224,224,0,0,0,0.08
palette-off-written-octave-up,44100,full-fundamental,soft,35,B1,1742,110,39.50,2.49,1,35,B1,69.21,29,0,0,224,224,0,0,0,0.09
palette-off-written-octave-up,44100,weak-fundamental,medium,35,B1,1742,110,39.50,2.49,1,35,B1,66.71,101,0,0,224,224,0,0,0,0.03
palette-off-written-octave-up,44100,weak-fundamental,soft,35,B1,1742,110,39.50,2.49,1,35,B1,66.71,38,0,0,224,224,0,0,0,0.05
palette-off-written-octave-up,44100,full-fundamental,medium,36,C2,1742,110,39.50,2.49,1,36,C2,64.22,91,0,0,224,224,0,0,0,0.11
palette-off-written-octave-up,44100,full-fundamental,soft,36,C2,1742,110,39.50,2.49,1,36,C2,64.22,28,0,0,224,224,0,0,0,0.11
palette-off-written-octave-up,44100,weak-fundamental,medium,36,C2,1742,110,39.50,2.49,1,36,C2,61.72,99,0,0,224,224,0,0,0,0.04
palette-off-written-octave-up,44100,weak-fundamental,soft,36,C2,1742,110,39.50,2.49,1,36,C2,61.72,36,0,0,224,224,0,0,0,0.05
palette-off-written-octave-up,44100,full-fundamental,medium,37,C#2,1742,110,39.50,2.49,1,37,C#2,61.72,94,0,0,224,224,0,0,0,0.08
palette-off-written-octave-up,44100,full-fundamental,soft,37,C#2,1742,110,39.50,2.49,1,37,C#2,61.72,31,0,0,224,224,0,0,0,0.09
palette-off-written-octave-up,44100,weak-fundamental,medium,37,C#2,1742,110,39.50,2.49,1,37,C#2,61.72,91,0,0,224,224,0,0,0,0.05
palette-off-written-octave-up,44100,weak-fundamental,soft,37,C#2,1742,110,39.50,2.49,1,37,C#2,61.72,28,0,0,224,224,0,0,0,0.06
palette-off-written-octave-up,44100,full-fundamental,medium,38,D2,1742,110,39.50,2.49,1,38,D2,61.72,93,0,0,224,224,0,0,0,0.11
palette-off-written-octave-up,44100,full-fundamental,soft,38,D2,1742,110,39.50,2.49,1,38,D2,61.72,30,0,0,224,224,0,0,0,0.11
palette-off-written-octave-up,44100,weak-fundamental,medium,38,D2,1742,110,39.50,2.49,1,38,D2,61.72,95,0,0,224,224,0,0,0,0.04
palette-off-written-octave-up,44100,weak-fundamental,soft,38,D2,1742,110,39.50,2.49,1,38,D2,61.72,33,0,0,224,224,0,0,0,0.05
palette-off-written-octave-up,44100,full-fundamental,medium,39,D#2,1742,110,39.50,2.49,1,39,D#2,76.69,97,0,0,224,224,0,0,0,0.01
palette-off-written-octave-up,44100,full-fundamental,soft,39,D#2,1742,110,39.50,2.49,1,39,D#2,76.69,34,0,0,224,224,0,0,0,0.04
palette-off-written-octave-up,44100,weak-fundamental,medium,39,D#2,1742,110,39.50,2.49,1,39,D#2,71.70,94,0,0,224,224,0,0,0,0.01
palette-off-written-octave-up,44100,weak-fundamental,soft,39,D#2,1742,110,39.50,2.49,1,39,D#2,71.70,32,0,0,224,224,0,0,0,0.03
palette-off-written-octave-up,44100,full-fundamental,medium,40,E2,1742,110,39.50,2.49,1,40,E2,76.69,96,0,0,224,224,0,0,0,0.03
palette-off-written-octave-up,44100,full-fundamental,soft,40,E2,1742,110,39.50,2.49,1,40,E2,76.69,33,0,0,224,224,0,0,0,0.04
palette-off-written-octave-up,44100,weak-fundamental,medium,40,E2,1742,110,39.50,2.49,1,40,E2,76.69,93,0,0,224,224,0,0,0,0.03
palette-off-written-octave-up,44100,weak-fundamental,soft,40,E2,1742,110,39.50,2.49,1,40,E2,76.69,30,0,0,224,224,0,0,0,0.04
palette-off-written-octave-up,44100,full-fundamental,medium,41,F2,1742,110,39.50,2.49,1,41,F2,76.69,97,0,0,224,224,0,0,0,0.04
palette-off-written-octave-up,44100,full-fundamental,soft,41,F2,1742,110,39.50,2.49,1,41,F2,76.69,34,0,0,224,224,0,0,0,0.05
palette-off-written-octave-up,44100,weak-fundamental,medium,41,F2,1742,110,39.50,2.49,1,41,F2,74.20,93,0,0,224,224,0,0,0,0.01
palette-off-written-octave-up,44100,weak-fundamental,soft,41,F2,1742,110,39.50,2.49,1,41,F2,74.20,30,0,0,224,224,0,0,0,0.03
palette-off-written-octave-up,44100,full-fundamental,medium,42,F#2,1742,110,39.50,2.49,1,42,F#2,76.69,96,0,0,224,224,0,0,0,0.03
palette-off-written-octave-up,44100,full-fundamental,soft,42,F#2,1742,110,39.50,2.49,1,42,F#2,76.69,33,0,0,224,224,0,0,0,0.04
palette-off-written-octave-up,44100,weak-fundamental,medium,42,F#2,1742,110,39.50,2.49,1,42,F#2,74.20,88,0,0,224,224,0,0,0,0.02
palette-off-written-octave-up,44100,weak-fundamental,soft,42,F#2,1742,110,39.50,2.49,1,42,F#2,74.20,26,0,0,224,224,0,0,0,0.03
palette-off-written-octave-up,44100,full-fundamental,medium,43,G2,1742,110,39.50,2.49,1,43,G2,74.20,97,0,0,224,224,0,0,0,0.03
palette-off-written-octave-up,44100,full-fundamental,soft,43,G2,1742,110,39.50,2.49,1,43,G2,74.20,34,0,0,224,224,0,0,0,0.05
palette-off-written-octave-up,44100,weak-fundamental,medium,43,G2,1742,110,39.50,2.49,1,43,G2,74.20,94,0,0,224,224,0,0,0,0.02
palette-off-written-octave-up,44100,weak-fundamental,soft,43,G2,1742,110,39.50,2.49,1,43,G2,74.20,31,0,0,224,224,0,0,0,0.02
palette-off-written-octave-up,44100,full-fundamental,medium,44,G#2,1742,110,39.50,2.49,1,44,G#2,69.21,92,0,0,224,224,0,0,0,0.03
palette-off-written-octave-up,44100,full-fundamental,soft,44,G#2,1742,110,39.50,2.49,1,44,G#2,69.21,29,0,0,224,224,0,0,0,0.04
palette-off-written-octave-up,44100,weak-fundamental,medium,44,G#2,1742,110,39.50,2.49,1,44,G#2,69.21,96,0,0,224,224,0,0,0,0.02
palette-off-written-octave-up,44100,weak-fundamental,soft,44,G#2,1742,110,39.50,2.49,1,44,G#2,69.21,33,0,0,224,224,0,0,0,0.03
palette-off-written-octave-up,44100,full-fundamental,medium,45,A2,1742,110,39.50,2.49,1,45,A2,66.71,92,0,0,224,224,0,0,0,0.03
palette-off-written-octave-up,44100,full-fundamental,soft,45,A2,1742,110,39.50,2.49,1,45,A2,66.71,29,0,0,224,224,0,0,0,0.04
palette-off-written-octave-up,44100,weak-fundamental,medium,45,A2,1742,110,39.50,2.49,1,45,A2,69.21,94,0,0,224,224,0,0,0,0.02
palette-off-written-octave-up,44100,weak-fundamental,soft,45,A2,1742,110,39.50,2.49,1,45,A2,69.21,31,0,0,224,224,0,0,0,0.03
palette-off-written-octave-up,44100,full-fundamental,medium,46,A#2,1742,110,39.50,2.49,1,46,A#2,69.21,91,0,0,224,224,0,0,0,0.03
palette-off-written-octave-up,44100,full-fundamental,soft,46,A#2,1742,110,39.50,2.49,1,46,A#2,69.21,28,0,0,224,224,0,0,0,0.04
palette-off-written-octave-up,44100,weak-fundamental,medium,46,A#2,1742,110,39.50,2.49,1,46,A#2,69.21,93,0,0,224,224,0,0,0,0.01
palette-off-written-octave-up,44100,weak-fundamental,soft,46,A#2,1742,110,39.50,2.49,1,46,A#2,69.21,30,0,0,224,224,0,0,0,0.03
palette-off-written-octave-up,44100,full-fundamental,medium,47,B2,1742,110,39.50,2.49,1,47,B2,69.21,96,0,0,224,224,0,0,0,0.03
palette-off-written-octave-up,44100,full-fundamental,soft,47,B2,1742,110,39.50,2.49,1,47,B2,69.21,33,0,0,224,224,0,0,0,0.04
palette-off-written-octave-up,44100,weak-fundamental,medium,47,B2,1742,110,39.50,2.49,1,47,B2,69.21,99,0,0,224,224,0,0,0,0.01
palette-off-written-octave-up,44100,weak-fundamental,soft,47,B2,1742,110,39.50,2.49,1,47,B2,69.21,36,0,0,224,224,0,0,0,0.03
palette-off-written-octave-up,44100,full-fundamental,medium,48,C3,1742,110,39.50,2.49,1,48,C3,64.22,93,0,0,224,224,0,0,0,0.03
palette-off-written-octave-up,44100,full-fundamental,soft,48,C3,1742,110,39.50,2.49,1,48,C3,64.22,31,0,0,224,224,0,0,0,0.04
palette-off-written-octave-up,44100,weak-fundamental,medium,48,C3,1742,110,39.50,2.49,1,48,C3,61.72,92,0,0,224,224,0,0,0,0.02
palette-off-written-octave-up,44100,weak-fundamental,soft,48,C3,1742,110,39.50,2.49,1,48,C3,61.72,29,0,0,224,224,0,0,0,0.03
palette-off-written-octave-up,44100,full-fundamental,medium,49,C#3,1742,110,39.50,2.49,1,49,C#3,64.22,92,0,0,224,224,0,0,0,0.03
palette-off-written-octave-up,44100,full-fundamental,soft,49,C#3,1742,110,39.50,2.49,1,49,C#3,64.22,29,0,0,224,224,0,0,0,0.05
palette-off-written-octave-up,44100,weak-fundamental,medium,49,C#3,1742,110,39.50,2.49,1,49,C#3,61.72,93,0,0,224,224,0,0,0,0.02
palette-off-written-octave-up,44100,weak-fundamental,soft,49,C#3,1742,110,39.50,2.49,1,49,C#3,61.72,30,0,0,224,224,0,0,0,0.03
palette-off-written-octave-up,44100,full-fundamental,medium,50,D3,1742,110,39.50,2.49,1,50,D3,64.22,100,0,0,224,224,0,0,0,0.02
palette-off-written-octave-up,44100,full-fundamental,soft,50,D3,1742,110,39.50,2.49,1,50,D3,64.22,37,0,0,224,224,0,0,0,0.04
palette-off-written-octave-up,44100,weak-fundamental,medium,50,D3,1742,110,39.50,2.49,1,50,D3,64.22,98,0,0,224,224,0,0,0,0.01
palette-off-written-octave-up,44100,weak-fundamental,soft,50,D3,1742,110,39.50,2.49,1,50,D3,64.22,35,0,0,224,224,0,0,0,0.03
palette-off-written-octave-up,44100,full-fundamental,medium,51,D#3,1742,110,39.50,2.49,1,51,D#3,64.22,95,0,0,224,224,0,0,0,0.02
palette-off-written-octave-up,44100,full-fundamental,soft,51,D#3,1742,110,39.50,2.49,1,51,D#3,64.22,33,0,0,224,224,0,0,0,0.04
palette-off-written-octave-up,44100,weak-fundamental,medium,51,D#3,1742,110,39.50,2.49,1,51,D#3,64.22,90,0,0,224,224,0,0,0,0.01
palette-off-written-octave-up,44100,weak-fundamental,soft,51,D#3,1742,110,39.50,2.49,1,51,D#3,64.22,27,0,0,224,224,0,0,0,0.03
palette-off-written-octave-up,44100,full-fundamental,medium,52,E3,1742,110,39.50,2.49,1,52,E3,56.73,97,0,0,224,224,0,0,0,0.02
palette-off-written-octave-up,44100,full-fundamental,soft,52,E3,1742,110,39.50,2.49,1,52,E3,56.73,34,0,0,224,224,0,0,0,0.04
palette-off-written-octave-up,44100,weak-fundamental,medium,52,E3,1742,110,39.50,2.49,1,52,E3,56.73,96,0,0,224,224,0,0,0,0.02
palette-off-written-octave-up,44100,weak-fundamental,soft,52,E3,1742,110,39.50,2.49,1,52,E3,56.73,33,0,0,224,224,0,0,0,0.03
palette-off-written-octave-up,44100,full-fundamental,medium,53,F3,1742,110,39.50,2.49,1,53,F3,56.73,95,0,0,224,224,0,0,0,0.02
palette-off-written-octave-up,44100,full-fundamental,soft,53,F3,1742,110,39.50,2.49,1,53,F3,56.73,32,0,0,224,224,0,0,0,0.05
palette-off-written-octave-up,44100,weak-fundamental,medium,53,F3,1742,110,39.50,2.49,1,53,F3,56.73,89,0,0,224,224,0,0,0,0.01
palette-off-written-octave-up,44100,weak-fundamental,soft,53,F3,1742,110,39.50,2.49,1,53,F3,56.73,26,0,0,224,224,0,0,0,0.04
palette-off-written-octave-up,44100,full-fundamental,medium,54,F#3,1742,110,39.50,2.49,1,54,F#3,56.73,93,0,0,224,224,0,0,0,0.02
palette-off-written-octave-up,44100,full-fundamental,soft,54,F#3,1742,110,39.50,2.49,1,54,F#3,56.73,30,0,0,224,224,0,0,0,0.04
palette-off-written-octave-up,44100,weak-fundamental,medium,54,F#3,1742,110,39.50,2.49,1,54,F#3,59.23,93,0,0,224,224,0,0,0,0.02
palette-off-written-octave-up,44100,weak-fundamental,soft,54,F#3,1742,110,39.50,2.49,1,54,F#3,59.23,30,0,0,224,224,0,0,0,0.03
palette-off-written-octave-up,44100,full-fundamental,medium,55,G3,1742,110,39.50,2.49,1,55,G3,56.73,97,0,0,224,224,0,0,0,0.02
palette-off-written-octave-up,44100,full-fundamental,soft,55,G3,1742,110,39.50,2.49,1,55,G3,56.73,34,0,0,224,224,0,0,0,0.04
palette-off-written-octave-up,44100,weak-fundamental,medium,55,G3,1742,110,39.50,2.49,1,55,G3,56.73,90,0,0,224,224,0,0,0,0.02
palette-off-written-octave-up,44100,weak-fundamental,soft,55,G3,1742,110,39.50,2.49,1,55,G3,56.73,27,0,0,224,224,0,0,0,0.03
palette-off-written-octave-up,44100,full-fundamental,medium,56,G#3,1742,110,39.50,2.49,1,56,G#3,54.24,99,0,0,224,224,0,0,0,0.02
palette-off-written-octave-up,44100,full-fundamental,soft,56,G#3,1742,110,39.50,2.49,1,56,G#3,54.24,36,0,0,224,224,0,0,0,0.05
palette-off-written-octave-up,44100,weak-fundamental,medium,56,G#3,1742,110,39.50,2.49,1,56,G#3,54.24,91,0,0,224,224,0,0,0,0.02
palette-off-written-octave-up,44100,weak-fundamental,soft,56,G#3,1742,110,39.50,2.49,1,56,G#3,54.24,28,0,0,224,224,0,0,0,0.04
palette-off-written-octave-up,44100,full-fundamental,medium,57,A3,1742,110,39.50,2.49,1,57,A3,54.24,102,0,0,224,224,0,0,0,0.02
palette-off-written-octave-up,44100,full-fundamental,soft,57,A3,1742,110,39.50,2.49,1,57,A3,54.24,39,0,0,224,224,0,0,0,0.05
palette-off-written-octave-up,44100,weak-fundamental,medium,57,A3,1742,110,39.50,2.49,1,57,A3,54.24,97,0,0,224,224,0,0,0,0.02
palette-off-written-octave-up,44100,weak-fundamental,soft,57,A3,1742,110,39.50,2.49,1,57,A3,54.24,35,0,0,224,224,0,0,0,0.04
palette-off-written-octave-up,44100,full-fundamental,medium,58,A#3,1742,110,39.50,2.49,1,58,A#3,54.24,98,0,0,224,224,0,0,0,0.04
palette-off-written-octave-up,44100,full-fundamental,soft,58,A#3,1742,110,39.50,2.49,1,58,A#3,54.24,35,0,0,224,224,0,0,0,0.05
palette-off-written-octave-up,44100,weak-fundamental,medium,58,A#3,1742,110,39.50,2.49,1,58,A#3,54.24,95,0,0,224,224,0,0,0,0.03
palette-off-written-octave-up,44100,weak-fundamental,soft,58,A#3,1742,110,39.50,2.49,1,58,A#3,54.24,32,0,0,224,224,0,0,0,0.05
palette-off-written-octave-up,44100,full-fundamental,medium,59,B3,1742,110,39.50,2.49,1,59,B3,54.24,95,0,0,224,224,0,0,0,0.02
palette-off-written-octave-up,44100,full-fundamental,soft,59,B3,1742,110,39.50,2.49,1,59,B3,54.24,32,0,0,224,224,0,0,0,0.04
palette-off-written-octave-up,44100,weak-fundamental,medium,59,B3,1742,110,39.50,2.49,1,59,B3,54.24,94,0,0,224,224,0,0,0,0.01
palette-off-written-octave-up,44100,weak-fundamental,soft,59,B3,1742,110,39.50,2.49,1,59,B3,54.24,31,0,0,224,224,0,0,0,0.03
palette-off-written-octave-up,44100,full-fundamental,medium,60,C4,1742,110,39.50,2.49,1,60,C4,49.25,99,0,0,224,224,0,0,0,0.02
palette-off-written-octave-up,44100,full-fundamental,soft,60,C4,1742,110,39.50,2.49,1,60,C4,49.25,36,0,0,224,224,0,0,0,0.05
palette-off-written-octave-up,44100,weak-fundamental,medium,60,C4,1742,110,39.50,2.49,1,60,C4,51.75,95,0,0,224,224,0,0,0,0.01
palette-off-written-octave-up,44100,weak-fundamental,soft,60,C4,1742,110,39.50,2.49,1,60,C4,51.75,32,0,0,224,224,0,0,0,0.04
palette-off-written-octave-up,44100,full-fundamental,medium,61,C#4,1742,110,39.50,2.49,1,61,C#4,49.25,100,0,0,224,224,0,0,0,0.04
palette-off-written-octave-up,44100,full-fundamental,soft,61,C#4,1742,110,39.50,2.49,1,61,C#4,49.25,37,0,0,224,224,0,0,0,0.06
palette-off-written-octave-up,44100,weak-fundamental,medium,61,C#4,1742,110,39.50,2.49,1,61,C#4,51.75,93,0,0,224,224,0,0,0,0.04
palette-off-written-octave-up,44100,weak-fundamental,soft,61,C#4,1742,110,39.50,2.49,1,61,C#4,51.75,30,0,0,224,224,0,0,0,0.06
palette-off-written-octave-up,44100,full-fundamental,medium,62,D4,1742,110,39.50,2.49,1,62,D4,51.75,99,0,0,224,224,0,0,0,0.05
palette-off-written-octave-up,44100,full-fundamental,soft,62,D4,1742,110,39.50,2.49,1,62,D4,51.75,36,0,0,224,224,0,0,0,0.06
palette-off-written-octave-up,44100,weak-fundamental,medium,62,D4,1742,110,39.50,2.49,1,62,D4,49.25,96,0,0,224,224,0,0,0,0.05
palette-off-written-octave-up,44100,weak-fundamental,soft,62,D4,1742,110,39.50,2.49,1,62,D4,49.25,33,0,0,224,224,0,0,0,0.07
palette-off-written-octave-up,44100,full-fundamental,medium,63,D#4,1742,110,39.50,2.49,1,63,D#4,51.75,95,0,0,224,224,0,0,0,0.03
palette-off-written-octave-up,44100,full-fundamental,soft,63,D#4,1742,110,39.50,2.49,1,63,D#4,51.75,32,0,0,224,224,0,0,0,0.05
palette-off-written-octave-up,44100,weak-fundamental,medium,63,D#4,1742,110,39.50,2.49,1,63,D#4,51.75,98,0,0,224,224,0,0,0,0.02
palette-off-written-octave-up,44100,weak-fundamental,soft,63,D#4,1742,110,39.50,2.49,1,63,D#4,51.75,35,0,0,224,224,0,0,0,0.05
palette-off-written-octave-up,44100,full-fundamental,medium,64,E4,1742,110,39.50,2.49,1,64,E4,49.25,95,0,0,224,224,0,0,0,0.03
palette-off-written-octave-up,44100,full-fundamental,soft,64,E4,1742,110,39.50,2.49,1,64,E4,49.25,32,0,0,224,224,0,0,0,0.07
palette-off-written-octave-up,44100,weak-fundamental,medium,64,E4,1742,110,39.50,2.49,1,64,E4,49.25,96,0,0,224,224,0,0,0,0.03
palette-off-written-octave-up,44100,weak-fundamental,soft,64,E4,1742,110,39.50,2.49,1,64,E4,49.25,33,0,0,224,224,0,0,0,0.05
palette-off-written-octave-up,44100,full-fundamental,medium,65,F4,1742,110,39.50,2.49,1,65,F4,49.25,101,0,0,224,224,0,0,0,0.07
palette-off-written-octave-up,44100,full-fundamental,soft,65,F4,1742,110,39.50,2.49,1,65,F4,49.25,38,0,0,224,224,0,0,0,0.09
palette-off-written-octave-up,44100,weak-fundamental,medium,65,F4,1742,110,39.50,2.49,1,65,F4,49.25,96,0,0,224,224,0,0,0,0.07
palette-off-written-octave-up,44100,weak-fundamental,soft,65,F4,1742,110,39.50,2.49,1,65,F4,49.25,33,0,0,224,224,0,0,0,0.08
palette-off-written-octave-up,44100,full-fundamental,medium,66,F#4,1742,110,39.50,2.49,1,66,F#4,49.25,99,0,0,224,224,0,0,0,0.08
palette-off-written-octave-up,44100,full-fundamental,soft,66,F#4,1742,110,39.50,2.49,1,66,F#4,49.25,37,0,0,224,224,0,0,0,0.10
palette-off-written-octave-up,44100,weak-fundamental,medium,66,F#4,1742,110,39.50,2.49,1,66,F#4,49.25,95,0,0,224,224,0,0,0,0.09
palette-off-written-octave-up,44100,weak-fundamental,soft,66,F#4,1742,110,39.50,2.49,1,66,F#4,49.25,32,0,0,224,224,0,0,0,0.09
palette-off-written-octave-up,44100,full-fundamental,medium,67,G4,1742,110,39.50,2.49,1,67,G4,49.25,95,0,0,224,224,0,0,0,0.02
palette-off-written-octave-up,44100,full-fundamental,soft,67,G4,1742,110,39.50,2.49,1,67,G4,49.25,32,0,0,224,224,0,0,0,0.06
palette-off-written-octave-up,44100,weak-fundamental,medium,67,G4,1742,110,39.50,2.49,1,67,G4,49.25,89,0,0,224,224,0,0,0,0.02
palette-off-written-octave-up,44100,weak-fundamental,soft,67,G4,1742,110,39.50,2.49,1,67,G4,49.25,26,0,0,224,224,0,0,0,0.04
palette-off-written-octave-down,44100,full-fundamental,medium,28,E1,1742,110,39.50,2.49,1,28,E1,69.21,97,0,0,224,224,0,0,0,0.14
palette-off-written-octave-down,44100,full-fundamental,soft,28,E1,1742,110,39.50,2.49,1,28,E1,69.21,34,0,0,224,224,0,0,0,0.15
palette-off-written-octave-down,44100,weak-fundamental,medium,28,E1,1742,110,39.50,2.49,1,28,E1,74.20,99,0,0,224,224,0,0,0,0.06
palette-off-written-octave-down,44100,weak-fundamental,soft,28,E1,1742,110,39.50,2.49,1,28,E1,74.20,36,0,0,224,224,0,0,0,0.07
palette-off-written-octave-down,44100,full-fundamental,medium,29,F1,1742,110,39.50,2.49,1,29,F1,69.21,99,0,0,224,224,0,0,0,0.11
palette-off-written-octave-down,44100,full-fundamental,soft,29,F1,1742,110,39.50,2.49,1,29,F1,69.21,36,0,0,224,224,0,0,0,0.13
palette-off-written-octave-down,44100,weak-fundamental,medium,29,F1,1742,110,39.50,2.49,1,29,F1,74.20,95,0,0,224,224,0,0,0,0.07
palette-off-written-octave-down,44100,weak-fundamental,soft,29,F1,1742,110,39.50,2.49,1,29,F1,74.20,32,0,0,224,224,0,0,0,0.07
palette-off-written-octave-down,44100,full-fundamental,medium,30,F#1,1742,110,39.50,2.49,1,30,F#1,74.20,96,0,0,224,224,0,0,0,0.12
palette-off-written-octave-down,44100,full-fundamental,soft,30,F#1,1742,110,39.50,2.49,1,30,F#1,74.20,33,0,0,224,224,0,0,0,0.14
palette-off-written-octave-down,44100,weak-fundamental,medium,30,F#1,1742,110,39.50,2.49,1,30,F#1,74.20,91,0,0,224,224,0,0,0,0.08
palette-off-written-octave-down,44100,weak-fundamental,soft,30,F#1,1742,110,39.50,2.49,1,30,F#1,74.20,28,0,0,224,224,0,0,0,0.08
palette-off-written-octave-down,44100,full-fundamental,medium,31,G1,1742,110,39.50,2.49,1,31,G1,74.20,100,0,0,224,224,0,0,0,0.10
palette-off-written-octave-down,44100,full-fundamental,soft,31,G1,1742,110,39.50,2.49,1,31,G1,74.20,37,0,0,224,224,0,0,0,0.10
palette-off-written-octave-down,44100,weak-fundamental,medium,31,G1,1742,110,39.50,2.49,1,31,G1,74.20,94,0,0,224,224,0,0,0,0.06
palette-off-written-octave-down,44100,weak-fundamental,soft,31,G1,1742,110,39.50,2.49,1,31,G1,74.20,31,0,0,224,224,0,0,0,0.06
palette-off-written-octave-down,44100,full-fundamental,medium,32,G#1,1742,110,39.50,2.49,1,32,G#1,69.21,99,0,0,224,224,0,0,0,0.13
palette-off-written-octave-down,44100,full-fundamental,soft,32,G#1,1742,110,39.50,2.49,1,32,G#1,69.21,36,0,0,224,224,0,0,0,0.12
palette-off-written-octave-down,44100,weak-fundamental,medium,32,G#1,1742,110,39.50,2.49,1,32,G#1,69.21,91,0,0,224,224,0,0,0,0.06
palette-off-written-octave-down,44100,weak-fundamental,soft,32,G#1,1742,110,39.50,2.49,1,32,G#1,69.21,28,0,0,224,224,0,0,0,0.07
palette-off-written-octave-down,44100,full-fundamental,medium,33,A1,1742,110,39.50,2.49,1,33,A1,69.21,94,0,0,224,224,0,0,0,0.13
palette-off-written-octave-down,44100,full-fundamental,soft,33,A1,1742,110,39.50,2.49,1,33,A1,69.21,31,0,0,224,224,0,0,0,0.14
palette-off-written-octave-down,44100,weak-fundamental,medium,33,A1,1742,110,39.50,2.49,1,33,A1,66.71,95,0,0,224,224,0,0,0,0.06
palette-off-written-octave-down,44100,weak-fundamental,soft,33,A1,1742,110,39.50,2.49,1,33,A1,66.71,32,0,0,224,224,0,0,0,0.08
palette-off-written-octave-down,44100,full-fundamental,medium,34,A#1,1742,110,39.50,2.49,1,34,A#1,69.21,99,0,0,224,224,0,0,0,0.09
palette-off-written-octave-down,44100,full-fundamental,soft,34,A#1,1742,110,39.50,2.49,1,34,A#1,69.21,36,0,0,224,224,0,0,0,0.10
palette-off-written-octave-down,44100,weak-fundamental,medium,34,A#1,1742,110,39.50,2.49,1,34,A#1,69.21,93,0,0,224,224,0,0,0,0.05
palette-off-written-octave-down,44100,weak-fundamental,soft,34,A#1,1742,110,39.50,2.49,1,34,A#1,69.21,30,0,0,224,224,0,0,0,0.05
palette-off-written-octave-down,44100,full-fundamental,medium,35,B1,1742,110,39.50,2.49,1,35,B1,69.21,92,0,0,224,224,0,0,0,0.08
palette-off-written-octave-down,44100,full-fundamental,soft,35,B1,1742,110,39.50,2.49,1,35,B1,69.21,29,0,0,224,224,0,0,0,0.09
palette-off-written-octave-down,44100,weak-fundamental,medium,35,B1,1742,110,39.50,2.49,1,35,B1,66.71,101,0,0,224,224,0,0,0,0.03
palette-off-written-octave-down,44100,weak-fundamental,soft,35,B1,1742,110,39.50,2.49,1,35,B1,66.71,38,0,0,224,224,0,0,0,0.05
palette-off-written-octave-down,44100,full-fundamental,medium,36,C2,1742,110,39.50,2.49,1,36,C2,64.22,91,0,0,224,224,0,0,0,0.11
palette-off-written-octave-down,44100,full-fundamental,soft,36,C2,1742,110,39.50,2.49,1,36,C2,64.22,28,0,0,224,224,0,0,0,0.11
palette-off-written-octave-down,44100,weak-fundamental,medium,36,C2,1742,110,39.50,2.49,1,36,C2,61.72,99,0,0,224,224,0,0,0,0.04
palette-off-written-octave-down,44100,weak-fundamental,soft,36,C2,1742,110,39.50,2.49,1,36,C2,61.72,36,0,0,224,224,0,0,0,0.05
palette-off-written-octave-down,44100,full-fundamental,medium,37,C#2,1742,110,39.50,2.49,1,37,C#2,61.72,94,0,0,224,224,0,0,0,0.08
palette-off-written-octave-down,44100,full-fundamental,soft,37,C#2,1742,110,39.50,2.49,1,37,C#2,61.72,31,0,0,224,224,0,0,0,0.09
palette-off-written-octave-down,44100,weak-fundamental,medium,37,C#2,1742,110,39.50,2.49,1,37,C#2,61.72,91,0,0,224,224,0,0,0,0.05
palette-off-written-octave-down,44100,weak-fundamental,soft,37,C#2,1742,110,39.50,2.49,1,37,C#2,61.72,28,0,0,224,224,0,0,0,0.06
palette-off-written-octave-down,44100,full-fundamental,medium,38,D2,1742,110,39.50,2.49,1,38,D2,61.72,93,0,0,224,224,0,0,0,0.11
palette-off-written-octave-down,44100,full-fundamental,soft,38,D2,1742,110,39.50,2.49,1,38,D2,61.72,30,0,0,224,224,0,0,0,0.11
palette-off-written-octave-down,44100,weak-fundamental,medium,38,D2,1742,110,39.50,2.49,1,38,D2,61.72,95,0,0,224,224,0,0,0,0.04
palette-off-written-octave-down,44100,weak-fundamental,soft,38,D2,1742,110,39.50,2.49,1,38,D2,61.72,33,0,0,224,224,0,0,0,0.05
palette-off-written-octave-down,44100,full-fundamental,medium,39,D#2,1742,110,39.50,2.49,1,39,D#2,76.69,97,0,0,224,224,0,0,0,0.01
palette-off-written-octave-down,44100,full-fundamental,soft,39,D#2,1742,110,39.50,2.49,1,39,D#2,76.69,34,0,0,224,224,0,0,0,0.04
palette-off-written-octave-down,44100,weak-fundamental,medium,39,D#2,1742,110,39.50,2.49,1,39,D#2,71.70,94,0,0,224,224,0,0,0,0.01
palette-off-written-octave-down,44100,weak-fundamental,soft,39,D#2,1742,110,39.50,2.49,1,39,D#2,71.70,32,0,0,224,224,0,0,0,0.03
palette-off-written-octave-down,44100,full-fundamental,medium,40,E2,1742,110,39.50,2.49,1,40,E2,76.69,96,0,0,224,224,0,0,0,0.03
palette-off-written-octave-down,44100,full-fundamental,soft,40,E2,1742,110,39.50,2.49,1,40,E2,76.69,33,0,0,224,224,0,0,0,0.04
palette-off-written-octave-down,44100,weak-fundamental,medium,40,E2,1742,110,39.50,2.49,1,40,E2,76.69,93,0,0,224,224,0,0,0,0.03
palette-off-written-octave-down,44100,weak-fundamental,soft,40,E2,1742,110,39.50,2.49,1,40,E2,76.69,30,0,0,224,224,0,0,0,0.04
palette-off-written-octave-down,44100,full-fundamental,medium,41,F2,1742,110,39.50,2.49,1,41,F2,76.69,97,0,0,224,224,0,0,0,0.04
palette-off-written-octave-down,44100,full-fundamental,soft,41,F2,1742,110,39.50,2.49,1,41,F2,76.69,34,0,0,224,224,0,0,0,0.05
palette-off-written-octave-down,44100,weak-fundamental,medium,41,F2,1742,110,39.50,2.49,1,41,F2,74.20,93,0,0,224,224,0,0,0,0.01
palette-off-written-octave-down,44100,weak-fundamental,soft,41,F2,1742,110,39.50,2.49,1,41,F2,74.20,30,0,0,224,224,0,0,0,0.03
palette-off-written-octave-down,44100,full-fundamental,medium,42,F#2,1742,110,39.50,2.49,1,42,F#2,76.69,96,0,0,224,224,0,0,0,0.03
palette-off-written-octave-down,44100,full-fundamental,soft,42,F#2,1742,110,39.50,2.49,1,42,F#2,76.69,33,0,0,224,224,0,0,0,0.04
palette-off-written-octave-down,44100,weak-fundamental,medium,42,F#2,1742,110,39.50,2.49,1,42,F#2,74.20,88,0,0,224,224,0,0,0,0.02
palette-off-written-octave-down,44100,weak-fundamental,soft,42,F#2,1742,110,39.50,2.49,1,42,F#2,74.20,26,0,0,224,224,0,0,0,0.03
palette-off-written-octave-down,44100,full-fundamental,medium,43,G2,1742,110,39.50,2.49,1,43,G2,74.20,97,0,0,224,224,0,0,0,0.03
palette-off-written-octave-down,44100,full-fundamental,soft,43,G2,1742,110,39.50,2.49,1,43,G2,74.20,34,0,0,224,224,0,0,0,0.05
palette-off-written-octave-down,44100,weak-fundamental,medium,43,G2,1742,110,39.50,2.49,1,43,G2,74.20,94,0,0,224,224,0,0,0,0.02
palette-off-written-octave-down,44100,weak-fundamental,soft,43,G2,1742,110,39.50,2.49,1,43,G2,74.20,31,0,0,224,224,0,0,0,0.02
palette-off-written-octave-down,44100,full-fundamental,medium,44,G#2,1742,110,39.50,2.49,1,44,G#2,69.21,92,0,0,224,224,0,0,0,0.03
palette-off-written-octave-down,44100,full-fundamental,soft,44,G#2,1742,110,39.50,2.49,1,44,G#2,69.21,29,0,0,224,224,0,0,0,0.04
palette-off-written-octave-down,44100,weak-fundamental,medium,44,G#2,1742,110,39.50,2.49,1,44,G#2,69.21,96,0,0,224,224,0,0,0,0.02
palette-off-written-octave-down,44100,weak-fundamental,soft,44,G#2,1742,110,39.50,2.49,1,44,G#2,69.21,33,0,0,224,224,0,0,0,0.03
palette-off-written-octave-down,44100,full-fundamental,medium,45,A2,1742,110,39.50,2.49,1,45,A2,66.71,92,0,0,224,224,0,0,0,0.03
palette-off-written-octave-down,44100,full-fundamental,soft,45,A2,1742,110,39.50,2.49,1,45,A2,66.71,29,0,0,224,224,0,0,0,0.04
palette-off-written-octave-down,44100,weak-fundamental,medium,45,A2,1742,110,39.50,2.49,1,45,A2,69.21,94,0,0,224,224,0,0,0,0.02
palette-off-written-octave-down,44100,weak-fundamental,soft,45,A2,1742,110,39.50,2.49,1,45,A2,69.21,31,0,0,224,224,0,0,0,0.03
palette-off-written-octave-down,44100,full-fundamental,medium,46,A#2,1742,110,39.50,2.49,1,46,A#2,69.21,91,0,0,224,224,0,0,0,0.03
palette-off-written-octave-down,44100,full-fundamental,soft,46,A#2,1742,110,39.50,2.49,1,46,A#2,69.21,28,0,0,224,224,0,0,0,0.04
palette-off-written-octave-down,44100,weak-fundamental,medium,46,A#2,1742,110,39.50,2.49,1,46,A#2,69.21,93,0,0,224,224,0,0,0,0.01
palette-off-written-octave-down,44100,weak-fundamental,soft,46,A#2,1742,110,39.50,2.49,1,46,A#2,69.21,30,0,0,224,224,0,0,0,0.03
palette-off-written-octave-down,44100,full-fundamental,medium,47,B2,1742,110,39.50,2.49,1,47,B2,69.21,96,0,0,224,224,0,0,0,0.03
palette-off-written-octave-down,44100,full-fundamental,soft,47,B2,1742,110,39.50,2.49,1,47,B2,69.21,33,0,0,224,224,0,0,0,0.04
palette-off-written-octave-down,44100,weak-fundamental,medium,47,B2,1742,110,39.50,2.49,1,47,B2,69.21,99,0,0,224,224,0,0,0,0.01
palette-off-written-octave-down,44100,weak-fundamental,soft,47,B2,1742,110,39.50,2.49,1,47,B2,69.21,36,0,0,224,224,0,0,0,0.03
palette-off-written-octave-down,44100,full-fundamental,medium,48,C3,1742,110,39.50,2.49,1,48,C3,64.22,93,0,0,224,224,0,0,0,0.03
palette-off-written-octave-down,44100,full-fundamental,soft,48,C3,1742,110,39.50,2.49,1,48,C3,64.22,31,0,0,224,224,0,0,0,0.04
palette-off-written-octave-down,44100,weak-fundamental,medium,48,C3,1742,110,39.50,2.49,1,48,C3,61.72,92,0,0,224,224,0,0,0,0.02
palette-off-written-octave-down,44100,weak-fundamental,soft,48,C3,1742,110,39.50,2.49,1,48,C3,61.72,29,0,0,224,224,0,0,0,0.03
palette-off-written-octave-down,44100,full-fundamental,medium,49,C#3,1742,110,39.50,2.49,1,49,C#3,64.22,92,0,0,224,224,0,0,0,0.03
palette-off-written-octave-down,44100,full-fundamental,soft,49,C#3,1742,110,39.50,2.49,1,49,C#3,64.22,29,0,0,224,224,0,0,0,0.05
palette-off-written-octave-down,44100,weak-fundamental,medium,49,C#3,1742,110,39.50,2.49,1,49,C#3,61.72,93,0,0,224,224,0,0,0,0.02
palette-off-written-octave-down,44100,weak-fundamental,soft,49,C#3,1742,110,39.50,2.49,1,49,C#3,61.72,30,0,0,224,224,0,0,0,0.03
palette-off-written-octave-down,44100,full-fundamental,medium,50,D3,1742,110,39.50,2.49,1,50,D3,64.22,100,0,0,224,224,0,0,0,0.02
palette-off-written-octave-down,44100,full-fundamental,soft,50,D3,1742,110,39.50,2.49,1,50,D3,64.22,37,0,0,224,224,0,0,0,0.04
palette-off-written-octave-down,44100,weak-fundamental,medium,50,D3,1742,110,39.50,2.49,1,50,D3,64.22,98,0,0,224,224,0,0,0,0.01
palette-off-written-octave-down,44100,weak-fundamental,soft,50,D3,1742,110,39.50,2.49,1,50,D3,64.22,35,0,0,224,224,0,0,0,0.03
palette-off-written-octave-down,44100,full-fundamental,medium,51,D#3,1742,110,39.50,2.49,1,51,D#3,64.22,95,0,0,224,224,0,0,0,0.02
palette-off-written-octave-down,44100,full-fundamental,soft,51,D#3,1742,110,39.50,2.49,1,51,D#3,64.22,33,0,0,224,224,0,0,0,0.04
palette-off-written-octave-down,44100,weak-fundamental,medium,51,D#3,1742,110,39.50,2.49,1,51,D#3,64.22,90,0,0,224,224,0,0,0,0.01
palette-off-written-octave-down,44100,weak-fundamental,soft,51,D#3,1742,110,39.50,2.49,1,51,D#3,64.22,27,0,0,224,224,0,0,0,0.03
palette-off-written-octave-down,44100,full-fundamental,medium,52,E3,1742,110,39.50,2.49,1,52,E3,56.73,97,0,0,224,224,0,0,0,0.02
palette-off-written-octave-down,44100,full-fundamental,soft,52,E3,1742,110,39.50,2.49,1,52,E3,56.73,34,0,0,224,224,0,0,0,0.04
palette-off-written-octave-down,44100,weak-fundamental,medium,52,E3,1742,110,39.50,2.49,1,52,E3,56.73,96,0,0,224,224,0,0,0,0.02
palette-off-written-octave-down,44100,weak-fundamental,soft,52,E3,1742,110,39.50,2.49,1,52,E3,56.73,33,0,0,224,224,0,0,0,0.03
palette-off-written-octave-down,44100,full-fundamental,medium,53,F3,1742,110,39.50,2.49,1,53,F3,56.73,95,0,0,224,224,0,0,0,0.02
palette-off-written-octave-down,44100,full-fundamental,soft,53,F3,1742,110,39.50,2.49,1,53,F3,56.73,32,0,0,224,224,0,0,0,0.05
palette-off-written-octave-down,44100,weak-fundamental,medium,53,F3,1742,110,39.50,2.49,1,53,F3,56.73,89,0,0,224,224,0,0,0,0.01
palette-off-written-octave-down,44100,weak-fundamental,soft,53,F3,1742,110,39.50,2.49,1,53,F3,56.73,26,0,0,224,224,0,0,0,0.04
palette-off-written-octave-down,44100,full-fundamental,medium,54,F#3,1742,110,39.50,2.49,1,54,F#3,56.73,93,0,0,224,224,0,0,0,0.02
palette-off-written-octave-down,44100,full-fundamental,soft,54,F#3,1742,110,39.50,2.49,1,54,F#3,56.73,30,0,0,224,224,0,0,0,0.04
palette-off-written-octave-down,44100,weak-fundamental,medium,54,F#3,1742,110,39.50,2.49,1,54,F#3,59.23,93,0,0,224,224,0,0,0,0.02
palette-off-written-octave-down,44100,weak-fundamental,soft,54,F#3,1742,110,39.50,2.49,1,54,F#3,59.23,30,0,0,224,224,0,0,0,0.03
palette-off-written-octave-down,44100,full-fundamental,medium,55,G3,1742,110,39.50,2.49,1,55,G3,56.73,97,0,0,224,224,0,0,0,0.02
palette-off-written-octave-down,44100,full-fundamental,soft,55,G3,1742,110,39.50,2.49,1,55,G3,56.73,34,0,0,224,224,0,0,0,0.04
palette-off-written-octave-down,44100,weak-fundamental,medium,55,G3,1742,110,39.50,2.49,1,55,G3,56.73,90,0,0,224,224,0,0,0,0.02
palette-off-written-octave-down,44100,weak-fundamental,soft,55,G3,1742,110,39.50,2.49,1,55,G3,56.73,27,0,0,224,224,0,0,0,0.03
palette-off-written-octave-down,44100,full-fundamental,medium,56,G#3,1742,110,39.50,2.49,1,56,G#3,54.24,99,0,0,224,224,0,0,0,0.02
palette-off-written-octave-down,44100,full-fundamental,soft,56,G#3,1742,110,39.50,2.49,1,56,G#3,54.24,36,0,0,224,224,0,0,0,0.05
palette-off-written-octave-down,44100,weak-fundamental,medium,56,G#3,1742,110,39.50,2.49,1,56,G#3,54.24,91,0,0,224,224,0,0,0,0.02
palette-off-written-octave-down,44100,weak-fundamental,soft,56,G#3,1742,110,39.50,2.49,1,56,G#3,54.24,28,0,0,224,224,0,0,0,0.04
palette-off-written-octave-down,44100,full-fundamental,medium,57,A3,1742,110,39.50,2.49,1,57,A3,54.24,102,0,0,224,224,0,0,0,0.02
palette-off-written-octave-down,44100,full-fundamental,soft,57,A3,1742,110,39.50,2.49,1,57,A3,54.24,39,0,0,224,224,0,0,0,0.05
palette-off-written-octave-down,44100,weak-fundamental,medium,57,A3,1742,110,39.50,2.49,1,57,A3,54.24,97,0,0,224,224,0,0,0,0.02
palette-off-written-octave-down,44100,weak-fundamental,soft,57,A3,1742,110,39.50,2.49,1,57,A3,54.24,35,0,0,224,224,0,0,0,0.04
palette-off-written-octave-down,44100,full-fundamental,medium,58,A#3,1742,110,39.50,2.49,1,58,A#3,54.24,98,0,0,224,224,0,0,0,0.04
palette-off-written-octave-down,44100,full-fundamental,soft,58,A#3,1742,110,39.50,2.49,1,58,A#3,54.24,35,0,0,224,224,0,0,0,0.05
palette-off-written-octave-down,44100,weak-fundamental,medium,58,A#3,1742,110,39.50,2.49,1,58,A#3,54.24,95,0,0,224,224,0,0,0,0.03
palette-off-written-octave-down,44100,weak-fundamental,soft,58,A#3,1742,110,39.50,2.49,1,58,A#3,54.24,32,0,0,224,224,0,0,0,0.05
palette-off-written-octave-down,44100,full-fundamental,medium,59,B3,1742,110,39.50,2.49,1,59,B3,54.24,95,0,0,224,224,0,0,0,0.02
palette-off-written-octave-down,44100,full-fundamental,soft,59,B3,1742,110,39.50,2.49,1,59,B3,54.24,32,0,0,224,224,0,0,0,0.04
palette-off-written-octave-down,44100,weak-fundamental,medium,59,B3,1742,110,39.50,2.49,1,59,B3,54.24,94,0,0,224,224,0,0,0,0.01
palette-off-written-octave-down,44100,weak-fundamental,soft,59,B3,1742,110,39.50,2.49,1,59,B3,54.24,31,0,0,224,224,0,0,0,0.03
palette-off-written-octave-down,44100,full-fundamental,medium,60,C4,1742,110,39.50,2.49,1,60,C4,49.25,99,0,0,224,224,0,0,0,0.02
palette-off-written-octave-down,44100,full-fundamental,soft,60,C4,1742,110,39.50,2.49,1,60,C4,49.25,36,0,0,224,224,0,0,0,0.05
palette-off-written-octave-down,44100,weak-fundamental,medium,60,C4,1742,110,39.50,2.49,1,60,C4,51.75,95,0,0,224,224,0,0,0,0.01
palette-off-written-octave-down,44100,weak-fundamental,soft,60,C4,1742,110,39.50,2.49,1,60,C4,51.75,32,0,0,224,224,0,0,0,0.04
palette-off-written-octave-down,44100,full-fundamental,medium,61,C#4,1742,110,39.50,2.49,1,61,C#4,49.25,100,0,0,224,224,0,0,0,0.04
palette-off-written-octave-down,44100,full-fundamental,soft,61,C#4,1742,110,39.50,2.49,1,61,C#4,49.25,37,0,0,224,224,0,0,0,0.06
palette-off-written-octave-down,44100,weak-fundamental,medium,61,C#4,1742,110,39.50,2.49,1,61,C#4,51.75,93,0,0,224,224,0,0,0,0.04
palette-off-written-octave-down,44100,weak-fundamental,soft,61,C#4,1742,110,39.50,2.49,1,61,C#4,51.75,30,0,0,224,224,0,0,0,0.06
palette-off-written-octave-down,44100,full-fundamental,medium,62,D4,1742,110,39.50,2.49,1,62,D4,51.75,99,0,0,224,224,0,0,0,0.05
palette-off-written-octave-down,44100,full-fundamental,soft,62,D4,1742,110,39.50,2.49,1,62,D4,51.75,36,0,0,224,224,0,0,0,0.06
palette-off-written-octave-down,44100,weak-fundamental,medium,62,D4,1742,110,39.50,2.49,1,62,D4,49.25,96,0,0,224,224,0,0,0,0.05
palette-off-written-octave-down,44100,weak-fundamental,soft,62,D4,1742,110,39.50,2.49,1,62,D4,49.25,33,0,0,224,224,0,0,0,0.07
palette-off-written-octave-down,44100,full-fundamental,medium,63,D#4,1742,110,39.50,2.49,1,63,D#4,51.75,95,0,0,224,224,0,0,0,0.03
palette-off-written-octave-down,44100,full-fundamental,soft,63,D#4,1742,110,39.50,2.49,1,63,D#4,51.75,32,0,0,224,224,0,0,0,0.05
palette-off-written-octave-down,44100,weak-fundamental,medium,63,D#4,1742,110,39.50,2.49,1,63,D#4,51.75,98,0,0,224,224,0,0,0,0.02
palette-off-written-octave-down,44100,weak-fundamental,soft,63,D#4,1742,110,39.50,2.49,1,63,D#4,51.75,35,0,0,224,224,0,0,0,0.05
palette-off-written-octave-down,44100,full-fundamental,medium,64,E4,1742,110,39.50,2.49,1,64,E4,49.25,95,0,0,224,224,0,0,0,0.03
palette-off-written-octave-down,44100,full-fundamental,soft,64,E4,1742,110,39.50,2.49,1,64,E4,49.25,32,0,0,224,224,0,0,0,0.07
palette-off-written-octave-down,44100,weak-fundamental,medium,64,E4,1742,110,39.50,2.49,1,64,E4,49.25,96,0,0,224,224,0,0,0,0.03
palette-off-written-octave-down,44100,weak-fundamental,soft,64,E4,1742,110,39.50,2.49,1,64,E4,49.25,33,0,0,224,224,0,0,0,0.05
palette-off-written-octave-down,44100,full-fundamental,medium,65,F4,1742,110,39.50,2.49,1,65,F4,49.25,101,0,0,224,224,0,0,0,0.07
palette-off-written-octave-down,44100,full-fundamental,soft,65,F4,1742,110,39.50,2.49,1,65,F4,49.25,38,0,0,224,224,0,0,0,0.09
palette-off-written-octave-down,44100,weak-fundamental,medium,65,F4,1742,110,39.50,2.49,1,65,F4,49.25,96,0,0,224,224,0,0,0,0.07
palette-off-written-octave-down,44100,weak-fundamental,soft,65,F4,1742,110,39.50,2.49,1,65,F4,49.25,33,0,0,224,224,0,0,0,0.08
palette-off-written-octave-down,44100,full-fundamental,medium,66,F#4,1742,110,39.50,2.49,1,66,F#4,49.25,99,0,0,224,224,0,0,0,0.08
palette-off-written-octave-down,44100,full-fundamental,soft,66,F#4,1742,110,39.50,2.49,1,66,F#4,49.25,37,0,0,224,224,0,0,0,0.10
palette-off-written-octave-down,44100,weak-fundamental,medium,66,F#4,1742,110,39.50,2.49,1,66,F#4,49.25,95,0,0,224,224,0,0,0,0.09
palette-off-written-octave-down,44100,weak-fundamental,soft,66,F#4,1742,110,39.50,2.49,1,66,F#4,49.25,32,0,0,224,224,0,0,0,0.09
palette-off-written-octave-down,44100,full-fundamental,medium,67,G4,1742,110,39.50,2.49,1,67,G4,49.25,95,0,0,224,224,0,0,0,0.02
palette-off-written-octave-down,44100,full-fundamental,soft,67,G4,1742,110,39.50,2.49,1,67,G4,49.25,32,0,0,224,224,0,0,0,0.06
palette-off-written-octave-down,44100,weak-fundamental,medium,67,G4,1742,110,39.50,2.49,1,67,G4,49.25,89,0,0,224,224,0,0,0,0.02
palette-off-written-octave-down,44100,weak-fundamental,soft,67,G4,1742,110,39.50,2.49,1,67,G4,49.25,26,0,0,224,224,0,0,0,0.04
free,48000,full-fundamental,medium,28,E1,1896,120,39.50,2.50,1,28,E1,34.50,98,0,0,225,225,0,0,0,0.16
free,48000,full-fundamental,soft,28,E1,1896,120,39.50,2.50,1,28,E1,34.50,35,0,0,225,225,0,0,0,0.15
free,48000,weak-fundamental,medium,28,E1,1896,120,39.50,2.50,1,28,E1,39.50,99,0,0,225,225,0,0,0,0.06
free,48000,weak-fundamental,soft,28,E1,1896,120,39.50,2.50,1,28,E1,39.50,36,0,0,225,225,0,0,0,0.07
free,48000,full-fundamental,medium,29,F1,1896,120,39.50,2.50,1,29,F1,34.50,99,0,0,225,225,0,0,0,0.12
free,48000,full-fundamental,soft,29,F1,1896,120,39.50,2.50,1,29,F1,34.50,37,0,0,225,225,0,0,0,0.13
free,48000,weak-fundamental,medium,29,F1,1896,120,39.50,2.50,1,29,F1,39.50,95,0,0,225,225,0,0,0,0.07
free,48000,weak-fundamental,soft,29,F1,1896,120,39.50,2.50,1,29,F1,39.50,32,0,0,225,225,0,0,0,0.06
free,48000,full-fundamental,medium,30,F#1,1896,120,39.50,2.50,1,30,F#1,39.50,96,0,0,225,225,0,0,0,0.11
free,48000,full-fundamental,soft,30,F#1,1896,120,39.50,2.50,1,30,F#1,39.50,33,0,0,225,225,0,0,0,0.12
free,48000,weak-fundamental,medium,30,F#1,1896,120,39.50,2.50,1,30,F#1,39.50,91,0,0,225,225,0,0,0,0.07
free,48000,weak-fundamental,soft,30,F#1,1896,120,39.50,2.50,1,30,F#1,39.50,28,0,0,225,225,0,0,0,0.08
free,48000,full-fundamental,medium,31,G1,1896,120,39.50,2.50,1,31,G1,39.50,100,0,0,225,225,0,0,0,0.10
free,48000,full-fundamental,soft,31,G1,1896,120,39.50,2.50,1,31,G1,39.50,37,0,0,225,225,0,0,0,0.10
free,48000,weak-fundamental,medium,31,G1,1896,120,39.50,2.50,1,31,G1,39.50,94,0,0,225,225,0,0,0,0.06
free,48000,weak-fundamental,soft,31,G1,1896,120,39.50,2.50,1,31,G1,39.50,31,0,0,225,225,0,0,0,0.06
free,48000,full-fundamental,medium,32,G#1,1896,120,39.50,2.50,1,32,G#1,34.50,99,0,0,225,225,0,0,0,0.14
free,48000,full-fundamental,soft,32,G#1,1896,120,39.50,2.50,1,32,G#1,34.50,36,0,0,225,225,0,0,0,0.15
free,48000,weak-fundamental,medium,32,G#1,1896,120,39.50,2.50,1,32,G#1,34.50,91,0,0,225,225,0,0,0,0.06
free,48000,weak-fundamental,soft,32,G#1,1896,120,39.50,2.50,1,32,G#1,34.50,28,0,0,225,225,0,0,0,0.07
free,48000,full-fundamental,medium,33,A1,1896,120,39.50,2.50,1,33,A1,34.50,95,0,0,225,225,0,0,0,0.12
free,48000,full-fundamental,soft,33,A1,1896,120,39.50,2.50,1,33,A1,34.50,32,0,0,225,225,0,0,0,0.12
free,48000,weak-fundamental,medium,33,A1,1896,120,39.50,2.50,1,33,A1,32.00,95,0,0,225,225,0,0,0,0.06
free,48000,weak-fundamental,soft,33,A1,1896,120,39.50,2.50,1,33,A1,32.00,32,0,0,225,225,0,0,0,0.07
free,48000,full-fundamental,medium,34,A#1,1896,120,39.50,2.50,1,34,A#1,34.50,99,0,0,225,225,0,0,0,0.09
free,48000,full-fundamental,soft,34,A#1,1896,120,39.50,2.50,1,34,A#1,34.50,36,0,0,225,225,0,0,0,0.09
free,48000,weak-fundamental,medium,34,A#1,1896,120,39.50,2.50,1,34,A#1,34.50,93,0,0,225,225,0,0,0,0.05
free,48000,weak-fundamental,soft,34,A#1,1896,120,39.50,2.50,1,34,A#1,34.50,30,0,0,225,225,0,0,0,0.05
free,48000,full-fundamental,medium,35,B1,1896,120,39.50,2.50,1,35,B1,34.50,92,0,0,225,225,0,0,0,0.08
free,48000,full-fundamental,soft,35,B1,1896,120,39.50,2.50,1,35,B1,34.50,29,0,0,225,225,0,0,0,0.08
free,48000,weak-fundamental,medium,35,B1,1896,120,39.50,2.50,1,35,B1,32.00,101,0,0,225,225,0,0,0,0.03
free,48000,weak-fundamental,soft,35,B1,1896,120,39.50,2.50,1,35,B1,32.00,38,0,0,225,225,0,0,0,0.04
free,48000,full-fundamental,medium,36,C2,1896,120,39.50,2.50,1,36,C2,29.50,91,0,0,225,225,0,0,0,0.12
free,48000,full-fundamental,soft,36,C2,1896,120,39.50,2.50,1,36,C2,29.50,28,0,0,225,225,0,0,0,0.12
free,48000,weak-fundamental,medium,36,C2,1896,120,39.50,2.50,1,36,C2,27.00,99,0,0,225,225,0,0,0,0.05
free,48000,weak-fundamental,soft,36,C2,1896,120,39.50,2.50,1,36,C2,27.00,37,0,0,225,225,0,0,0,0.07
free,48000,full-fundamental,medium,37,C#2,1896,120,39.50,2.50,1,37,C#2,27.00,94,0,0,225,225,0,0,0,0.08
free,48000,full-fundamental,soft,37,C#2,1896,120,39.50,2.50,1,37,C#2,27.00,31,0,0,225,225,0,0,0,0.10
free,48000,weak-fundamental,medium,37,C#2,1896,120,39.50,2.50,1,37,C#2,27.00,91,0,0,225,225,0,0,0,0.05
free,48000,weak-fundamental,soft,37,C#2,1896,120,39.50,2.50,1,37,C#2,27.00,28,0,0,225,225,0,0,0,0.07
free,48000,full-fundamental,medium,38,D2,1896,120,39.50,2.50,1,38,D2,27.00,93,0,0,225,225,0,0,0,0.12
free,48000,full-fundamental,soft,38,D2,1896,120,39.50,2.50,1,38,D2,27.00,30,0,0,225,225,0,0,0,0.11
free,48000,weak-fundamental,medium,38,D2,1896,120,39.50,2.50,1,38,D2,27.00,95,0,0,225,225,0,0,0,0.04
free,48000,weak-fundamental,soft,38,D2,1896,120,39.50,2.50,1,38,D2,27.00,33,0,0,225,225,0,0,0,0.04
free,48000,full-fundamental,medium,39,D#2,1896,120,39.50,2.50,1,39,D#2,39.50,97,0,0,225,225,0,0,0,0.02
free,48000,full-fundamental,soft,39,D#2,1896,120,39.50,2.50,1,39,D#2,39.50,34,0,0,225,225,0,0,0,0.03
free,48000,weak-fundamental,medium,39,D#2,1896,120,39.50,2.50,1,39,D#2,37.00,95,0,0,225,225,0,0,0,0.02
free,48000,weak-fundamental,soft,39,D#2,1896,120,39.50,2.50,1,39,D#2,37.00,32,0,0,225,225,0,0,0,0.03
free,48000,full-fundamental,medium,40,E2,1896,120,39.50,2.50,1,40,E2,42.00,96,0,0,225,225,0,0,0,0.03
free,48000,full-fundamental,soft,40,E2,1896,120,39.50,2.50,1,40,E2,42.00,33,0,0,225,225,0,0,0,0.05
free,48000,weak-fundamental,medium,40,E2,1896,120,39.50,2.50,1,40,E2,39.50,93,0,0,225,225,0,0,0,0.03
free,48000,weak-fundamental,soft,40,E2,1896,120,39.50,2.50,1,40,E2,39.50,30,0,0,225,225,0,0,0,0.03
free,48000,full-fundamental,medium,41,F2,1896,120,39.50,2.50,1,41,F2,42.00,97,0,0,225,225,0,0,0,0.05
free,48000,full-fundamental,soft,41,F2,1896,120,39.50,2.50,1,41,F2,42.00,35,0,0,225,225,0,0,0,0.05
free,48000,weak-fundamental,medium,41,F2,1896,120,39.50,2.50,1,41,F2,39.50,93,0,0,225,225,0,0,0,0.02
free,48000,weak-fundamental,soft,41,F2,1896,120,39.50,2.50,1,41,F2,39.50,30,0,0,225,225,0,0,0,0.03
free,48000,full-fundamental,medium,42,F#2,1896,120,39.50,2.50,1,42,F#2,42.00,96,0,0,225,225,0,0,0,0.04
free,48000,full-fundamental,soft,42,F#2,1896,120,39.50,2.50,1,42,F#2,42.00,33,0,0,225,225,0,0,0,0.05
free,48000,weak-fundamental,medium,42,F#2,1896,120,39.50,2.50,1,42,F#2,39.50,88,0,0,225,225,0,0,0,0.02
free,48000,weak-fundamental,soft,42,F#2,1896,120,39.50,2.50,1,42,F#2,39.50,26,0,0,225,225,0,0,0,0.03
free,48000,full-fundamental,medium,43,G2,1896,120,39.50,2.50,1,43,G2,39.50,97,0,0,225,225,0,0,0,0.03
free,48000,full-fundamental,soft,43,G2,1896,120,39.50,2.50,1,43,G2,39.50,34,0,0,225,225,0,0,0,0.05
free,48000,weak-fundamental,medium,43,G2,1896,120,39.50,2.50,1,43,G2,39.50,94,0,0,225,225,0,0,0,0.02
free,48000,weak-fundamental,soft,43,G2,1896,120,39.50,2.50,1,43,G2,39.50,31,0,0,225,225,0,0,0,0.02
free,48000,full-fundamental,medium,44,G#2,1896,120,39.50,2.50,1,44,G#2,34.50,92,0,0,225,225,0,0,0,0.03
free,48000,full-fundamental,soft,44,G#2,1896,120,39.50,2.50,1,44,G#2,34.50,29,0,0,225,225,0,0,0,0.04
free,48000,weak-fundamental,medium,44,G#2,1896,120,39.50,2.50,1,44,G#2,34.50,96,0,0,225,225,0,0,0,0.02
free,48000,weak-fundamental,soft,44,G#2,1896,120,39.50,2.50,1,44,G#2,34.50,33,0,0,225,225,0,0,0,0.03
free,48000,full-fundamental,medium,45,A2,1896,120,39.50,2.50,1,45,A2,32.00,92,0,0,225,225,0,0,0,0.03
free,48000,full-fundamental,soft,45,A2,1896,120,39.50,2.50,1,45,A2,32.00,29,0,0,225,225,0,0,0,0.04
free,48000,weak-fundamental,medium,45,A2,1896,120,39.50,2.50,1,45,A2,32.00,94,0,0,225,225,0,0,0,0.02
free,48000,weak-fundamental,soft,45,A2,1896,120,39.50,2.50,1,45,A2,32.00,31,0,0,225,225,0,0,0,0.03
free,48000,full-fundamental,medium,46,A#2,1896,120,39.50,2.50,1,46,A#2,34.50,91,0,0,225,225,0,0,0,0.04
free,48000,full-fundamental,soft,46,A#2,1896,120,39.50,2.50,1,46,A#2,34.50,28,0,0,225,225,0,0,0,0.04
free,48000,weak-fundamental,medium,46,A#2,1896,120,39.50,2.50,1,46,A#2,34.50,92,0,0,225,225,0,0,0,0.01
free,48000,weak-fundamental,soft,46,A#2,1896,120,39.50,2.50,1,46,A#2,34.50,30,0,0,225,225,0,0,0,0.03
free,48000,full-fundamental,medium,47,B2,1896,120,39.50,2.50,1,47,B2,34.50,96,0,0,225,225,0,0,0,0.03
free,48000,full-fundamental,soft,47,B2,1896,120,39.50,2.50,1,47,B2,34.50,33,0,0,225,225,0,0,0,0.04
free,48000,weak-fundamental,medium,47,B2,1896,120,39.50,2.50,1,47,B2,34.50,99,0,0,225,225,0,0,0,0.01
free,48000,weak-fundamental,soft,47,B2,1896,120,39.50,2.50,1,47,B2,34.50,36,0,0,225,225,0,0,0,0.03
free,48000,full-fundamental,medium,48,C3,1896,120,39.50,2.50,1,48,C3,29.50,93,0,0,225,225,0,0,0,0.03
free,48000,full-fundamental,soft,48,C3,1896,120,39.50,2.50,1,48,C3,29.50,31,0,0,225,225,0,0,0,0.04
free,48000,weak-fundamental,medium,48,C3,1896,120,39.50,2.50,1,48,C3,27.00,92,0,0,225,225,0,0,0,0.02
free,48000,weak-fundamental,soft,48,C3,1896,120,39.50,2.50,1,48,C3,27.00,29,0,0,225,225,0,0,0,0.03
free,48000,full-fundamental,medium,49,C#3,1896,120,39.50,2.50,1,49,C#3,29.50,92,0,0,225,225,0,0,0,0.03
free,48000,full-fundamental,soft,49,C#3,1896,120,39.50,2.50,1,49,C#3,29.50,29,0,0,225,225,0,0,0,0.04
free,48000,weak-fundamental,medium,49,C#3,1896,120,39.50,2.50,1,49,C#3,27.00,93,0,0,225,225,0,0,0,0.01
free,48000,weak-fundamental,soft,49,C#3,1896,120,39.50,2.50,1,49,C#3,27.00,30,0,0,225,225,0,0,0,0.03
free,48000,full-fundamental,medium,50,D3,1896,120,39.50,2.50,1,50,D3,29.50,100,0,0,225,225,0,0,0,0.02
free,48000,full-fundamental,soft,50,D3,1896,120,39.50,2.50,1,50,D3,29.50,37,0,0,225,225,0,0,0,0.04
free,48000,weak-fundamental,medium,50,D3,1896,120,39.50,2.50,1,50,D3,29.50,98,0,0,225,225,0,0,0,0.01
free,48000,weak-fundamental,soft,50,D3,1896,120,39.50,2.50,1,50,D3,29.50,35,0,0,225,225,0,0,0,0.03
free,48000,full-fundamental,medium,51,D#3,1896,120,39.50,2.50,1,51,D#3,29.50,95,0,0,225,225,0,0,0,0.02
free,48000,full-fundamental,soft,51,D#3,1896,120,39.50,2.50,1,51,D#3,29.50,32,0,0,225,225,0,0,0,0.04
free,48000,weak-fundamental,medium,51,D#3,1896,120,39.50,2.50,1,51,D#3,29.50,90,0,0,225,225,0,0,0,0.01
free,48000,weak-fundamental,soft,51,D#3,1896,120,39.50,2.50,1,51,D#3,29.50,27,0,0,225,225,0,0,0,0.02
free,48000,full-fundamental,medium,52,E3,1896,120,39.50,2.50,1,52,E3,22.00,97,0,0,225,225,0,0,0,0.02
free,48000,full-fundamental,soft,52,E3,1896,120,39.50,2.50,1,52,E3,22.00,34,0,0,225,225,0,0,0,0.04
free,48000,weak-fundamental,medium,52,E3,1896,120,39.50,2.50,1,52,E3,22.00,96,0,0,225,225,0,0,0,0.02
free,48000,weak-fundamental,soft,52,E3,1896,120,39.50,2.50,1,52,E3,22.00,33,0,0,225,225,0,0,0,0.03
free,48000,full-fundamental,medium,53,F3,1896,120,39.50,2.50,1,53,F3,22.00,94,0,0,225,225,0,0,0,0.03
free,48000,full-fundamental,soft,53,F3,1896,120,39.50,2.50,1,53,F3,22.00,31,0,0,225,225,0,0,0,0.05
free,48000,weak-fundamental,medium,53,F3,1896,120,39.50,2.50,1,53,F3,22.00,90,0,0,225,225,0,0,0,0.02
free,48000,weak-fundamental,soft,53,F3,1896,120,39.50,2.50,1,53,F3,22.00,27,0,0,225,225,0,0,0,0.03
free,48000,full-fundamental,medium,54,F#3,1896,120,39.50,2.50,1,54,F#3,22.00,96,0,0,225,225,0,0,0,0.02
free,48000,full-fundamental,soft,54,F#3,1896,120,39.50,2.50,1,54,F#3,22.00,33,0,0,225,225,0,0,0,0.04
free,48000,weak-fundamental,medium,54,F#3,1896,120,39.50,2.50,1,54,F#3,22.00,93,0,0,225,225,0,0,0,0.01
free,48000,weak-fundamental,soft,54,F#3,1896,120,39.50,2.50,1,54,F#3,22.00,30,0,0,225,225,0,0,0,0.03
free,48000,full-fundamental,medium,55,G3,1896,120,39.50,2.50,1,55,G3,22.00,97,0,0,225,225,0,0,0,0.02
free,48000,full-fundamental,soft,55,G3,1896,120,39.50,2.50,1,55,G3,22.00,34,0,0,225,225,0,0,0,0.04
free,48000,weak-fundamental,medium,55,G3,1896,120,39.50,2.50,1,55,G3,22.00,89,0,0,225,225,0,0,0,0.01
free,48000,weak-fundamental,soft,55,G3,1896,120,39.50,2.50,1,55,G3,22.00,26,0,0,225,225,0,0,0,0.03
free,48000,full-fundamental,medium,56,G#3,1896,120,39.50,2.50,1,56,G#3,19.50,99,0,0,225,225,0,0,0,0.03
free,48000,full-fundamental,soft,56,G#3,1896,120,39.50,2.50,1,56,G#3,19.50,36,0,0,225,225,0,0,0,0.06
free,48000,weak-fundamental,medium,56,G#3,1896,120,39.50,2.50,1,56,G#3,19.50,91,0,0,225,225,0,0,0,0.02
free,48000,weak-fundamental,soft,56,G#3,1896,120,39.50,2.50,1,56,G#3,19.50,29,0,0,225,225,0,0,0,0.04
free,48000,full-fundamental,medium,57,A3,1896,120,39.50,2.50,1,57,A3,17.00,102,0,0,225,225,0,0,0,0.02
free,48000,full-fundamental,soft,57,A3,1896,120,39.50,2.50,1,57,A3,17.00,39,0,0,225,225,0,0,0,0.05
free,48000,weak-fundamental,medium,57,A3,1896,120,39.50,2.50,1,57,A3,19.50,96,0,0,225,225,0,0,0,0.03
free,48000,weak-fundamental,soft,57,A3,1896,120,39.50,2.50,1,57,A3,19.50,33,0,0,225,225,0,0,0,0.04
free,48000,full-fundamental,medium,58,A#3,1896,120,39.50,2.50,1,58,A#3,19.50,97,0,0,225,225,0,0,0,0.03
free,48000,full-fundamental,soft,58,A#3,1896,120,39.50,2.50,1,58,A#3,19.50,34,0,0,225,225,0,0,0,0.04
free,48000,weak-fundamental,medium,58,A#3,1896,120,39.50,2.50,1,58,A#3,19.50,94,0,0,225,225,0,0,0,0.02
free,48000,weak-fundamental,soft,58,A#3,1896,120,39.50,2.50,1,58,A#3,19.50,31,0,0,225,225,0,0,0,0.03
free,48000,full-fundamental,medium,59,B3,1896,120,39.50,2.50,1,59,B3,19.50,94,0,0,225,225,0,0,0,0.02
free,48000,full-fundamental,soft,59,B3,1896,120,39.50,2.50,1,59,B3,19.50,32,0,0,225,225,0,0,0,0.04
free,48000,weak-fundamental,medium,59,B3,1896,120,39.50,2.50,1,59,B3,19.50,93,0,0,225,225,0,0,0,0.02
free,48000,weak-fundamental,soft,59,B3,1896,120,39.50,2.50,1,59,B3,19.50,30,0,0,225,225,0,0,0,0.04
free,48000,full-fundamental,medium,60,C4,1896,120,39.50,2.50,1,60,C4,14.50,100,0,0,225,225,0,0,0,0.02
free,48000,full-fundamental,soft,60,C4,1896,120,39.50,2.50,1,60,C4,14.50,37,0,0,225,225,0,0,0,0.05
free,48000,weak-fundamental,medium,60,C4,1896,120,39.50,2.50,1,60,C4,14.50,97,0,0,225,225,0,0,0,0.01
free,48000,weak-fundamental,soft,60,C4,1896,120,39.50,2.50,1,60,C4,14.50,34,0,0,225,225,0,0,0,0.04
free,48000,full-fundamental,medium,61,C#4,1896,120,39.50,2.50,1,61,C#4,14.50,99,0,0,225,225,0,0,0,0.04
free,48000,full-fundamental,soft,61,C#4,1896,120,39.50,2.50,1,61,C#4,14.50,36,0,0,225,225,0,0,0,0.06
free,48000,weak-fundamental,medium,61,C#4,1896,120,39.50,2.50,1,61,C#4,14.50,92,0,0,225,225,0,0,0,0.04
free,48000,weak-fundamental,soft,61,C#4,1896,120,39.50,2.50,1,61,C#4,14.50,29,0,0,225,225,0,0,0,0.05
free,48000,full-fundamental,medium,62,D4,1896,120,39.50,2.50,1,62,D4,17.00,100,0,0,225,225,0,0,0,0.02
free,48000,full-fundamental,soft,62,D4,1896,120,39.50,2.50,1,62,D4,17.00,37,0,0,225,225,0,0,0,0.05
free,48000,weak-fundamental,medium,62,D4,1896,120,39.50,2.50,1,62,D4,17.00,97,0,0,225,225,0,0,0,0.02
free,48000,weak-fundamental,soft,62,D4,1896,120,39.50,2.50,1,62,D4,17.00,34,0,0,225,225,0,0,0,0.04
free,48000,full-fundamental,medium,63,D#4,1896,120,39.50,2.50,1,63,D#4,17.00,94,0,0,225,225,0,0,0,0.04
free,48000,full-fundamental,soft,63,D#4,1896,120,39.50,2.50,1,63,D#4,17.00,32,0,0,225,225,0,0,0,0.06
free,48000,weak-fundamental,medium,63,D#4,1896,120,39.50,2.50,1,63,D#4,17.00,98,0,0,225,225,0,0,0,0.04
free,48000,weak-fundamental,soft,63,D#4,1896,120,39.50,2.50,1,63,D#4,17.00,35,0,0,225,225,0,0,0,0.05
free,48000,full-fundamental,medium,64,E4,1896,120,39.50,2.50,1,64,E4,14.50,95,0,0,225,225,0,0,0,0.02
free,48000,full-fundamental,soft,64,E4,1896,120,39.50,2.50,1,64,E4,14.50,32,0,0,225,225,0,0,0,0.06
free,48000,weak-fundamental,medium,64,E4,1896,120,39.50,2.50,1,64,E4,14.50,95,0,0,225,225,0,0,0,0.01
free,48000,weak-fundamental,soft,64,E4,1896,120,39.50,2.50,1,64,E4,14.50,32,0,0,225,225,0,0,0,0.05
free,48000,full-fundamental,medium,65,F4,1896,120,39.50,2.50,1,65,F4,14.50,101,0,0,225,225,0,0,0,0.03
free,48000,full-fundamental,soft,65,F4,1896,120,39.50,2.50,1,65,F4,14.50,38,0,0,225,225,0,0,0,0.06
free,48000,weak-fundamental,medium,65,F4,1896,120,39.50,2.50,1,65,F4,14.50,96,0,0,225,225,0,0,0,0.03
free,48000,weak-fundamental,soft,65,F4,1896,120,39.50,2.50,1,65,F4,14.50,33,0,0,225,225,0,0,0,0.05
free,48000,full-fundamental,medium,66,F#4,1896,120,39.50,2.50,1,66,F#4,14.50,99,0,0,225,225,0,0,0,0.03
free,48000,full-fundamental,soft,66,F#4,1896,120,39.50,2.50,1,66,F#4,14.50,36,0,0,225,225,0,0,0,0.05
free,48000,weak-fundamental,medium,66,F#4,1896,120,39.50,2.50,1,66,F#4,14.50,94,0,0,225,225,0,0,0,0.02
free,48000,weak-fundamental,soft,66,F#4,1896,120,39.50,2.50,1,66,F#4,14.50,31,0,0,225,225,0,0,0,0.05
free,48000,full-fundamental,medium,67,G4,1896,120,39.50,2.50,1,67,G4,14.50,95,0,0,225,225,0,0,0,0.04
free,48000,full-fundamental,soft,67,G4,1896,120,39.50,2.50,1,67,G4,14.50,32,0,0,225,225,0,0,0,0.07
free,48000,weak-fundamental,medium,67,G4,1896,120,39.50,2.50,1,67,G4,14.50,89,0,0,225,225,0,0,0,0.04
free,48000,weak-fundamental,soft,67,G4,1896,120,39.50,2.50,1,67,G4,14.50,26,0,0,225,225,0,0,0,0.05
palette-in,48000,full-fundamental,medium,28,E1,1896,120,39.50,2.50,1,28,E1,34.50,98,0,0,225,225,0,0,0,0.16
palette-in,48000,full-fundamental,soft,28,E1,1896,120,39.50,2.50,1,28,E1,34.50,35,0,0,225,225,0,0,0,0.15
palette-in,48000,weak-fundamental,medium,28,E1,1896,120,39.50,2.50,1,28,E1,39.50,99,0,0,225,225,0,0,0,0.06
palette-in,48000,weak-fundamental,soft,28,E1,1896,120,39.50,2.50,1,28,E1,39.50,36,0,0,225,225,0,0,0,0.07
palette-in,48000,full-fundamental,medium,29,F1,1896,120,39.50,2.50,1,29,F1,34.50,99,0,0,225,225,0,0,0,0.12
palette-in,48000,full-fundamental,soft,29,F1,1896,120,39.50,2.50,1,29,F1,34.50,37,0,0,225,225,0,0,0,0.13
palette-in,48000,weak-fundamental,medium,29,F1,1896,120,39.50,2.50,1,29,F1,39.50,95,0,0,225,225,0,0,0,0.07
palette-in,48000,weak-fundamental,soft,29,F1,1896,120,39.50,2.50,1,29,F1,39.50,32,0,0,225,225,0,0,0,0.06
palette-in,48000,full-fundamental,medium,30,F#1,1896,120,39.50,2.50,1,30,F#1,39.50,96,0,0,225,225,0,0,0,0.11
palette-in,48000,full-fundamental,soft,30,F#1,1896,120,39.50,2.50,1,30,F#1,39.50,33,0,0,225,225,0,0,0,0.12
palette-in,48000,weak-fundamental,medium,30,F#1,1896,120,39.50,2.50,1,30,F#1,39.50,91,0,0,225,225,0,0,0,0.07
palette-in,48000,weak-fundamental,soft,30,F#1,1896,120,39.50,2.50,1,30,F#1,39.50,28,0,0,225,225,0,0,0,0.08
palette-in,48000,full-fundamental,medium,31,G1,1896,120,39.50,2.50,1,31,G1,39.50,100,0,0,225,225,0,0,0,0.10
palette-in,48000,full-fundamental,soft,31,G1,1896,120,39.50,2.50,1,31,G1,39.50,37,0,0,225,225,0,0,0,0.10
palette-in,48000,weak-fundamental,medium,31,G1,1896,120,39.50,2.50,1,31,G1,39.50,94,0,0,225,225,0,0,0,0.06
palette-in,48000,weak-fundamental,soft,31,G1,1896,120,39.50,2.50,1,31,G1,39.50,31,0,0,225,225,0,0,0,0.06
palette-in,48000,full-fundamental,medium,32,G#1,1896,120,39.50,2.50,1,32,G#1,34.50,99,0,0,225,225,0,0,0,0.14
palette-in,48000,full-fundamental,soft,32,G#1,1896,120,39.50,2.50,1,32,G#1,34.50,36,0,0,225,225,0,0,0,0.15
palette-in,48000,weak-fundamental,medium,32,G#1,1896,120,39.50,2.50,1,32,G#1,34.50,91,0,0,225,225,0,0,0,0.06
palette-in,48000,weak-fundamental,soft,32,G#1,1896,120,39.50,2.50,1,32,G#1,34.50,28,0,0,225,225,0,0,0,0.07
palette-in,48000,full-fundamental,medium,33,A1,1896,120,39.50,2.50,1,33,A1,34.50,95,0,0,225,225,0,0,0,0.12
palette-in,48000,full-fundamental,soft,33,A1,1896,120,39.50,2.50,1,33,A1,34.50,32,0,0,225,225,0,0,0,0.12
palette-in,48000,weak-fundamental,medium,33,A1,1896,120,39.50,2.50,1,33,A1,32.00,95,0,0,225,225,0,0,0,0.06
palette-in,48000,weak-fundamental,soft,33,A1,1896,120,39.50,2.50,1,33,A1,32.00,32,0,0,225,225,0,0,0,0.07
palette-in,48000,full-fundamental,medium,34,A#1,1896,120,39.50,2.50,1,34,A#1,34.50,99,0,0,225,225,0,0,0,0.09
palette-in,48000,full-fundamental,soft,34,A#1,1896,120,39.50,2.50,1,34,A#1,34.50,36,0,0,225,225,0,0,0,0.09
palette-in,48000,weak-fundamental,medium,34,A#1,1896,120,39.50,2.50,1,34,A#1,34.50,93,0,0,225,225,0,0,0,0.05
palette-in,48000,weak-fundamental,soft,34,A#1,1896,120,39.50,2.50,1,34,A#1,34.50,30,0,0,225,225,0,0,0,0.05
palette-in,48000,full-fundamental,medium,35,B1,1896,120,39.50,2.50,1,35,B1,34.50,92,0,0,225,225,0,0,0,0.08
palette-in,48000,full-fundamental,soft,35,B1,1896,120,39.50,2.50,1,35,B1,34.50,29,0,0,225,225,0,0,0,0.08
palette-in,48000,weak-fundamental,medium,35,B1,1896,120,39.50,2.50,1,35,B1,32.00,101,0,0,225,225,0,0,0,0.03
palette-in,48000,weak-fundamental,soft,35,B1,1896,120,39.50,2.50,1,35,B1,32.00,38,0,0,225,225,0,0,0,0.04
palette-in,48000,full-fundamental,medium,36,C2,1896,120,39.50,2.50,1,36,C2,29.50,91,0,0,225,225,0,0,0,0.12
palette-in,48000,full-fundamental,soft,36,C2,1896,120,39.50,2.50,1,36,C2,29.50,28,0,0,225,225,0,0,0,0.12
palette-in,48000,weak-fundamental,medium,36,C2,1896,120,39.50,2.50,1,36,C2,27.00,99,0,0,225,225,0,0,0,0.05
palette-in,48000,weak-fundamental,soft,36,C2,1896,120,39.50,2.50,1,36,C2,27.00,37,0,0,225,225,0,0,0,0.07
palette-in,48000,full-fundamental,medium,37,C#2,1896,120,39.50,2.50,1,37,C#2,27.00,94,0,0,225,225,0,0,0,0.08
palette-in,48000,full-fundamental,soft,37,C#2,1896,120,39.50,2.50,1,37,C#2,27.00,31,0,0,225,225,0,0,0,0.10
palette-in,48000,weak-fundamental,medium,37,C#2,1896,120,39.50,2.50,1,37,C#2,27.00,91,0,0,225,225,0,0,0,0.05
palette-in,48000,weak-fundamental,soft,37,C#2,1896,120,39.50,2.50,1,37,C#2,27.00,28,0,0,225,225,0,0,0,0.07
palette-in,48000,full-fundamental,medium,38,D2,1896,120,39.50,2.50,1,38,D2,27.00,93,0,0,225,225,0,0,0,0.12
palette-in,48000,full-fundamental,soft,38,D2,1896,120,39.50,2.50,1,38,D2,27.00,30,0,0,225,225,0,0,0,0.11
palette-in,48000,weak-fundamental,medium,38,D2,1896,120,39.50,2.50,1,38,D2,27.00,95,0,0,225,225,0,0,0,0.04
palette-in,48000,weak-fundamental,soft,38,D2,1896,120,39.50,2.50,1,38,D2,27.00,33,0,0,225,225,0,0,0,0.04
palette-in,48000,full-fundamental,medium,39,D#2,1896,120,39.50,2.50,1,39,D#2,27.00,97,0,0,225,225,0,0,0,0.02
palette-in,48000,full-fundamental,soft,39,D#2,1896,120,39.50,2.50,1,39,D#2,27.00,34,0,0,225,225,0,0,0,0.03
palette-in,48000,weak-fundamental,medium,39,D#2,1896,120,39.50,2.50,1,39,D#2,27.00,95,0,0,225,225,0,0,0,0.02
palette-in,48000,weak-fundamental,soft,39,D#2,1896,120,39.50,2.50,1,39,D#2,27.00,32,0,0,225,225,0,0,0,0.03
palette-in,48000,full-fundamental,medium,40,E2,1896,120,39.50,2.50,1,40,E2,24.50,96,0,0,225,225,0,0,0,0.03
palette-in,48000,full-fundamental,soft,40,E2,1896,120,39.50,2.50,1,40,E2,24.50,33,0,0,225,225,0,0,0,0.05
palette-in,48000,weak-fundamental,medium,40,E2,1896,120,39.50,2.50,1,40,E2,22.00,93,0,0,225,225,0,0,0,0.03
palette-in,48000,weak-fundamental,soft,40,E2,1896,120,39.50,2.50,1,40,E2,22.00,30,0,0,225,225,0,0,0,0.03
palette-in,48000,full-fundamental,medium,41,F2,1896,120,39.50,2.50,1,41,F2,22.00,97,0,0,225,225,0,0,0,0.05
palette-in,48000,full-fundamental,soft,41,F2,1896,120,39.50,2.50,1,41,F2,22.00,35,0,0,225,225,0,0,0,0.05
palette-in,48000,weak-fundamental,medium,41,F2,1896,120,39.50,2.50,1,41,F2,22.00,93,0,0,225,225,0,0,0,0.02
palette-in,48000,weak-fundamental,soft,41,F2,1896,120,39.50,2.50,1,41,F2,22.00,30,0,0,225,225,0,0,0,0.03
palette-in,48000,full-fundamental,medium,42,F#2,1896,120,39.50,2.50,1,42,F#2,22.00,96,0,0,225,225,0,0,0,0.04
palette-in,48000,full-fundamental,soft,42,F#2,1896,120,39.50,2.50,1,42,F#2,22.00,33,0,0,225,225,0,0,0,0.05
palette-in,48000,weak-fundamental,medium,42,F#2,1896,120,39.50,2.50,1,42,F#2,22.00,88,0,0,225,225,0,0,0,0.02
palette-in,48000,weak-fundamental,soft,42,F#2,1896,120,39.50,2.50,1,42,F#2,22.00,26,0,0,225,225,0,0,0,0.03
palette-in,48000,full-fundamental,medium,43,G2,1896,120,39.50,2.50,1,43,G2,24.50,97,0,0,225,225,0,0,0,0.03
palette-in,48000,full-fundamental,soft,43,G2,1896,120,39.50,2.50,1,43,G2,24.50,34,0,0,225,225,0,0,0,0.05
palette-in,48000,weak-fundamental,medium,43,G2,1896,120,39.50,2.50,1,43,G2,24.50,94,0,0,225,225,0,0,0,0.02
palette-in,48000,weak-fundamental,soft,43,G2,1896,120,39.50,2.50,1,43,G2,24.50,31,0,0,225,225,0,0,0,0.02
palette-in,48000,full-fundamental,medium,44,G#2,1896,120,39.50,2.50,1,44,G#2,17.00,92,0,0,225,225,0,0,0,0.03
palette-in,48000,full-fundamental,soft,44,G#2,1896,120,39.50,2.50,1,44,G#2,17.00,29,0,0,225,225,0,0,0,0.04
palette-in,48000,weak-fundamental,medium,44,G#2,1896,120,39.50,2.50,1,44,G#2,19.50,96,0,0,225,225,0,0,0,0.02
palette-in,48000,weak-fundamental,soft,44,G#2,1896,120,39.50,2.50,1,44,G#2,19.50,33,0,0,225,225,0,0,0,0.03
palette-in,48000,full-fundamental,medium,45,A2,1896,120,39.50,2.50,1,45,A2,17.00,92,0,0,225,225,0,0,0,0.03
palette-in,48000,full-fundamental,soft,45,A2,1896,120,39.50,2.50,1,45,A2,17.00,29,0,0,225,225,0,0,0,0.04
palette-in,48000,weak-fundamental,medium,45,A2,1896,120,39.50,2.50,1,45,A2,19.50,94,0,0,225,225,0,0,0,0.02
palette-in,48000,weak-fundamental,soft,45,A2,1896,120,39.50,2.50,1,45,A2,19.50,31,0,0,225,225,0,0,0,0.03
palette-in,48000,full-fundamental,medium,46,A#2,1896,120,39.50,2.50,1,46,A#2,17.00,91,0,0,225,225,0,0,0,0.04
palette-in,48000,full-fundamental,soft,46,A#2,1896,120,39.50,2.50,1,46,A#2,17.00,28,0,0,225,225,0,0,0,0.04
palette-in,48000,weak-fundamental,medium,46,A#2,1896,120,39.50,2.50,1,46,A#2,19.50,92,0,0,225,225,0,0,0,0.01
palette-in,48000,weak-fundamental,soft,46,A#2,1896,120,39.50,2.50,1,46,A#2,19.50,30,0,0,225,225,0,0,0,0.03
palette-in,48000,full-fundamental,medium,47,B2,1896,120,39.50,2.50,1,47,B2,19.50,96,0,0,225,225,0,0,0,0.03
palette-in,48000,full-fundamental,soft,47,B2,1896,120,39.50,2.50,1,47,B2,19.50,33,0,0,225,225,0,0,0,0.04
palette-in,48000,weak-fundamental,medium,47,B2,1896,120,39.50,2.50,1,47,B2,19.50,99,0,0,225,225,0,0,0,0.01
palette-in,48000,weak-fundamental,soft,47,B2,1896,120,39.50,2.50,1,47,B2,19.50,36,0,0,225,225,0,0,0,0.03
palette-in,48000,full-fundamental,medium,48,C3,1896,120,39.50,2.50,1,48,C3,17.00,93,0,0,225,225,0,0,0,0.03
palette-in,48000,full-fundamental,soft,48,C3,1896,120,39.50,2.50,1,48,C3,17.00,31,0,0,225,225,0,0,0,0.04
palette-in,48000,weak-fundamental,medium,48,C3,1896,120,39.50,2.50,1,48,C3,17.00,92,0,0,225,225,0,0,0,0.02
palette-in,48000,weak-fundamental,soft,48,C3,1896,120,39.50,2.50,1,48,C3,17.00,29,0,0,225,225,0,0,0,0.03
palette-in,48000,full-fundamental,medium,49,C#3,1896,120,39.50,2.50,1,49,C#3,17.00,92,0,0,225,225,0,0,0,0.03
palette-in,48000,full-fundamental,soft,49,C#3,1896,120,39.50,2.50,1,49,C#3,17.00,29,0,0,225,225,0,0,0,0.04
palette-in,48000,weak-fundamental,medium,49,C#3,1896,120,39.50,2.50,1,49,C#3,17.00,93,0,0,225,225,0,0,0,0.01
palette-in,48000,weak-fundamental,soft,49,C#3,1896,120,39.50,2.50,1,49,C#3,17.00,30,0,0,225,225,0,0,0,0.03
palette-in,48000,full-fundamental,medium,50,D3,1896,120,39.50,2.50,1,50,D3,17.00,100,0,0,225,225,0,0,0,0.02
palette-in,48000,full-fundamental,soft,50,D3,1896,120,39.50,2.50,1,50,D3,17.00,37,0,0,225,225,0,0,0,0.04
palette-in,48000,weak-fundamental,medium,50,D3,1896,120,39.50,2.50,1,50,D3,17.00,98,0,0,225,225,0,0,0,0.01
palette-in,48000,weak-fundamental,soft,50,D3,1896,120,39.50,2.50,1,50,D3,17.00,35,0,0,225,225,0,0,0,0.03
palette-in,48000,full-fundamental,medium,51,D#3,1896,120,39.50,2.50,1,51,D#3,17.00,95,0,0,225,225,0,0,0,0.02
palette-in,48000,full-fundamental,soft,51,D#3,1896,120,39.50,2.50,1,51,D#3,17.00,32,0,0,225,225,0,0,0,0.04
palette-in,48000,weak-fundamental,medium,51,D#3,1896,120,39.50,2.50,1,51,D#3,17.00,90,0,0,225,225,0,0,0,0.01
palette-in,48000,weak-fundamental,soft,51,D#3,1896,120,39.50,2.50,1,51,D#3,17.00,27,0,0,225,225,0,0,0,0.02
palette-in,48000,full-fundamental,medium,52,E3,1896,120,39.50,2.50,1,52,E3,14.50,97,0,0,225,225,0,0,0,0.02
palette-in,48000,full-fundamental,soft,52,E3,1896,120,39.50,2.50,1,52,E3,14.50,34,0,0,225,225,0,0,0,0.04
palette-in,48000,weak-fundamental,medium,52,E3,1896,120,39.50,2.50,1,52,E3,14.50,96,0,0,225,225,0,0,0,0.02
palette-in,48000,weak-fundamental,soft,52,E3,1896,120,39.50,2.50,1,52,E3,14.50,33,0,0,225,225,0,0,0,0.03
palette-in,48000,full-fundamental,medium,53,F3,1896,120,39.50,2.50,1,53,F3,12.00,94,0,0,225,225,0,0,0,0.03
palette-in,48000,full-fundamental,soft,53,F3,1896,120,39.50,2.50,1,53,F3,12.00,31,0,0,225,225,0,0,0,0.05
palette-in,48000,weak-fundamental,medium,53,F3,1896,120,39.50,2.50,1,53,F3,14.50,90,0,0,225,225,0,0,0,0.02
palette-in,48000,weak-fundamental,soft,53,F3,1896,120,39.50,2.50,1,53,F3,14.50,27,0,0,225,225,0,0,0,0.03
palette-in,48000,full-fundamental,medium,54,F#3,1896,120,39.50,2.50,1,54,F#3,14.50,96,0,0,225,225,0,0,0,0.02
palette-in,48000,full-fundamental,soft,54,F#3,1896,120,39.50,2.50,1,54,F#3,14.50,33,0,0,225,225,0,0,0,0.04
palette-in,48000,weak-fundamental,medium,54,F#3,1896,120,39.50,2.50,1,54,F#3,14.50,93,0,0,225,225,0,0,0,0.01
palette-in,48000,weak-fundamental,soft,54,F#3,1896,120,39.50,2.50,1,54,F#3,14.50,30,0,0,225,225,0,0,0,0.03
palette-in,48000,full-fundamental,medium,55,G3,1896,120,39.50,2.50,1,55,G3,14.50,97,0,0,225,225,0,0,0,0.02
palette-in,48000,full-fundamental,soft,55,G3,1896,120,39.50,2.50,1,55,G3,14.50,34,0,0,225,225,0,0,0,0.04
palette-in,48000,weak-fundamental,medium,55,G3,1896,120,39.50,2.50,1,55,G3,14.50,89,0,0,225,225,0,0,0,0.01
palette-in,48000,weak-fundamental,soft,55,G3,1896,120,39.50,2.50,1,55,G3,14.50,26,0,0,225,225,0,0,0,0.03
palette-in,48000,full-fundamental,medium,56,G#3,1896,120,39.50,2.50,1,56,G#3,12.00,99,0,0,225,225,0,0,0,0.03
palette-in,48000,full-fundamental,soft,56,G#3,1896,120,39.50,2.50,1,56,G#3,12.00,36,0,0,225,225,0,0,0,0.06
palette-in,48000,weak-fundamental,medium,56,G#3,1896,120,39.50,2.50,1,56,G#3,12.00,91,0,0,225,225,0,0,0,0.02
palette-in,48000,weak-fundamental,soft,56,G#3,1896,120,39.50,2.50,1,56,G#3,12.00,29,0,0,225,225,0,0,0,0.04
palette-in,48000,full-fundamental,medium,57,A3,1896,120,39.50,2.50,1,57,A3,12.00,102,0,0,225,225,0,0,0,0.02
palette-in,48000,full-fundamental,soft,57,A3,1896,120,39.50,2.50,1,57,A3,12.00,39,0,0,225,225,0,0,0,0.05
palette-in,48000,weak-fundamental,medium,57,A3,1896,120,39.50,2.50,1,57,A3,12.00,96,0,0,225,225,0,0,0,0.03
palette-in,48000,weak-fundamental,soft,57,A3,1896,120,39.50,2.50,1,57,A3,12.00,33,0,0,225,225,0,0,0,0.04
palette-in,48000,full-fundamental,medium,58,A#3,1896,120,39.50,2.50,1,58,A#3,14.50,97,0,0,225,225,0,0,0,0.03
palette-in,48000,full-fundamental,soft,58,A#3,1896,120,39.50,2.50,1,58,A#3,14.50,34,0,0,225,225,0,0,0,0.04
palette-in,48000,weak-fundamental,medium,58,A#3,1896,120,39.50,2.50,1,58,A#3,14.50,94,0,0,225,225,0,0,0,0.02
palette-in,48000,weak-fundamental,soft,58,A#3,1896,120,39.50,2.50,1,58,A#3,14.50,31,0,0,225,225,0,0,0,0.03
palette-in,48000,full-fundamental,medium,59,B3,1896,120,39.50,2.50,1,59,B3,12.00,94,0,0,225,225,0,0,0,0.02
palette-in,48000,full-fundamental,soft,59,B3,1896,120,39.50,2.50,1,59,B3,12.00,32,0,0,225,225,0,0,0,0.04
palette-in,48000,weak-fundamental,medium,59,B3,1896,120,39.50,2.50,1,59,B3,14.50,93,0,0,225,225,0,0,0,0.02
palette-in,48000,weak-fundamental,soft,59,B3,1896,120,39.50,2.50,1,59,B3,14.50,30,0,0,225,225,0,0,0,0.04
palette-in,48000,full-fundamental,medium,60,C4,1896,120,39.50,2.50,1,60,C4,12.00,100,0,0,225,225,0,0,0,0.02
palette-in,48000,full-fundamental,soft,60,C4,1896,120,39.50,2.50,1,60,C4,12.00,37,0,0,225,225,0,0,0,0.05
palette-in,48000,weak-fundamental,medium,60,C4,1896,120,39.50,2.50,1,60,C4,12.00,97,0,0,225,225,0,0,0,0.01
palette-in,48000,weak-fundamental,soft,60,C4,1896,120,39.50,2.50,1,60,C4,12.00,34,0,0,225,225,0,0,0,0.04
palette-in,48000,full-fundamental,medium,61,C#4,1896,120,39.50,2.50,1,61,C#4,12.00,99,0,0,225,225,0,0,0,0.04
palette-in,48000,full-fundamental,soft,61,C#4,1896,120,39.50,2.50,1,61,C#4,12.00,36,0,0,225,225,0,0,0,0.06
palette-in,48000,weak-fundamental,medium,61,C#4,1896,120,39.50,2.50,1,61,C#4,14.50,92,0,0,225,225,0,0,0,0.04
palette-in,48000,weak-fundamental,soft,61,C#4,1896,120,39.50,2.50,1,61,C#4,14.50,29,0,0,225,225,0,0,0,0.05
palette-in,48000,full-fundamental,medium,62,D4,1896,120,39.50,2.50,1,62,D4,14.50,100,0,0,225,225,0,0,0,0.02
palette-in,48000,full-fundamental,soft,62,D4,1896,120,39.50,2.50,1,62,D4,14.50,37,0,0,225,225,0,0,0,0.05
palette-in,48000,weak-fundamental,medium,62,D4,1896,120,39.50,2.50,1,62,D4,14.50,97,0,0,225,225,0,0,0,0.02
palette-in,48000,weak-fundamental,soft,62,D4,1896,120,39.50,2.50,1,62,D4,14.50,34,0,0,225,225,0,0,0,0.04
palette-in,48000,full-fundamental,medium,63,D#4,1896,120,39.50,2.50,1,63,D#4,14.50,94,0,0,225,225,0,0,0,0.04
palette-in,48000,full-fundamental,soft,63,D#4,1896,120,39.50,2.50,1,63,D#4,14.50,32,0,0,225,225,0,0,0,0.06
palette-in,48000,weak-fundamental,medium,63,D#4,1896,120,39.50,2.50,1,63,D#4,14.50,98,0,0,225,225,0,0,0,0.04
palette-in,48000,weak-fundamental,soft,63,D#4,1896,120,39.50,2.50,1,63,D#4,14.50,35,0,0,225,225,0,0,0,0.05
palette-in,48000,full-fundamental,medium,64,E4,1896,120,39.50,2.50,1,64,E4,14.50,95,0,0,225,225,0,0,0,0.02
palette-in,48000,full-fundamental,soft,64,E4,1896,120,39.50,2.50,1,64,E4,14.50,32,0,0,225,225,0,0,0,0.06
palette-in,48000,weak-fundamental,medium,64,E4,1896,120,39.50,2.50,1,64,E4,14.50,95,0,0,225,225,0,0,0,0.01
palette-in,48000,weak-fundamental,soft,64,E4,1896,120,39.50,2.50,1,64,E4,14.50,32,0,0,225,225,0,0,0,0.05
palette-in,48000,full-fundamental,medium,65,F4,1896,120,39.50,2.50,1,65,F4,14.50,101,0,0,225,225,0,0,0,0.03
palette-in,48000,full-fundamental,soft,65,F4,1896,120,39.50,2.50,1,65,F4,14.50,38,0,0,225,225,0,0,0,0.06
palette-in,48000,weak-fundamental,medium,65,F4,1896,120,39.50,2.50,1,65,F4,14.50,96,0,0,225,225,0,0,0,0.03
palette-in,48000,weak-fundamental,soft,65,F4,1896,120,39.50,2.50,1,65,F4,14.50,33,0,0,225,225,0,0,0,0.05
palette-in,48000,full-fundamental,medium,66,F#4,1896,120,39.50,2.50,1,66,F#4,14.50,99,0,0,225,225,0,0,0,0.03
palette-in,48000,full-fundamental,soft,66,F#4,1896,120,39.50,2.50,1,66,F#4,14.50,36,0,0,225,225,0,0,0,0.05
palette-in,48000,weak-fundamental,medium,66,F#4,1896,120,39.50,2.50,1,66,F#4,14.50,94,0,0,225,225,0,0,0,0.02
palette-in,48000,weak-fundamental,soft,66,F#4,1896,120,39.50,2.50,1,66,F#4,14.50,31,0,0,225,225,0,0,0,0.05
palette-in,48000,full-fundamental,medium,67,G4,1896,120,39.50,2.50,1,67,G4,14.50,95,0,0,225,225,0,0,0,0.04
palette-in,48000,full-fundamental,soft,67,G4,1896,120,39.50,2.50,1,67,G4,14.50,32,0,0,225,225,0,0,0,0.07
palette-in,48000,weak-fundamental,medium,67,G4,1896,120,39.50,2.50,1,67,G4,14.50,89,0,0,225,225,0,0,0,0.04
palette-in,48000,weak-fundamental,soft,67,G4,1896,120,39.50,2.50,1,67,G4,14.50,26,0,0,225,225,0,0,0,0.05
palette-off-chromatic,48000,full-fundamental,medium,28,E1,1896,120,39.50,2.50,1,28,E1,44.50,98,0,0,225,225,0,0,0,0.16
palette-off-chromatic,48000,full-fundamental,soft,28,E1,1896,120,39.50,2.50,1,28,E1,44.50,35,0,0,225,225,0,0,0,0.15
palette-off-chromatic,48000,weak-fundamental,medium,28,E1,1896,120,39.50,2.50,1,28,E1,49.50,99,0,0,225,225,0,0,0,0.06
palette-off-chromatic,48000,weak-fundamental,soft,28,E1,1896,120,39.50,2.50,1,28,E1,49.50,36,0,0,225,225,0,0,0,0.07
palette-off-chromatic,48000,full-fundamental,medium,29,F1,1896,120,39.50,2.50,1,29,F1,44.50,99,0,0,225,225,0,0,0,0.12
palette-off-chromatic,48000,full-fundamental,soft,29,F1,1896,120,39.50,2.50,1,29,F1,44.50,37,0,0,225,225,0,0,0,0.13
palette-off-chromatic,48000,weak-fundamental,medium,29,F1,1896,120,39.50,2.50,1,29,F1,49.50,95,0,0,225,225,0,0,0,0.07
palette-off-chromatic,48000,weak-fundamental,soft,29,F1,1896,120,39.50,2.50,1,29,F1,49.50,32,0,0,225,225,0,0,0,0.06
palette-off-chromatic,48000,full-fundamental,medium,30,F#1,1896,120,39.50,2.50,1,30,F#1,49.50,96,0,0,225,225,0,0,0,0.11
palette-off-chromatic,48000,full-fundamental,soft,30,F#1,1896,120,39.50,2.50,1,30,F#1,49.50,33,0,0,225,225,0,0,0,0.12
palette-off-chromatic,48000,weak-fundamental,medium,30,F#1,1896,120,39.50,2.50,1,30,F#1,49.50,91,0,0,225,225,0,0,0,0.07
palette-off-chromatic,48000,weak-fundamental,soft,30,F#1,1896,120,39.50,2.50,1,30,F#1,49.50,28,0,0,225,225,0,0,0,0.08
palette-off-chromatic,48000,full-fundamental,medium,31,G1,1896,120,39.50,2.50,1,31,G1,49.50,100,0,0,225,225,0,0,0,0.10
palette-off-chromatic,48000,full-fundamental,soft,31,G1,1896,120,39.50,2.50,1,31,G1,49.50,37,0,0,225,225,0,0,0,0.10
palette-off-chromatic,48000,weak-fundamental,medium,31,G1,1896,120,39.50,2.50,1,31,G1,49.50,94,0,0,225,225,0,0,0,0.06
palette-off-chromatic,48000,weak-fundamental,soft,31,G1,1896,120,39.50,2.50,1,31,G1,49.50,31,0,0,225,225,0,0,0,0.06
palette-off-chromatic,48000,full-fundamental,medium,32,G#1,1896,120,39.50,2.50,1,32,G#1,44.50,99,0,0,225,225,0,0,0,0.14
palette-off-chromatic,48000,full-fundamental,soft,32,G#1,1896,120,39.50,2.50,1,32,G#1,44.50,36,0,0,225,225,0,0,0,0.15
palette-off-chromatic,48000,weak-fundamental,medium,32,G#1,1896,120,39.50,2.50,1,32,G#1,44.50,91,0,0,225,225,0,0,0,0.06
palette-off-chromatic,48000,weak-fundamental,soft,32,G#1,1896,120,39.50,2.50,1,32,G#1,44.50,28,0,0,225,225,0,0,0,0.07
palette-off-chromatic,48000,full-fundamental,medium,33,A1,1896,120,39.50,2.50,1,33,A1,44.50,95,0,0,225,225,0,0,0,0.12
palette-off-chromatic,48000,full-fundamental,soft,33,A1,1896,120,39.50,2.50,1,33,A1,44.50,32,0,0,225,225,0,0,0,0.12
palette-off-chromatic,48000,weak-fundamental,medium,33,A1,1896,120,39.50,2.50,1,33,A1,42.00,95,0,0,225,225,0,0,0,0.06
palette-off-chromatic,48000,weak-fundamental,soft,33,A1,1896,120,39.50,2.50,1,33,A1,42.00,32,0,0,225,225,0,0,0,0.07
palette-off-chromatic,48000,full-fundamental,medium,34,A#1,1896,120,39.50,2.50,1,34,A#1,44.50,99,0,0,225,225,0,0,0,0.09
palette-off-chromatic,48000,full-fundamental,soft,34,A#1,1896,120,39.50,2.50,1,34,A#1,44.50,36,0,0,225,225,0,0,0,0.09
palette-off-chromatic,48000,weak-fundamental,medium,34,A#1,1896,120,39.50,2.50,1,34,A#1,44.50,93,0,0,225,225,0,0,0,0.05
palette-off-chromatic,48000,weak-fundamental,soft,34,A#1,1896,120,39.50,2.50,1,34,A#1,44.50,30,0,0,225,225,0,0,0,0.05
palette-off-chromatic,48000,full-fundamental,medium,35,B1,1896,120,39.50,2.50,1,35,B1,44.50,92,0,0,225,225,0,0,0,0.08
palette-off-chromatic,48000,full-fundamental,soft,35,B1,1896,120,39.50,2.50,1,35,B1,44.50,29,0,0,225,225,0,0,0,0.08
palette-off-chromatic,48000,weak-fundamental,medium,35,B1,1896,120,39.50,2.50,1,35,B1,42.00,101,0,0,225,225,0,0,0,0.03
palette-off-chromatic,48000,weak-fundamental,soft,35,B1,1896,120,39.50,2.50,1,35,B1,42.00,38,0,0,225,225,0,0,0,0.04
palette-off-chromatic,48000,full-fundamental,medium,36,C2,1896,120,39.50,2.50,1,36,C2,39.50,91,0,0,225,225,0,0,0,0.12
palette-off-chromatic,48000,full-fundamental,soft,36,C2,1896,120,39.50,2.50,1,36,C2,39.50,28,0,0,225,225,0,0,0,0.12
palette-off-chromatic,48000,weak-fundamental,medium,36,C2,1896,120,39.50,2.50,1,36,C2,37.00,99,0,0,225,225,0,0,0,0.05
palette-off-chromatic,48000,weak-fundamental,soft,36,C2,1896,120,39.50,2.50,1,36,C2,37.00,37,0,0,225,225,0,0,0,0.07
palette-off-chromatic,48000,full-fundamental,medium,37,C#2,1896,120,39.50,2.50,1,37,C#2,37.00,94,0,0,225,225,0,0,0,0.08
palette-off-chromatic,48000,full-fundamental,soft,37,C#2,1896,120,39.50,2.50,1,37,C#2,37.00,31,0,0,225,225,0,0,0,0.10
palette-off-chromatic,48000,weak-fundamental,medium,37,C#2,1896,120,39.50,2.50,1,37,C#2,37.00,91,0,0,225,225,0,0,0,0.05
palette-off-chromatic,48000,weak-fundamental,soft,37,C#2,1896,120,39.50,2.50,1,37,C#2,37.00,28,0,0,225,225,0,0,0,0.07
palette-off-chromatic,48000,full-fundamental,medium,38,D2,1896,120,39.50,2.50,1,38,D2,37.00,93,0,0,225,225,0,0,0,0.12
palette-off-chromatic,48000,full-fundamental,soft,38,D2,1896,120,39.50,2.50,1,38,D2,37.00,30,0,0,225,225,0,0,0,0.11
palette-off-chromatic,48000,weak-fundamental,medium,38,D2,1896,120,39.50,2.50,1,38,D2,37.00,95,0,0,225,225,0,0,0,0.04
palette-off-chromatic,48000,weak-fundamental,soft,38,D2,1896,120,39.50,2.50,1,38,D2,37.00,33,0,0,225,225,0,0,0,0.04
palette-off-chromatic,48000,full-fundamental,medium,39,D#2,1896,120,39.50,2.50,1,39,D#2,49.50,97,0,0,225,225,0,0,0,0.02
palette-off-chromatic,48000,full-fundamental,soft,39,D#2,1896,120,39.50,2.50,1,39,D#2,49.50,34,0,0,225,225,0,0,0,0.03
palette-off-chromatic,48000,weak-fundamental,medium,39,D#2,1896,120,39.50,2.50,1,39,D#2,47.00,95,0,0,225,225,0,0,0,0.02
palette-off-chromatic,48000,weak-fundamental,soft,39,D#2,1896,120,39.50,2.50,1,39,D#2,47.00,32,0,0,225,225,0,0,0,0.03
palette-off-chromatic,48000,full-fundamental,medium,40,E2,1896,120,39.50,2.50,1,40,E2,52.00,96,0,0,225,225,0,0,0,0.03
palette-off-chromatic,48000,full-fundamental,soft,40,E2,1896,120,39.50,2.50,1,40,E2,52.00,33,0,0,225,225,0,0,0,0.05
palette-off-chromatic,48000,weak-fundamental,medium,40,E2,1896,120,39.50,2.50,1,40,E2,49.50,93,0,0,225,225,0,0,0,0.03
palette-off-chromatic,48000,weak-fundamental,soft,40,E2,1896,120,39.50,2.50,1,40,E2,49.50,30,0,0,225,225,0,0,0,0.03
palette-off-chromatic,48000,full-fundamental,medium,41,F2,1896,120,39.50,2.50,1,41,F2,52.00,97,0,0,225,225,0,0,0,0.05
palette-off-chromatic,48000,full-fundamental,soft,41,F2,1896,120,39.50,2.50,1,41,F2,52.00,35,0,0,225,225,0,0,0,0.05
palette-off-chromatic,48000,weak-fundamental,medium,41,F2,1896,120,39.50,2.50,1,41,F2,49.50,93,0,0,225,225,0,0,0,0.02
palette-off-chromatic,48000,weak-fundamental,soft,41,F2,1896,120,39.50,2.50,1,41,F2,49.50,30,0,0,225,225,0,0,0,0.03
palette-off-chromatic,48000,full-fundamental,medium,42,F#2,1896,120,39.50,2.50,1,42,F#2,52.00,96,0,0,225,225,0,0,0,0.04
palette-off-chromatic,48000,full-fundamental,soft,42,F#2,1896,120,39.50,2.50,1,42,F#2,52.00,33,0,0,225,225,0,0,0,0.05
palette-off-chromatic,48000,weak-fundamental,medium,42,F#2,1896,120,39.50,2.50,1,42,F#2,49.50,88,0,0,225,225,0,0,0,0.02
palette-off-chromatic,48000,weak-fundamental,soft,42,F#2,1896,120,39.50,2.50,1,42,F#2,49.50,26,0,0,225,225,0,0,0,0.03
palette-off-chromatic,48000,full-fundamental,medium,43,G2,1896,120,39.50,2.50,1,43,G2,49.50,97,0,0,225,225,0,0,0,0.03
palette-off-chromatic,48000,full-fundamental,soft,43,G2,1896,120,39.50,2.50,1,43,G2,49.50,34,0,0,225,225,0,0,0,0.05
palette-off-chromatic,48000,weak-fundamental,medium,43,G2,1896,120,39.50,2.50,1,43,G2,49.50,94,0,0,225,225,0,0,0,0.02
palette-off-chromatic,48000,weak-fundamental,soft,43,G2,1896,120,39.50,2.50,1,43,G2,49.50,31,0,0,225,225,0,0,0,0.02
palette-off-chromatic,48000,full-fundamental,medium,44,G#2,1896,120,39.50,2.50,1,44,G#2,44.50,92,0,0,225,225,0,0,0,0.03
palette-off-chromatic,48000,full-fundamental,soft,44,G#2,1896,120,39.50,2.50,1,44,G#2,44.50,29,0,0,225,225,0,0,0,0.04
palette-off-chromatic,48000,weak-fundamental,medium,44,G#2,1896,120,39.50,2.50,1,44,G#2,44.50,96,0,0,225,225,0,0,0,0.02
palette-off-chromatic,48000,weak-fundamental,soft,44,G#2,1896,120,39.50,2.50,1,44,G#2,44.50,33,0,0,225,225,0,0,0,0.03
palette-off-chromatic,48000,full-fundamental,medium,45,A2,1896,120,39.50,2.50,1,45,A2,42.00,92,0,0,225,225,0,0,0,0.03
palette-off-chromatic,48000,full-fundamental,soft,45,A2,1896,120,39.50,2.50,1,45,A2,42.00,29,0,0,225,225,0,0,0,0.04
palette-off-chromatic,48000,weak-fundamental,medium,45,A2,1896,120,39.50,2.50,1,45,A2,42.00,94,0,0,225,225,0,0,0,0.02
palette-off-chromatic,48000,weak-fundamental,soft,45,A2,1896,120,39.50,2.50,1,45,A2,42.00,31,0,0,225,225,0,0,0,0.03
palette-off-chromatic,48000,full-fundamental,medium,46,A#2,1896,120,39.50,2.50,1,46,A#2,44.50,91,0,0,225,225,0,0,0,0.04
palette-off-chromatic,48000,full-fundamental,soft,46,A#2,1896,120,39.50,2.50,1,46,A#2,44.50,28,0,0,225,225,0,0,0,0.04
palette-off-chromatic,48000,weak-fundamental,medium,46,A#2,1896,120,39.50,2.50,1,46,A#2,44.50,92,0,0,225,225,0,0,0,0.01
palette-off-chromatic,48000,weak-fundamental,soft,46,A#2,1896,120,39.50,2.50,1,46,A#2,44.50,30,0,0,225,225,0,0,0,0.03
palette-off-chromatic,48000,full-fundamental,medium,47,B2,1896,120,39.50,2.50,1,47,B2,44.50,96,0,0,225,225,0,0,0,0.03
palette-off-chromatic,48000,full-fundamental,soft,47,B2,1896,120,39.50,2.50,1,47,B2,44.50,33,0,0,225,225,0,0,0,0.04
palette-off-chromatic,48000,weak-fundamental,medium,47,B2,1896,120,39.50,2.50,1,47,B2,44.50,99,0,0,225,225,0,0,0,0.01
palette-off-chromatic,48000,weak-fundamental,soft,47,B2,1896,120,39.50,2.50,1,47,B2,44.50,36,0,0,225,225,0,0,0,0.03
palette-off-chromatic,48000,full-fundamental,medium,48,C3,1896,120,39.50,2.50,1,48,C3,39.50,93,0,0,225,225,0,0,0,0.03
palette-off-chromatic,48000,full-fundamental,soft,48,C3,1896,120,39.50,2.50,1,48,C3,39.50,31,0,0,225,225,0,0,0,0.04
palette-off-chromatic,48000,weak-fundamental,medium,48,C3,1896,120,39.50,2.50,1,48,C3,37.00,92,0,0,225,225,0,0,0,0.02
palette-off-chromatic,48000,weak-fundamental,soft,48,C3,1896,120,39.50,2.50,1,48,C3,37.00,29,0,0,225,225,0,0,0,0.03
palette-off-chromatic,48000,full-fundamental,medium,49,C#3,1896,120,39.50,2.50,1,49,C#3,39.50,92,0,0,225,225,0,0,0,0.03
palette-off-chromatic,48000,full-fundamental,soft,49,C#3,1896,120,39.50,2.50,1,49,C#3,39.50,29,0,0,225,225,0,0,0,0.04
palette-off-chromatic,48000,weak-fundamental,medium,49,C#3,1896,120,39.50,2.50,1,49,C#3,37.00,93,0,0,225,225,0,0,0,0.01
palette-off-chromatic,48000,weak-fundamental,soft,49,C#3,1896,120,39.50,2.50,1,49,C#3,37.00,30,0,0,225,225,0,0,0,0.03
palette-off-chromatic,48000,full-fundamental,medium,50,D3,1896,120,39.50,2.50,1,50,D3,39.50,100,0,0,225,225,0,0,0,0.02
palette-off-chromatic,48000,full-fundamental,soft,50,D3,1896,120,39.50,2.50,1,50,D3,39.50,37,0,0,225,225,0,0,0,0.04
palette-off-chromatic,48000,weak-fundamental,medium,50,D3,1896,120,39.50,2.50,1,50,D3,39.50,98,0,0,225,225,0,0,0,0.01
palette-off-chromatic,48000,weak-fundamental,soft,50,D3,1896,120,39.50,2.50,1,50,D3,39.50,35,0,0,225,225,0,0,0,0.03
palette-off-chromatic,48000,full-fundamental,medium,51,D#3,1896,120,39.50,2.50,1,51,D#3,39.50,95,0,0,225,225,0,0,0,0.02
palette-off-chromatic,48000,full-fundamental,soft,51,D#3,1896,120,39.50,2.50,1,51,D#3,39.50,32,0,0,225,225,0,0,0,0.04
palette-off-chromatic,48000,weak-fundamental,medium,51,D#3,1896,120,39.50,2.50,1,51,D#3,39.50,90,0,0,225,225,0,0,0,0.01
palette-off-chromatic,48000,weak-fundamental,soft,51,D#3,1896,120,39.50,2.50,1,51,D#3,39.50,27,0,0,225,225,0,0,0,0.02
palette-off-chromatic,48000,full-fundamental,medium,52,E3,1896,120,39.50,2.50,1,52,E3,32.00,97,0,0,225,225,0,0,0,0.02
palette-off-chromatic,48000,full-fundamental,soft,52,E3,1896,120,39.50,2.50,1,52,E3,32.00,34,0,0,225,225,0,0,0,0.04
palette-off-chromatic,48000,weak-fundamental,medium,52,E3,1896,120,39.50,2.50,1,52,E3,32.00,96,0,0,225,225,0,0,0,0.02
palette-off-chromatic,48000,weak-fundamental,soft,52,E3,1896,120,39.50,2.50,1,52,E3,32.00,33,0,0,225,225,0,0,0,0.03
palette-off-chromatic,48000,full-fundamental,medium,53,F3,1896,120,39.50,2.50,1,53,F3,32.00,94,0,0,225,225,0,0,0,0.03
palette-off-chromatic,48000,full-fundamental,soft,53,F3,1896,120,39.50,2.50,1,53,F3,32.00,31,0,0,225,225,0,0,0,0.05
palette-off-chromatic,48000,weak-fundamental,medium,53,F3,1896,120,39.50,2.50,1,53,F3,32.00,90,0,0,225,225,0,0,0,0.02
palette-off-chromatic,48000,weak-fundamental,soft,53,F3,1896,120,39.50,2.50,1,53,F3,32.00,27,0,0,225,225,0,0,0,0.03
palette-off-chromatic,48000,full-fundamental,medium,54,F#3,1896,120,39.50,2.50,1,54,F#3,32.00,96,0,0,225,225,0,0,0,0.02
palette-off-chromatic,48000,full-fundamental,soft,54,F#3,1896,120,39.50,2.50,1,54,F#3,32.00,33,0,0,225,225,0,0,0,0.04
palette-off-chromatic,48000,weak-fundamental,medium,54,F#3,1896,120,39.50,2.50,1,54,F#3,32.00,93,0,0,225,225,0,0,0,0.01
palette-off-chromatic,48000,weak-fundamental,soft,54,F#3,1896,120,39.50,2.50,1,54,F#3,32.00,30,0,0,225,225,0,0,0,0.03
palette-off-chromatic,48000,full-fundamental,medium,55,G3,1896,120,39.50,2.50,1,55,G3,32.00,97,0,0,225,225,0,0,0,0.02
palette-off-chromatic,48000,full-fundamental,soft,55,G3,1896,120,39.50,2.50,1,55,G3,32.00,34,0,0,225,225,0,0,0,0.04
palette-off-chromatic,48000,weak-fundamental,medium,55,G3,1896,120,39.50,2.50,1,55,G3,32.00,89,0,0,225,225,0,0,0,0.01
palette-off-chromatic,48000,weak-fundamental,soft,55,G3,1896,120,39.50,2.50,1,55,G3,32.00,26,0,0,225,225,0,0,0,0.03
palette-off-chromatic,48000,full-fundamental,medium,56,G#3,1896,120,39.50,2.50,1,56,G#3,29.50,99,0,0,225,225,0,0,0,0.03
palette-off-chromatic,48000,full-fundamental,soft,56,G#3,1896,120,39.50,2.50,1,56,G#3,29.50,36,0,0,225,225,0,0,0,0.06
palette-off-chromatic,48000,weak-fundamental,medium,56,G#3,1896,120,39.50,2.50,1,56,G#3,29.50,91,0,0,225,225,0,0,0,0.02
palette-off-chromatic,48000,weak-fundamental,soft,56,G#3,1896,120,39.50,2.50,1,56,G#3,29.50,29,0,0,225,225,0,0,0,0.04
palette-off-chromatic,48000,full-fundamental,medium,57,A3,1896,120,39.50,2.50,1,57,A3,27.00,102,0,0,225,225,0,0,0,0.02
palette-off-chromatic,48000,full-fundamental,soft,57,A3,1896,120,39.50,2.50,1,57,A3,27.00,39,0,0,225,225,0,0,0,0.05
palette-off-chromatic,48000,weak-fundamental,medium,57,A3,1896,120,39.50,2.50,1,57,A3,29.50,96,0,0,225,225,0,0,0,0.03
palette-off-chromatic,48000,weak-fundamental,soft,57,A3,1896,120,39.50,2.50,1,57,A3,29.50,33,0,0,225,225,0,0,0,0.04
palette-off-chromatic,48000,full-fundamental,medium,58,A#3,1896,120,39.50,2.50,1,58,A#3,29.50,97,0,0,225,225,0,0,0,0.03
palette-off-chromatic,48000,full-fundamental,soft,58,A#3,1896,120,39.50,2.50,1,58,A#3,29.50,34,0,0,225,225,0,0,0,0.04
palette-off-chromatic,48000,weak-fundamental,medium,58,A#3,1896,120,39.50,2.50,1,58,A#3,29.50,94,0,0,225,225,0,0,0,0.02
palette-off-chromatic,48000,weak-fundamental,soft,58,A#3,1896,120,39.50,2.50,1,58,A#3,29.50,31,0,0,225,225,0,0,0,0.03
palette-off-chromatic,48000,full-fundamental,medium,59,B3,1896,120,39.50,2.50,1,59,B3,29.50,94,0,0,225,225,0,0,0,0.02
palette-off-chromatic,48000,full-fundamental,soft,59,B3,1896,120,39.50,2.50,1,59,B3,29.50,32,0,0,225,225,0,0,0,0.04
palette-off-chromatic,48000,weak-fundamental,medium,59,B3,1896,120,39.50,2.50,1,59,B3,29.50,93,0,0,225,225,0,0,0,0.02
palette-off-chromatic,48000,weak-fundamental,soft,59,B3,1896,120,39.50,2.50,1,59,B3,29.50,30,0,0,225,225,0,0,0,0.04
palette-off-chromatic,48000,full-fundamental,medium,60,C4,1896,120,39.50,2.50,1,60,C4,24.50,100,0,0,225,225,0,0,0,0.02
palette-off-chromatic,48000,full-fundamental,soft,60,C4,1896,120,39.50,2.50,1,60,C4,24.50,37,0,0,225,225,0,0,0,0.05
palette-off-chromatic,48000,weak-fundamental,medium,60,C4,1896,120,39.50,2.50,1,60,C4,24.50,97,0,0,225,225,0,0,0,0.01
palette-off-chromatic,48000,weak-fundamental,soft,60,C4,1896,120,39.50,2.50,1,60,C4,24.50,34,0,0,225,225,0,0,0,0.04
palette-off-chromatic,48000,full-fundamental,medium,61,C#4,1896,120,39.50,2.50,1,61,C#4,24.50,99,0,0,225,225,0,0,0,0.04
palette-off-chromatic,48000,full-fundamental,soft,61,C#4,1896,120,39.50,2.50,1,61,C#4,24.50,36,0,0,225,225,0,0,0,0.06
palette-off-chromatic,48000,weak-fundamental,medium,61,C#4,1896,120,39.50,2.50,1,61,C#4,24.50,92,0,0,225,225,0,0,0,0.04
palette-off-chromatic,48000,weak-fundamental,soft,61,C#4,1896,120,39.50,2.50,1,61,C#4,24.50,29,0,0,225,225,0,0,0,0.05
palette-off-chromatic,48000,full-fundamental,medium,62,D4,1896,120,39.50,2.50,1,62,D4,27.00,100,0,0,225,225,0,0,0,0.02
palette-off-chromatic,48000,full-fundamental,soft,62,D4,1896,120,39.50,2.50,1,62,D4,27.00,37,0,0,225,225,0,0,0,0.05
palette-off-chromatic,48000,weak-fundamental,medium,62,D4,1896,120,39.50,2.50,1,62,D4,27.00,97,0,0,225,225,0,0,0,0.02
palette-off-chromatic,48000,weak-fundamental,soft,62,D4,1896,120,39.50,2.50,1,62,D4,27.00,34,0,0,225,225,0,0,0,0.04
palette-off-chromatic,48000,full-fundamental,medium,63,D#4,1896,120,39.50,2.50,1,63,D#4,27.00,94,0,0,225,225,0,0,0,0.04
palette-off-chromatic,48000,full-fundamental,soft,63,D#4,1896,120,39.50,2.50,1,63,D#4,27.00,32,0,0,225,225,0,0,0,0.06
palette-off-chromatic,48000,weak-fundamental,medium,63,D#4,1896,120,39.50,2.50,1,63,D#4,27.00,98,0,0,225,225,0,0,0,0.04
palette-off-chromatic,48000,weak-fundamental,soft,63,D#4,1896,120,39.50,2.50,1,63,D#4,27.00,35,0,0,225,225,0,0,0,0.05
palette-off-chromatic,48000,full-fundamental,medium,64,E4,1896,120,39.50,2.50,1,64,E4,24.50,95,0,0,225,225,0,0,0,0.02
palette-off-chromatic,48000,full-fundamental,soft,64,E4,1896,120,39.50,2.50,1,64,E4,24.50,32,0,0,225,225,0,0,0,0.06
palette-off-chromatic,48000,weak-fundamental,medium,64,E4,1896,120,39.50,2.50,1,64,E4,24.50,95,0,0,225,225,0,0,0,0.01
palette-off-chromatic,48000,weak-fundamental,soft,64,E4,1896,120,39.50,2.50,1,64,E4,24.50,32,0,0,225,225,0,0,0,0.05
palette-off-chromatic,48000,full-fundamental,medium,65,F4,1896,120,39.50,2.50,1,65,F4,24.50,101,0,0,225,225,0,0,0,0.03
palette-off-chromatic,48000,full-fundamental,soft,65,F4,1896,120,39.50,2.50,1,65,F4,24.50,38,0,0,225,225,0,0,0,0.06
palette-off-chromatic,48000,weak-fundamental,medium,65,F4,1896,120,39.50,2.50,1,65,F4,24.50,96,0,0,225,225,0,0,0,0.03
palette-off-chromatic,48000,weak-fundamental,soft,65,F4,1896,120,39.50,2.50,1,65,F4,24.50,33,0,0,225,225,0,0,0,0.05
palette-off-chromatic,48000,full-fundamental,medium,66,F#4,1896,120,39.50,2.50,1,66,F#4,24.50,99,0,0,225,225,0,0,0,0.03
palette-off-chromatic,48000,full-fundamental,soft,66,F#4,1896,120,39.50,2.50,1,66,F#4,24.50,36,0,0,225,225,0,0,0,0.05
palette-off-chromatic,48000,weak-fundamental,medium,66,F#4,1896,120,39.50,2.50,1,66,F#4,24.50,94,0,0,225,225,0,0,0,0.02
palette-off-chromatic,48000,weak-fundamental,soft,66,F#4,1896,120,39.50,2.50,1,66,F#4,24.50,31,0,0,225,225,0,0,0,0.05
palette-off-chromatic,48000,full-fundamental,medium,67,G4,1896,120,39.50,2.50,1,67,G4,24.50,95,0,0,225,225,0,0,0,0.04
palette-off-chromatic,48000,full-fundamental,soft,67,G4,1896,120,39.50,2.50,1,67,G4,24.50,32,0,0,225,225,0,0,0,0.07
palette-off-chromatic,48000,weak-fundamental,medium,67,G4,1896,120,39.50,2.50,1,67,G4,24.50,89,0,0,225,225,0,0,0,0.04
palette-off-chromatic,48000,weak-fundamental,soft,67,G4,1896,120,39.50,2.50,1,67,G4,24.50,26,0,0,225,225,0,0,0,0.05
palette-off-written-octave-up,48000,full-fundamental,medium,28,E1,1896,120,39.50,2.50,1,28,E1,64.50,98,0,0,225,225,0,0,0,0.16
palette-off-written-octave-up,48000,full-fundamental,soft,28,E1,1896,120,39.50,2.50,1,28,E1,64.50,35,0,0,225,225,0,0,0,0.15
palette-off-written-octave-up,48000,weak-fundamental,medium,28,E1,1896,120,39.50,2.50,1,28,E1,69.50,99,0,0,225,225,0,0,0,0.06
palette-off-written-octave-up,48000,weak-fundamental,soft,28,E1,1896,120,39.50,2.50,1,28,E1,69.50,36,0,0,225,225,0,0,0,0.07
palette-off-written-octave-up,48000,full-fundamental,medium,29,F1,1896,120,39.50,2.50,1,29,F1,64.50,99,0,0,225,225,0,0,0,0.12
palette-off-written-octave-up,48000,full-fundamental,soft,29,F1,1896,120,39.50,2.50,1,29,F1,64.50,37,0,0,225,225,0,0,0,0.13
palette-off-written-octave-up,48000,weak-fundamental,medium,29,F1,1896,120,39.50,2.50,1,29,F1,69.50,95,0,0,225,225,0,0,0,0.07
palette-off-written-octave-up,48000,weak-fundamental,soft,29,F1,1896,120,39.50,2.50,1,29,F1,69.50,32,0,0,225,225,0,0,0,0.06
palette-off-written-octave-up,48000,full-fundamental,medium,30,F#1,1896,120,39.50,2.50,1,30,F#1,69.50,96,0,0,225,225,0,0,0,0.11
palette-off-written-octave-up,48000,full-fundamental,soft,30,F#1,1896,120,39.50,2.50,1,30,F#1,69.50,33,0,0,225,225,0,0,0,0.12
palette-off-written-octave-up,48000,weak-fundamental,medium,30,F#1,1896,120,39.50,2.50,1,30,F#1,69.50,91,0,0,225,225,0,0,0,0.07
palette-off-written-octave-up,48000,weak-fundamental,soft,30,F#1,1896,120,39.50,2.50,1,30,F#1,69.50,28,0,0,225,225,0,0,0,0.08
palette-off-written-octave-up,48000,full-fundamental,medium,31,G1,1896,120,39.50,2.50,1,31,G1,69.50,100,0,0,225,225,0,0,0,0.10
palette-off-written-octave-up,48000,full-fundamental,soft,31,G1,1896,120,39.50,2.50,1,31,G1,69.50,37,0,0,225,225,0,0,0,0.10
palette-off-written-octave-up,48000,weak-fundamental,medium,31,G1,1896,120,39.50,2.50,1,31,G1,69.50,94,0,0,225,225,0,0,0,0.06
palette-off-written-octave-up,48000,weak-fundamental,soft,31,G1,1896,120,39.50,2.50,1,31,G1,69.50,31,0,0,225,225,0,0,0,0.06
palette-off-written-octave-up,48000,full-fundamental,medium,32,G#1,1896,120,39.50,2.50,1,32,G#1,64.50,99,0,0,225,225,0,0,0,0.14
palette-off-written-octave-up,48000,full-fundamental,soft,32,G#1,1896,120,39.50,2.50,1,32,G#1,64.50,36,0,0,225,225,0,0,0,0.15
palette-off-written-octave-up,48000,weak-fundamental,medium,32,G#1,1896,120,39.50,2.50,1,32,G#1,64.50,91,0,0,225,225,0,0,0,0.06
palette-off-written-octave-up,48000,weak-fundamental,soft,32,G#1,1896,120,39.50,2.50,1,32,G#1,64.50,28,0,0,225,225,0,0,0,0.07
palette-off-written-octave-up,48000,full-fundamental,medium,33,A1,1896,120,39.50,2.50,1,33,A1,64.50,95,0,0,225,225,0,0,0,0.12
palette-off-written-octave-up,48000,full-fundamental,soft,33,A1,1896,120,39.50,2.50,1,33,A1,64.50,32,0,0,225,225,0,0,0,0.12
palette-off-written-octave-up,48000,weak-fundamental,medium,33,A1,1896,120,39.50,2.50,1,33,A1,62.00,95,0,0,225,225,0,0,0,0.06
palette-off-written-octave-up,48000,weak-fundamental,soft,33,A1,1896,120,39.50,2.50,1,33,A1,62.00,32,0,0,225,225,0,0,0,0.07
palette-off-written-octave-up,48000,full-fundamental,medium,34,A#1,1896,120,39.50,2.50,1,34,A#1,64.50,99,0,0,225,225,0,0,0,0.09
palette-off-written-octave-up,48000,full-fundamental,soft,34,A#1,1896,120,39.50,2.50,1,34,A#1,64.50,36,0,0,225,225,0,0,0,0.09
palette-off-written-octave-up,48000,weak-fundamental,medium,34,A#1,1896,120,39.50,2.50,1,34,A#1,64.50,93,0,0,225,225,0,0,0,0.05
palette-off-written-octave-up,48000,weak-fundamental,soft,34,A#1,1896,120,39.50,2.50,1,34,A#1,64.50,30,0,0,225,225,0,0,0,0.05
palette-off-written-octave-up,48000,full-fundamental,medium,35,B1,1896,120,39.50,2.50,1,35,B1,64.50,92,0,0,225,225,0,0,0,0.08
palette-off-written-octave-up,48000,full-fundamental,soft,35,B1,1896,120,39.50,2.50,1,35,B1,64.50,29,0,0,225,225,0,0,0,0.08
palette-off-written-octave-up,48000,weak-fundamental,medium,35,B1,1896,120,39.50,2.50,1,35,B1,62.00,101,0,0,225,225,0,0,0,0.03
palette-off-written-octave-up,48000,weak-fundamental,soft,35,B1,1896,120,39.50,2.50,1,35,B1,62.00,38,0,0,225,225,0,0,0,0.04
palette-off-written-octave-up,48000,full-fundamental,medium,36,C2,1896,120,39.50,2.50,1,36,C2,59.50,91,0,0,225,225,0,0,0,0.12
palette-off-written-octave-up,48000,full-fundamental,soft,36,C2,1896,120,39.50,2.50,1,36,C2,59.50,28,0,0,225,225,0,0,0,0.12
palette-off-written-octave-up,48000,weak-fundamental,medium,36,C2,1896,120,39.50,2.50,1,36,C2,57.00,99,0,0,225,225,0,0,0,0.05
palette-off-written-octave-up,48000,weak-fundamental,soft,36,C2,1896,120,39.50,2.50,1,36,C2,57.00,37,0,0,225,225,0,0,0,0.07
palette-off-written-octave-up,48000,full-fundamental,medium,37,C#2,1896,120,39.50,2.50,1,37,C#2,57.00,94,0,0,225,225,0,0,0,0.08
palette-off-written-octave-up,48000,full-fundamental,soft,37,C#2,1896,120,39.50,2.50,1,37,C#2,57.00,31,0,0,225,225,0,0,0,0.10
palette-off-written-octave-up,48000,weak-fundamental,medium,37,C#2,1896,120,39.50,2.50,1,37,C#2,57.00,91,0,0,225,225,0,0,0,0.05
palette-off-written-octave-up,48000,weak-fundamental,soft,37,C#2,1896,120,39.50,2.50,1,37,C#2,57.00,28,0,0,225,225,0,0,0,0.07
palette-off-written-octave-up,48000,full-fundamental,medium,38,D2,1896,120,39.50,2.50,1,38,D2,57.00,93,0,0,225,225,0,0,0,0.12
palette-off-written-octave-up,48000,full-fundamental,soft,38,D2,1896,120,39.50,2.50,1,38,D2,57.00,30,0,0,225,225,0,0,0,0.11
palette-off-written-octave-up,48000,weak-fundamental,medium,38,D2,1896,120,39.50,2.50,1,38,D2,57.00,95,0,0,225,225,0,0,0,0.04
palette-off-written-octave-up,48000,weak-fundamental,soft,38,D2,1896,120,39.50,2.50,1,38,D2,57.00,33,0,0,225,225,0,0,0,0.04
palette-off-written-octave-up,48000,full-fundamental,medium,39,D#2,1896,120,39.50,2.50,1,39,D#2,69.50,97,0,0,225,225,0,0,0,0.02
palette-off-written-octave-up,48000,full-fundamental,soft,39,D#2,1896,120,39.50,2.50,1,39,D#2,69.50,34,0,0,225,225,0,0,0,0.03
palette-off-written-octave-up,48000,weak-fundamental,medium,39,D#2,1896,120,39.50,2.50,1,39,D#2,67.00,95,0,0,225,225,0,0,0,0.02
palette-off-written-octave-up,48000,weak-fundamental,soft,39,D#2,1896,120,39.50,2.50,1,39,D#2,67.00,32,0,0,225,225,0,0,0,0.03
palette-off-written-octave-up,48000,full-fundamental,medium,40,E2,1896,120,39.50,2.50,1,40,E2,72.00,96,0,0,225,225,0,0,0,0.03
palette-off-written-octave-up,48000,full-fundamental,soft,40,E2,1896,120,39.50,2.50,1,40,E2,72.00,33,0,0,225,225,0,0,0,0.05
palette-off-written-octave-up,48000,weak-fundamental,medium,40,E2,1896,120,39.50,2.50,1,40,E2,69.50,93,0,0,225,225,0,0,0,0.03
palette-off-written-octave-up,48000,weak-fundamental,soft,40,E2,1896,120,39.50,2.50,1,40,E2,69.50,30,0,0,225,225,0,0,0,0.03
palette-off-written-octave-up,48000,full-fundamental,medium,41,F2,1896,120,39.50,2.50,1,41,F2,72.00,97,0,0,225,225,0,0,0,0.05
palette-off-written-octave-up,48000,full-fundamental,soft,41,F2,1896,120,39.50,2.50,1,41,F2,72.00,35,0,0,225,225,0,0,0,0.05
palette-off-written-octave-up,48000,weak-fundamental,medium,41,F2,1896,120,39.50,2.50,1,41,F2,69.50,93,0,0,225,225,0,0,0,0.02
palette-off-written-octave-up,48000,weak-fundamental,soft,41,F2,1896,120,39.50,2.50,1,41,F2,69.50,30,0,0,225,225,0,0,0,0.03
palette-off-written-octave-up,48000,full-fundamental,medium,42,F#2,1896,120,39.50,2.50,1,42,F#2,72.00,96,0,0,225,225,0,0,0,0.04
palette-off-written-octave-up,48000,full-fundamental,soft,42,F#2,1896,120,39.50,2.50,1,42,F#2,72.00,33,0,0,225,225,0,0,0,0.05
palette-off-written-octave-up,48000,weak-fundamental,medium,42,F#2,1896,120,39.50,2.50,1,42,F#2,69.50,88,0,0,225,225,0,0,0,0.02
palette-off-written-octave-up,48000,weak-fundamental,soft,42,F#2,1896,120,39.50,2.50,1,42,F#2,69.50,26,0,0,225,225,0,0,0,0.03
palette-off-written-octave-up,48000,full-fundamental,medium,43,G2,1896,120,39.50,2.50,1,43,G2,69.50,97,0,0,225,225,0,0,0,0.03
palette-off-written-octave-up,48000,full-fundamental,soft,43,G2,1896,120,39.50,2.50,1,43,G2,69.50,34,0,0,225,225,0,0,0,0.05
palette-off-written-octave-up,48000,weak-fundamental,medium,43,G2,1896,120,39.50,2.50,1,43,G2,69.50,94,0,0,225,225,0,0,0,0.02
palette-off-written-octave-up,48000,weak-fundamental,soft,43,G2,1896,120,39.50,2.50,1,43,G2,69.50,31,0,0,225,225,0,0,0,0.02
palette-off-written-octave-up,48000,full-fundamental,medium,44,G#2,1896,120,39.50,2.50,1,44,G#2,64.50,92,0,0,225,225,0,0,0,0.03
palette-off-written-octave-up,48000,full-fundamental,soft,44,G#2,1896,120,39.50,2.50,1,44,G#2,64.50,29,0,0,225,225,0,0,0,0.04
palette-off-written-octave-up,48000,weak-fundamental,medium,44,G#2,1896,120,39.50,2.50,1,44,G#2,64.50,96,0,0,225,225,0,0,0,0.02
palette-off-written-octave-up,48000,weak-fundamental,soft,44,G#2,1896,120,39.50,2.50,1,44,G#2,64.50,33,0,0,225,225,0,0,0,0.03
palette-off-written-octave-up,48000,full-fundamental,medium,45,A2,1896,120,39.50,2.50,1,45,A2,62.00,92,0,0,225,225,0,0,0,0.03
palette-off-written-octave-up,48000,full-fundamental,soft,45,A2,1896,120,39.50,2.50,1,45,A2,62.00,29,0,0,225,225,0,0,0,0.04
palette-off-written-octave-up,48000,weak-fundamental,medium,45,A2,1896,120,39.50,2.50,1,45,A2,62.00,94,0,0,225,225,0,0,0,0.02
palette-off-written-octave-up,48000,weak-fundamental,soft,45,A2,1896,120,39.50,2.50,1,45,A2,62.00,31,0,0,225,225,0,0,0,0.03
palette-off-written-octave-up,48000,full-fundamental,medium,46,A#2,1896,120,39.50,2.50,1,46,A#2,64.50,91,0,0,225,225,0,0,0,0.04
palette-off-written-octave-up,48000,full-fundamental,soft,46,A#2,1896,120,39.50,2.50,1,46,A#2,64.50,28,0,0,225,225,0,0,0,0.04
palette-off-written-octave-up,48000,weak-fundamental,medium,46,A#2,1896,120,39.50,2.50,1,46,A#2,64.50,92,0,0,225,225,0,0,0,0.01
palette-off-written-octave-up,48000,weak-fundamental,soft,46,A#2,1896,120,39.50,2.50,1,46,A#2,64.50,30,0,0,225,225,0,0,0,0.03
palette-off-written-octave-up,48000,full-fundamental,medium,47,B2,1896,120,39.50,2.50,1,47,B2,64.50,96,0,0,225,225,0,0,0,0.03
palette-off-written-octave-up,48000,full-fundamental,soft,47,B2,1896,120,39.50,2.50,1,47,B2,64.50,33,0,0,225,225,0,0,0,0.04
palette-off-written-octave-up,48000,weak-fundamental,medium,47,B2,1896,120,39.50,2.50,1,47,B2,64.50,99,0,0,225,225,0,0,0,0.01
palette-off-written-octave-up,48000,weak-fundamental,soft,47,B2,1896,120,39.50,2.50,1,47,B2,64.50,36,0,0,225,225,0,0,0,0.03
palette-off-written-octave-up,48000,full-fundamental,medium,48,C3,1896,120,39.50,2.50,1,48,C3,59.50,93,0,0,225,225,0,0,0,0.03
palette-off-written-octave-up,48000,full-fundamental,soft,48,C3,1896,120,39.50,2.50,1,48,C3,59.50,31,0,0,225,225,0,0,0,0.04
palette-off-written-octave-up,48000,weak-fundamental,medium,48,C3,1896,120,39.50,2.50,1,48,C3,57.00,92,0,0,225,225,0,0,0,0.02
palette-off-written-octave-up,48000,weak-fundamental,soft,48,C3,1896,120,39.50,2.50,1,48,C3,57.00,29,0,0,225,225,0,0,0,0.03
palette-off-written-octave-up,48000,full-fundamental,medium,49,C#3,1896,120,39.50,2.50,1,49,C#3,59.50,92,0,0,225,225,0,0,0,0.03
palette-off-written-octave-up,48000,full-fundamental,soft,49,C#3,1896,120,39.50,2.50,1,49,C#3,59.50,29,0,0,225,225,0,0,0,0.04
palette-off-written-octave-up,48000,weak-fundamental,medium,49,C#3,1896,120,39.50,2.50,1,49,C#3,57.00,93,0,0,225,225,0,0,0,0.01
palette-off-written-octave-up,48000,weak-fundamental,soft,49,C#3,1896,120,39.50,2.50,1,49,C#3,57.00,30,0,0,225,225,0,0,0,0.03
palette-off-written-octave-up,48000,full-fundamental,medium,50,D3,1896,120,39.50,2.50,1,50,D3,59.50,100,0,0,225,225,0,0,0,0.02
palette-off-written-octave-up,48000,full-fundamental,soft,50,D3,1896,120,39.50,2.50,1,50,D3,59.50,37,0,0,225,225,0,0,0,0.04
palette-off-written-octave-up,48000,weak-fundamental,medium,50,D3,1896,120,39.50,2.50,1,50,D3,59.50,98,0,0,225,225,0,0,0,0.01
palette-off-written-octave-up,48000,weak-fundamental,soft,50,D3,1896,120,39.50,2.50,1,50,D3,59.50,35,0,0,225,225,0,0,0,0.03
palette-off-written-octave-up,48000,full-fundamental,medium,51,D#3,1896,120,39.50,2.50,1,51,D#3,59.50,95,0,0,225,225,0,0,0,0.02
palette-off-written-octave-up,48000,full-fundamental,soft,51,D#3,1896,120,39.50,2.50,1,51,D#3,59.50,32,0,0,225,225,0,0,0,0.04
palette-off-written-octave-up,48000,weak-fundamental,medium,51,D#3,1896,120,39.50,2.50,1,51,D#3,59.50,90,0,0,225,225,0,0,0,0.01
palette-off-written-octave-up,48000,weak-fundamental,soft,51,D#3,1896,120,39.50,2.50,1,51,D#3,59.50,27,0,0,225,225,0,0,0,0.02
palette-off-written-octave-up,48000,full-fundamental,medium,52,E3,1896,120,39.50,2.50,1,52,E3,52.00,97,0,0,225,225,0,0,0,0.02
palette-off-written-octave-up,48000,full-fundamental,soft,52,E3,1896,120,39.50,2.50,1,52,E3,52.00,34,0,0,225,225,0,0,0,0.04
palette-off-written-octave-up,48000,weak-fundamental,medium,52,E3,1896,120,39.50,2.50,1,52,E3,52.00,96,0,0,225,225,0,0,0,0.02
palette-off-written-octave-up,48000,weak-fundamental,soft,52,E3,1896,120,39.50,2.50,1,52,E3,52.00,33,0,0,225,225,0,0,0,0.03
palette-off-written-octave-up,48000,full-fundamental,medium,53,F3,1896,120,39.50,2.50,1,53,F3,52.00,94,0,0,225,225,0,0,0,0.03
palette-off-written-octave-up,48000,full-fundamental,soft,53,F3,1896,120,39.50,2.50,1,53,F3,52.00,31,0,0,225,225,0,0,0,0.05
palette-off-written-octave-up,48000,weak-fundamental,medium,53,F3,1896,120,39.50,2.50,1,53,F3,52.00,90,0,0,225,225,0,0,0,0.02
palette-off-written-octave-up,48000,weak-fundamental,soft,53,F3,1896,120,39.50,2.50,1,53,F3,52.00,27,0,0,225,225,0,0,0,0.03
palette-off-written-octave-up,48000,full-fundamental,medium,54,F#3,1896,120,39.50,2.50,1,54,F#3,52.00,96,0,0,225,225,0,0,0,0.02
palette-off-written-octave-up,48000,full-fundamental,soft,54,F#3,1896,120,39.50,2.50,1,54,F#3,52.00,33,0,0,225,225,0,0,0,0.04
palette-off-written-octave-up,48000,weak-fundamental,medium,54,F#3,1896,120,39.50,2.50,1,54,F#3,52.00,93,0,0,225,225,0,0,0,0.01
palette-off-written-octave-up,48000,weak-fundamental,soft,54,F#3,1896,120,39.50,2.50,1,54,F#3,52.00,30,0,0,225,225,0,0,0,0.03
palette-off-written-octave-up,48000,full-fundamental,medium,55,G3,1896,120,39.50,2.50,1,55,G3,52.00,97,0,0,225,225,0,0,0,0.02
palette-off-written-octave-up,48000,full-fundamental,soft,55,G3,1896,120,39.50,2.50,1,55,G3,52.00,34,0,0,225,225,0,0,0,0.04
palette-off-written-octave-up,48000,weak-fundamental,medium,55,G3,1896,120,39.50,2.50,1,55,G3,52.00,89,0,0,225,225,0,0,0,0.01
palette-off-written-octave-up,48000,weak-fundamental,soft,55,G3,1896,120,39.50,2.50,1,55,G3,52.00,26,0,0,225,225,0,0,0,0.03
palette-off-written-octave-up,48000,full-fundamental,medium,56,G#3,1896,120,39.50,2.50,1,56,G#3,49.50,99,0,0,225,225,0,0,0,0.03
palette-off-written-octave-up,48000,full-fundamental,soft,56,G#3,1896,120,39.50,2.50,1,56,G#3,49.50,36,0,0,225,225,0,0,0,0.06
palette-off-written-octave-up,48000,weak-fundamental,medium,56,G#3,1896,120,39.50,2.50,1,56,G#3,49.50,91,0,0,225,225,0,0,0,0.02
palette-off-written-octave-up,48000,weak-fundamental,soft,56,G#3,1896,120,39.50,2.50,1,56,G#3,49.50,29,0,0,225,225,0,0,0,0.04
palette-off-written-octave-up,48000,full-fundamental,medium,57,A3,1896,120,39.50,2.50,1,57,A3,47.00,102,0,0,225,225,0,0,0,0.02
palette-off-written-octave-up,48000,full-fundamental,soft,57,A3,1896,120,39.50,2.50,1,57,A3,47.00,39,0,0,225,225,0,0,0,0.05
palette-off-written-octave-up,48000,weak-fundamental,medium,57,A3,1896,120,39.50,2.50,1,57,A3,49.50,96,0,0,225,225,0,0,0,0.03
palette-off-written-octave-up,48000,weak-fundamental,soft,57,A3,1896,120,39.50,2.50,1,57,A3,49.50,33,0,0,225,225,0,0,0,0.04
palette-off-written-octave-up,48000,full-fundamental,medium,58,A#3,1896,120,39.50,2.50,1,58,A#3,49.50,97,0,0,225,225,0,0,0,0.03
palette-off-written-octave-up,48000,full-fundamental,soft,58,A#3,1896,120,39.50,2.50,1,58,A#3,49.50,34,0,0,225,225,0,0,0,0.04
palette-off-written-octave-up,48000,weak-fundamental,medium,58,A#3,1896,120,39.50,2.50,1,58,A#3,49.50,94,0,0,225,225,0,0,0,0.02
palette-off-written-octave-up,48000,weak-fundamental,soft,58,A#3,1896,120,39.50,2.50,1,58,A#3,49.50,31,0,0,225,225,0,0,0,0.03
palette-off-written-octave-up,48000,full-fundamental,medium,59,B3,1896,120,39.50,2.50,1,59,B3,49.50,94,0,0,225,225,0,0,0,0.02
palette-off-written-octave-up,48000,full-fundamental,soft,59,B3,1896,120,39.50,2.50,1,59,B3,49.50,32,0,0,225,225,0,0,0,0.04
palette-off-written-octave-up,48000,weak-fundamental,medium,59,B3,1896,120,39.50,2.50,1,59,B3,49.50,93,0,0,225,225,0,0,0,0.02
palette-off-written-octave-up,48000,weak-fundamental,soft,59,B3,1896,120,39.50,2.50,1,59,B3,49.50,30,0,0,225,225,0,0,0,0.04
palette-off-written-octave-up,48000,full-fundamental,medium,60,C4,1896,120,39.50,2.50,1,60,C4,44.50,100,0,0,225,225,0,0,0,0.02
palette-off-written-octave-up,48000,full-fundamental,soft,60,C4,1896,120,39.50,2.50,1,60,C4,44.50,37,0,0,225,225,0,0,0,0.05
palette-off-written-octave-up,48000,weak-fundamental,medium,60,C4,1896,120,39.50,2.50,1,60,C4,44.50,97,0,0,225,225,0,0,0,0.01
palette-off-written-octave-up,48000,weak-fundamental,soft,60,C4,1896,120,39.50,2.50,1,60,C4,44.50,34,0,0,225,225,0,0,0,0.04
palette-off-written-octave-up,48000,full-fundamental,medium,61,C#4,1896,120,39.50,2.50,1,61,C#4,44.50,99,0,0,225,225,0,0,0,0.04
palette-off-written-octave-up,48000,full-fundamental,soft,61,C#4,1896,120,39.50,2.50,1,61,C#4,44.50,36,0,0,225,225,0,0,0,0.06
palette-off-written-octave-up,48000,weak-fundamental,medium,61,C#4,1896,120,39.50,2.50,1,61,C#4,44.50,92,0,0,225,225,0,0,0,0.04
palette-off-written-octave-up,48000,weak-fundamental,soft,61,C#4,1896,120,39.50,2.50,1,61,C#4,44.50,29,0,0,225,225,0,0,0,0.05
palette-off-written-octave-up,48000,full-fundamental,medium,62,D4,1896,120,39.50,2.50,1,62,D4,47.00,100,0,0,225,225,0,0,0,0.02
palette-off-written-octave-up,48000,full-fundamental,soft,62,D4,1896,120,39.50,2.50,1,62,D4,47.00,37,0,0,225,225,0,0,0,0.05
palette-off-written-octave-up,48000,weak-fundamental,medium,62,D4,1896,120,39.50,2.50,1,62,D4,47.00,97,0,0,225,225,0,0,0,0.02
palette-off-written-octave-up,48000,weak-fundamental,soft,62,D4,1896,120,39.50,2.50,1,62,D4,47.00,34,0,0,225,225,0,0,0,0.04
palette-off-written-octave-up,48000,full-fundamental,medium,63,D#4,1896,120,39.50,2.50,1,63,D#4,47.00,94,0,0,225,225,0,0,0,0.04
palette-off-written-octave-up,48000,full-fundamental,soft,63,D#4,1896,120,39.50,2.50,1,63,D#4,47.00,32,0,0,225,225,0,0,0,0.06
palette-off-written-octave-up,48000,weak-fundamental,medium,63,D#4,1896,120,39.50,2.50,1,63,D#4,47.00,98,0,0,225,225,0,0,0,0.04
palette-off-written-octave-up,48000,weak-fundamental,soft,63,D#4,1896,120,39.50,2.50,1,63,D#4,47.00,35,0,0,225,225,0,0,0,0.05
palette-off-written-octave-up,48000,full-fundamental,medium,64,E4,1896,120,39.50,2.50,1,64,E4,44.50,95,0,0,225,225,0,0,0,0.02
palette-off-written-octave-up,48000,full-fundamental,soft,64,E4,1896,120,39.50,2.50,1,64,E4,44.50,32,0,0,225,225,0,0,0,0.06
palette-off-written-octave-up,48000,weak-fundamental,medium,64,E4,1896,120,39.50,2.50,1,64,E4,44.50,95,0,0,225,225,0,0,0,0.01
palette-off-written-octave-up,48000,weak-fundamental,soft,64,E4,1896,120,39.50,2.50,1,64,E4,44.50,32,0,0,225,225,0,0,0,0.05
palette-off-written-octave-up,48000,full-fundamental,medium,65,F4,1896,120,39.50,2.50,1,65,F4,44.50,101,0,0,225,225,0,0,0,0.03
palette-off-written-octave-up,48000,full-fundamental,soft,65,F4,1896,120,39.50,2.50,1,65,F4,44.50,38,0,0,225,225,0,0,0,0.06
palette-off-written-octave-up,48000,weak-fundamental,medium,65,F4,1896,120,39.50,2.50,1,65,F4,44.50,96,0,0,225,225,0,0,0,0.03
palette-off-written-octave-up,48000,weak-fundamental,soft,65,F4,1896,120,39.50,2.50,1,65,F4,44.50,33,0,0,225,225,0,0,0,0.05
palette-off-written-octave-up,48000,full-fundamental,medium,66,F#4,1896,120,39.50,2.50,1,66,F#4,44.50,99,0,0,225,225,0,0,0,0.03
palette-off-written-octave-up,48000,full-fundamental,soft,66,F#4,1896,120,39.50,2.50,1,66,F#4,44.50,36,0,0,225,225,0,0,0,0.05
palette-off-written-octave-up,48000,weak-fundamental,medium,66,F#4,1896,120,39.50,2.50,1,66,F#4,44.50,94,0,0,225,225,0,0,0,0.02
palette-off-written-octave-up,48000,weak-fundamental,soft,66,F#4,1896,120,39.50,2.50,1,66,F#4,44.50,31,0,0,225,225,0,0,0,0.05
palette-off-written-octave-up,48000,full-fundamental,medium,67,G4,1896,120,39.50,2.50,1,67,G4,44.50,95,0,0,225,225,0,0,0,0.04
palette-off-written-octave-up,48000,full-fundamental,soft,67,G4,1896,120,39.50,2.50,1,67,G4,44.50,32,0,0,225,225,0,0,0,0.07
palette-off-written-octave-up,48000,weak-fundamental,medium,67,G4,1896,120,39.50,2.50,1,67,G4,44.50,89,0,0,225,225,0,0,0,0.04
palette-off-written-octave-up,48000,weak-fundamental,soft,67,G4,1896,120,39.50,2.50,1,67,G4,44.50,26,0,0,225,225,0,0,0,0.05
palette-off-written-octave-down,48000,full-fundamental,medium,28,E1,1896,120,39.50,2.50,1,28,E1,64.50,98,0,0,225,225,0,0,0,0.16
palette-off-written-octave-down,48000,full-fundamental,soft,28,E1,1896,120,39.50,2.50,1,28,E1,64.50,35,0,0,225,225,0,0,0,0.15
palette-off-written-octave-down,48000,weak-fundamental,medium,28,E1,1896,120,39.50,2.50,1,28,E1,69.50,99,0,0,225,225,0,0,0,0.06
palette-off-written-octave-down,48000,weak-fundamental,soft,28,E1,1896,120,39.50,2.50,1,28,E1,69.50,36,0,0,225,225,0,0,0,0.07
palette-off-written-octave-down,48000,full-fundamental,medium,29,F1,1896,120,39.50,2.50,1,29,F1,64.50,99,0,0,225,225,0,0,0,0.12
palette-off-written-octave-down,48000,full-fundamental,soft,29,F1,1896,120,39.50,2.50,1,29,F1,64.50,37,0,0,225,225,0,0,0,0.13
palette-off-written-octave-down,48000,weak-fundamental,medium,29,F1,1896,120,39.50,2.50,1,29,F1,69.50,95,0,0,225,225,0,0,0,0.07
palette-off-written-octave-down,48000,weak-fundamental,soft,29,F1,1896,120,39.50,2.50,1,29,F1,69.50,32,0,0,225,225,0,0,0,0.06
palette-off-written-octave-down,48000,full-fundamental,medium,30,F#1,1896,120,39.50,2.50,1,30,F#1,69.50,96,0,0,225,225,0,0,0,0.11
palette-off-written-octave-down,48000,full-fundamental,soft,30,F#1,1896,120,39.50,2.50,1,30,F#1,69.50,33,0,0,225,225,0,0,0,0.12
palette-off-written-octave-down,48000,weak-fundamental,medium,30,F#1,1896,120,39.50,2.50,1,30,F#1,69.50,91,0,0,225,225,0,0,0,0.07
palette-off-written-octave-down,48000,weak-fundamental,soft,30,F#1,1896,120,39.50,2.50,1,30,F#1,69.50,28,0,0,225,225,0,0,0,0.08
palette-off-written-octave-down,48000,full-fundamental,medium,31,G1,1896,120,39.50,2.50,1,31,G1,69.50,100,0,0,225,225,0,0,0,0.10
palette-off-written-octave-down,48000,full-fundamental,soft,31,G1,1896,120,39.50,2.50,1,31,G1,69.50,37,0,0,225,225,0,0,0,0.10
palette-off-written-octave-down,48000,weak-fundamental,medium,31,G1,1896,120,39.50,2.50,1,31,G1,69.50,94,0,0,225,225,0,0,0,0.06
palette-off-written-octave-down,48000,weak-fundamental,soft,31,G1,1896,120,39.50,2.50,1,31,G1,69.50,31,0,0,225,225,0,0,0,0.06
palette-off-written-octave-down,48000,full-fundamental,medium,32,G#1,1896,120,39.50,2.50,1,32,G#1,64.50,99,0,0,225,225,0,0,0,0.14
palette-off-written-octave-down,48000,full-fundamental,soft,32,G#1,1896,120,39.50,2.50,1,32,G#1,64.50,36,0,0,225,225,0,0,0,0.15
palette-off-written-octave-down,48000,weak-fundamental,medium,32,G#1,1896,120,39.50,2.50,1,32,G#1,64.50,91,0,0,225,225,0,0,0,0.06
palette-off-written-octave-down,48000,weak-fundamental,soft,32,G#1,1896,120,39.50,2.50,1,32,G#1,64.50,28,0,0,225,225,0,0,0,0.07
palette-off-written-octave-down,48000,full-fundamental,medium,33,A1,1896,120,39.50,2.50,1,33,A1,64.50,95,0,0,225,225,0,0,0,0.12
palette-off-written-octave-down,48000,full-fundamental,soft,33,A1,1896,120,39.50,2.50,1,33,A1,64.50,32,0,0,225,225,0,0,0,0.12
palette-off-written-octave-down,48000,weak-fundamental,medium,33,A1,1896,120,39.50,2.50,1,33,A1,62.00,95,0,0,225,225,0,0,0,0.06
palette-off-written-octave-down,48000,weak-fundamental,soft,33,A1,1896,120,39.50,2.50,1,33,A1,62.00,32,0,0,225,225,0,0,0,0.07
palette-off-written-octave-down,48000,full-fundamental,medium,34,A#1,1896,120,39.50,2.50,1,34,A#1,64.50,99,0,0,225,225,0,0,0,0.09
palette-off-written-octave-down,48000,full-fundamental,soft,34,A#1,1896,120,39.50,2.50,1,34,A#1,64.50,36,0,0,225,225,0,0,0,0.09
palette-off-written-octave-down,48000,weak-fundamental,medium,34,A#1,1896,120,39.50,2.50,1,34,A#1,64.50,93,0,0,225,225,0,0,0,0.05
palette-off-written-octave-down,48000,weak-fundamental,soft,34,A#1,1896,120,39.50,2.50,1,34,A#1,64.50,30,0,0,225,225,0,0,0,0.05
palette-off-written-octave-down,48000,full-fundamental,medium,35,B1,1896,120,39.50,2.50,1,35,B1,64.50,92,0,0,225,225,0,0,0,0.08
palette-off-written-octave-down,48000,full-fundamental,soft,35,B1,1896,120,39.50,2.50,1,35,B1,64.50,29,0,0,225,225,0,0,0,0.08
palette-off-written-octave-down,48000,weak-fundamental,medium,35,B1,1896,120,39.50,2.50,1,35,B1,62.00,101,0,0,225,225,0,0,0,0.03
palette-off-written-octave-down,48000,weak-fundamental,soft,35,B1,1896,120,39.50,2.50,1,35,B1,62.00,38,0,0,225,225,0,0,0,0.04
palette-off-written-octave-down,48000,full-fundamental,medium,36,C2,1896,120,39.50,2.50,1,36,C2,59.50,91,0,0,225,225,0,0,0,0.12
palette-off-written-octave-down,48000,full-fundamental,soft,36,C2,1896,120,39.50,2.50,1,36,C2,59.50,28,0,0,225,225,0,0,0,0.12
palette-off-written-octave-down,48000,weak-fundamental,medium,36,C2,1896,120,39.50,2.50,1,36,C2,57.00,99,0,0,225,225,0,0,0,0.05
palette-off-written-octave-down,48000,weak-fundamental,soft,36,C2,1896,120,39.50,2.50,1,36,C2,57.00,37,0,0,225,225,0,0,0,0.07
palette-off-written-octave-down,48000,full-fundamental,medium,37,C#2,1896,120,39.50,2.50,1,37,C#2,57.00,94,0,0,225,225,0,0,0,0.08
palette-off-written-octave-down,48000,full-fundamental,soft,37,C#2,1896,120,39.50,2.50,1,37,C#2,57.00,31,0,0,225,225,0,0,0,0.10
palette-off-written-octave-down,48000,weak-fundamental,medium,37,C#2,1896,120,39.50,2.50,1,37,C#2,57.00,91,0,0,225,225,0,0,0,0.05
palette-off-written-octave-down,48000,weak-fundamental,soft,37,C#2,1896,120,39.50,2.50,1,37,C#2,57.00,28,0,0,225,225,0,0,0,0.07
palette-off-written-octave-down,48000,full-fundamental,medium,38,D2,1896,120,39.50,2.50,1,38,D2,57.00,93,0,0,225,225,0,0,0,0.12
palette-off-written-octave-down,48000,full-fundamental,soft,38,D2,1896,120,39.50,2.50,1,38,D2,57.00,30,0,0,225,225,0,0,0,0.11
palette-off-written-octave-down,48000,weak-fundamental,medium,38,D2,1896,120,39.50,2.50,1,38,D2,57.00,95,0,0,225,225,0,0,0,0.04
palette-off-written-octave-down,48000,weak-fundamental,soft,38,D2,1896,120,39.50,2.50,1,38,D2,57.00,33,0,0,225,225,0,0,0,0.04
palette-off-written-octave-down,48000,full-fundamental,medium,39,D#2,1896,120,39.50,2.50,1,39,D#2,69.50,97,0,0,225,225,0,0,0,0.02
palette-off-written-octave-down,48000,full-fundamental,soft,39,D#2,1896,120,39.50,2.50,1,39,D#2,69.50,34,0,0,225,225,0,0,0,0.03
palette-off-written-octave-down,48000,weak-fundamental,medium,39,D#2,1896,120,39.50,2.50,1,39,D#2,67.00,95,0,0,225,225,0,0,0,0.02
palette-off-written-octave-down,48000,weak-fundamental,soft,39,D#2,1896,120,39.50,2.50,1,39,D#2,67.00,32,0,0,225,225,0,0,0,0.03
palette-off-written-octave-down,48000,full-fundamental,medium,40,E2,1896,120,39.50,2.50,1,40,E2,72.00,96,0,0,225,225,0,0,0,0.03
palette-off-written-octave-down,48000,full-fundamental,soft,40,E2,1896,120,39.50,2.50,1,40,E2,72.00,33,0,0,225,225,0,0,0,0.05
palette-off-written-octave-down,48000,weak-fundamental,medium,40,E2,1896,120,39.50,2.50,1,40,E2,69.50,93,0,0,225,225,0,0,0,0.03
palette-off-written-octave-down,48000,weak-fundamental,soft,40,E2,1896,120,39.50,2.50,1,40,E2,69.50,30,0,0,225,225,0,0,0,0.03
palette-off-written-octave-down,48000,full-fundamental,medium,41,F2,1896,120,39.50,2.50,1,41,F2,72.00,97,0,0,225,225,0,0,0,0.05
palette-off-written-octave-down,48000,full-fundamental,soft,41,F2,1896,120,39.50,2.50,1,41,F2,72.00,35,0,0,225,225,0,0,0,0.05
palette-off-written-octave-down,48000,weak-fundamental,medium,41,F2,1896,120,39.50,2.50,1,41,F2,69.50,93,0,0,225,225,0,0,0,0.02
palette-off-written-octave-down,48000,weak-fundamental,soft,41,F2,1896,120,39.50,2.50,1,41,F2,69.50,30,0,0,225,225,0,0,0,0.03
palette-off-written-octave-down,48000,full-fundamental,medium,42,F#2,1896,120,39.50,2.50,1,42,F#2,72.00,96,0,0,225,225,0,0,0,0.04
palette-off-written-octave-down,48000,full-fundamental,soft,42,F#2,1896,120,39.50,2.50,1,42,F#2,72.00,33,0,0,225,225,0,0,0,0.05
palette-off-written-octave-down,48000,weak-fundamental,medium,42,F#2,1896,120,39.50,2.50,1,42,F#2,69.50,88,0,0,225,225,0,0,0,0.02
palette-off-written-octave-down,48000,weak-fundamental,soft,42,F#2,1896,120,39.50,2.50,1,42,F#2,69.50,26,0,0,225,225,0,0,0,0.03
palette-off-written-octave-down,48000,full-fundamental,medium,43,G2,1896,120,39.50,2.50,1,43,G2,69.50,97,0,0,225,225,0,0,0,0.03
palette-off-written-octave-down,48000,full-fundamental,soft,43,G2,1896,120,39.50,2.50,1,43,G2,69.50,34,0,0,225,225,0,0,0,0.05
palette-off-written-octave-down,48000,weak-fundamental,medium,43,G2,1896,120,39.50,2.50,1,43,G2,69.50,94,0,0,225,225,0,0,0,0.02
palette-off-written-octave-down,48000,weak-fundamental,soft,43,G2,1896,120,39.50,2.50,1,43,G2,69.50,31,0,0,225,225,0,0,0,0.02
palette-off-written-octave-down,48000,full-fundamental,medium,44,G#2,1896,120,39.50,2.50,1,44,G#2,64.50,92,0,0,225,225,0,0,0,0.03
palette-off-written-octave-down,48000,full-fundamental,soft,44,G#2,1896,120,39.50,2.50,1,44,G#2,64.50,29,0,0,225,225,0,0,0,0.04
palette-off-written-octave-down,48000,weak-fundamental,medium,44,G#2,1896,120,39.50,2.50,1,44,G#2,64.50,96,0,0,225,225,0,0,0,0.02
palette-off-written-octave-down,48000,weak-fundamental,soft,44,G#2,1896,120,39.50,2.50,1,44,G#2,64.50,33,0,0,225,225,0,0,0,0.03
palette-off-written-octave-down,48000,full-fundamental,medium,45,A2,1896,120,39.50,2.50,1,45,A2,62.00,92,0,0,225,225,0,0,0,0.03
palette-off-written-octave-down,48000,full-fundamental,soft,45,A2,1896,120,39.50,2.50,1,45,A2,62.00,29,0,0,225,225,0,0,0,0.04
palette-off-written-octave-down,48000,weak-fundamental,medium,45,A2,1896,120,39.50,2.50,1,45,A2,62.00,94,0,0,225,225,0,0,0,0.02
palette-off-written-octave-down,48000,weak-fundamental,soft,45,A2,1896,120,39.50,2.50,1,45,A2,62.00,31,0,0,225,225,0,0,0,0.03
palette-off-written-octave-down,48000,full-fundamental,medium,46,A#2,1896,120,39.50,2.50,1,46,A#2,64.50,91,0,0,225,225,0,0,0,0.04
palette-off-written-octave-down,48000,full-fundamental,soft,46,A#2,1896,120,39.50,2.50,1,46,A#2,64.50,28,0,0,225,225,0,0,0,0.04
palette-off-written-octave-down,48000,weak-fundamental,medium,46,A#2,1896,120,39.50,2.50,1,46,A#2,64.50,92,0,0,225,225,0,0,0,0.01
palette-off-written-octave-down,48000,weak-fundamental,soft,46,A#2,1896,120,39.50,2.50,1,46,A#2,64.50,30,0,0,225,225,0,0,0,0.03
palette-off-written-octave-down,48000,full-fundamental,medium,47,B2,1896,120,39.50,2.50,1,47,B2,64.50,96,0,0,225,225,0,0,0,0.03
palette-off-written-octave-down,48000,full-fundamental,soft,47,B2,1896,120,39.50,2.50,1,47,B2,64.50,33,0,0,225,225,0,0,0,0.04
palette-off-written-octave-down,48000,weak-fundamental,medium,47,B2,1896,120,39.50,2.50,1,47,B2,64.50,99,0,0,225,225,0,0,0,0.01
palette-off-written-octave-down,48000,weak-fundamental,soft,47,B2,1896,120,39.50,2.50,1,47,B2,64.50,36,0,0,225,225,0,0,0,0.03
palette-off-written-octave-down,48000,full-fundamental,medium,48,C3,1896,120,39.50,2.50,1,48,C3,59.50,93,0,0,225,225,0,0,0,0.03
palette-off-written-octave-down,48000,full-fundamental,soft,48,C3,1896,120,39.50,2.50,1,48,C3,59.50,31,0,0,225,225,0,0,0,0.04
palette-off-written-octave-down,48000,weak-fundamental,medium,48,C3,1896,120,39.50,2.50,1,48,C3,57.00,92,0,0,225,225,0,0,0,0.02
palette-off-written-octave-down,48000,weak-fundamental,soft,48,C3,1896,120,39.50,2.50,1,48,C3,57.00,29,0,0,225,225,0,0,0,0.03
palette-off-written-octave-down,48000,full-fundamental,medium,49,C#3,1896,120,39.50,2.50,1,49,C#3,59.50,92,0,0,225,225,0,0,0,0.03
palette-off-written-octave-down,48000,full-fundamental,soft,49,C#3,1896,120,39.50,2.50,1,49,C#3,59.50,29,0,0,225,225,0,0,0,0.04
palette-off-written-octave-down,48000,weak-fundamental,medium,49,C#3,1896,120,39.50,2.50,1,49,C#3,57.00,93,0,0,225,225,0,0,0,0.01
palette-off-written-octave-down,48000,weak-fundamental,soft,49,C#3,1896,120,39.50,2.50,1,49,C#3,57.00,30,0,0,225,225,0,0,0,0.03
palette-off-written-octave-down,48000,full-fundamental,medium,50,D3,1896,120,39.50,2.50,1,50,D3,59.50,100,0,0,225,225,0,0,0,0.02
palette-off-written-octave-down,48000,full-fundamental,soft,50,D3,1896,120,39.50,2.50,1,50,D3,59.50,37,0,0,225,225,0,0,0,0.04
palette-off-written-octave-down,48000,weak-fundamental,medium,50,D3,1896,120,39.50,2.50,1,50,D3,59.50,98,0,0,225,225,0,0,0,0.01
palette-off-written-octave-down,48000,weak-fundamental,soft,50,D3,1896,120,39.50,2.50,1,50,D3,59.50,35,0,0,225,225,0,0,0,0.03
palette-off-written-octave-down,48000,full-fundamental,medium,51,D#3,1896,120,39.50,2.50,1,51,D#3,59.50,95,0,0,225,225,0,0,0,0.02
palette-off-written-octave-down,48000,full-fundamental,soft,51,D#3,1896,120,39.50,2.50,1,51,D#3,59.50,32,0,0,225,225,0,0,0,0.04
palette-off-written-octave-down,48000,weak-fundamental,medium,51,D#3,1896,120,39.50,2.50,1,51,D#3,59.50,90,0,0,225,225,0,0,0,0.01
palette-off-written-octave-down,48000,weak-fundamental,soft,51,D#3,1896,120,39.50,2.50,1,51,D#3,59.50,27,0,0,225,225,0,0,0,0.02
palette-off-written-octave-down,48000,full-fundamental,medium,52,E3,1896,120,39.50,2.50,1,52,E3,52.00,97,0,0,225,225,0,0,0,0.02
palette-off-written-octave-down,48000,full-fundamental,soft,52,E3,1896,120,39.50,2.50,1,52,E3,52.00,34,0,0,225,225,0,0,0,0.04
palette-off-written-octave-down,48000,weak-fundamental,medium,52,E3,1896,120,39.50,2.50,1,52,E3,52.00,96,0,0,225,225,0,0,0,0.02
palette-off-written-octave-down,48000,weak-fundamental,soft,52,E3,1896,120,39.50,2.50,1,52,E3,52.00,33,0,0,225,225,0,0,0,0.03
palette-off-written-octave-down,48000,full-fundamental,medium,53,F3,1896,120,39.50,2.50,1,53,F3,52.00,94,0,0,225,225,0,0,0,0.03
palette-off-written-octave-down,48000,full-fundamental,soft,53,F3,1896,120,39.50,2.50,1,53,F3,52.00,31,0,0,225,225,0,0,0,0.05
palette-off-written-octave-down,48000,weak-fundamental,medium,53,F3,1896,120,39.50,2.50,1,53,F3,52.00,90,0,0,225,225,0,0,0,0.02
palette-off-written-octave-down,48000,weak-fundamental,soft,53,F3,1896,120,39.50,2.50,1,53,F3,52.00,27,0,0,225,225,0,0,0,0.03
palette-off-written-octave-down,48000,full-fundamental,medium,54,F#3,1896,120,39.50,2.50,1,54,F#3,52.00,96,0,0,225,225,0,0,0,0.02
palette-off-written-octave-down,48000,full-fundamental,soft,54,F#3,1896,120,39.50,2.50,1,54,F#3,52.00,33,0,0,225,225,0,0,0,0.04
palette-off-written-octave-down,48000,weak-fundamental,medium,54,F#3,1896,120,39.50,2.50,1,54,F#3,52.00,93,0,0,225,225,0,0,0,0.01
palette-off-written-octave-down,48000,weak-fundamental,soft,54,F#3,1896,120,39.50,2.50,1,54,F#3,52.00,30,0,0,225,225,0,0,0,0.03
palette-off-written-octave-down,48000,full-fundamental,medium,55,G3,1896,120,39.50,2.50,1,55,G3,52.00,97,0,0,225,225,0,0,0,0.02
palette-off-written-octave-down,48000,full-fundamental,soft,55,G3,1896,120,39.50,2.50,1,55,G3,52.00,34,0,0,225,225,0,0,0,0.04
palette-off-written-octave-down,48000,weak-fundamental,medium,55,G3,1896,120,39.50,2.50,1,55,G3,52.00,89,0,0,225,225,0,0,0,0.01
palette-off-written-octave-down,48000,weak-fundamental,soft,55,G3,1896,120,39.50,2.50,1,55,G3,52.00,26,0,0,225,225,0,0,0,0.03
palette-off-written-octave-down,48000,full-fundamental,medium,56,G#3,1896,120,39.50,2.50,1,56,G#3,49.50,99,0,0,225,225,0,0,0,0.03
palette-off-written-octave-down,48000,full-fundamental,soft,56,G#3,1896,120,39.50,2.50,1,56,G#3,49.50,36,0,0,225,225,0,0,0,0.06
palette-off-written-octave-down,48000,weak-fundamental,medium,56,G#3,1896,120,39.50,2.50,1,56,G#3,49.50,91,0,0,225,225,0,0,0,0.02
palette-off-written-octave-down,48000,weak-fundamental,soft,56,G#3,1896,120,39.50,2.50,1,56,G#3,49.50,29,0,0,225,225,0,0,0,0.04
palette-off-written-octave-down,48000,full-fundamental,medium,57,A3,1896,120,39.50,2.50,1,57,A3,47.00,102,0,0,225,225,0,0,0,0.02
palette-off-written-octave-down,48000,full-fundamental,soft,57,A3,1896,120,39.50,2.50,1,57,A3,47.00,39,0,0,225,225,0,0,0,0.05
palette-off-written-octave-down,48000,weak-fundamental,medium,57,A3,1896,120,39.50,2.50,1,57,A3,49.50,96,0,0,225,225,0,0,0,0.03
palette-off-written-octave-down,48000,weak-fundamental,soft,57,A3,1896,120,39.50,2.50,1,57,A3,49.50,33,0,0,225,225,0,0,0,0.04
palette-off-written-octave-down,48000,full-fundamental,medium,58,A#3,1896,120,39.50,2.50,1,58,A#3,49.50,97,0,0,225,225,0,0,0,0.03
palette-off-written-octave-down,48000,full-fundamental,soft,58,A#3,1896,120,39.50,2.50,1,58,A#3,49.50,34,0,0,225,225,0,0,0,0.04
palette-off-written-octave-down,48000,weak-fundamental,medium,58,A#3,1896,120,39.50,2.50,1,58,A#3,49.50,94,0,0,225,225,0,0,0,0.02
palette-off-written-octave-down,48000,weak-fundamental,soft,58,A#3,1896,120,39.50,2.50,1,58,A#3,49.50,31,0,0,225,225,0,0,0,0.03
palette-off-written-octave-down,48000,full-fundamental,medium,59,B3,1896,120,39.50,2.50,1,59,B3,49.50,94,0,0,225,225,0,0,0,0.02
palette-off-written-octave-down,48000,full-fundamental,soft,59,B3,1896,120,39.50,2.50,1,59,B3,49.50,32,0,0,225,225,0,0,0,0.04
palette-off-written-octave-down,48000,weak-fundamental,medium,59,B3,1896,120,39.50,2.50,1,59,B3,49.50,93,0,0,225,225,0,0,0,0.02
palette-off-written-octave-down,48000,weak-fundamental,soft,59,B3,1896,120,39.50,2.50,1,59,B3,49.50,30,0,0,225,225,0,0,0,0.04
palette-off-written-octave-down,48000,full-fundamental,medium,60,C4,1896,120,39.50,2.50,1,60,C4,44.50,100,0,0,225,225,0,0,0,0.02
palette-off-written-octave-down,48000,full-fundamental,soft,60,C4,1896,120,39.50,2.50,1,60,C4,44.50,37,0,0,225,225,0,0,0,0.05
palette-off-written-octave-down,48000,weak-fundamental,medium,60,C4,1896,120,39.50,2.50,1,60,C4,44.50,97,0,0,225,225,0,0,0,0.01
palette-off-written-octave-down,48000,weak-fundamental,soft,60,C4,1896,120,39.50,2.50,1,60,C4,44.50,34,0,0,225,225,0,0,0,0.04
palette-off-written-octave-down,48000,full-fundamental,medium,61,C#4,1896,120,39.50,2.50,1,61,C#4,44.50,99,0,0,225,225,0,0,0,0.04
palette-off-written-octave-down,48000,full-fundamental,soft,61,C#4,1896,120,39.50,2.50,1,61,C#4,44.50,36,0,0,225,225,0,0,0,0.06
palette-off-written-octave-down,48000,weak-fundamental,medium,61,C#4,1896,120,39.50,2.50,1,61,C#4,44.50,92,0,0,225,225,0,0,0,0.04
palette-off-written-octave-down,48000,weak-fundamental,soft,61,C#4,1896,120,39.50,2.50,1,61,C#4,44.50,29,0,0,225,225,0,0,0,0.05
palette-off-written-octave-down,48000,full-fundamental,medium,62,D4,1896,120,39.50,2.50,1,62,D4,47.00,100,0,0,225,225,0,0,0,0.02
palette-off-written-octave-down,48000,full-fundamental,soft,62,D4,1896,120,39.50,2.50,1,62,D4,47.00,37,0,0,225,225,0,0,0,0.05
palette-off-written-octave-down,48000,weak-fundamental,medium,62,D4,1896,120,39.50,2.50,1,62,D4,47.00,97,0,0,225,225,0,0,0,0.02
palette-off-written-octave-down,48000,weak-fundamental,soft,62,D4,1896,120,39.50,2.50,1,62,D4,47.00,34,0,0,225,225,0,0,0,0.04
palette-off-written-octave-down,48000,full-fundamental,medium,63,D#4,1896,120,39.50,2.50,1,63,D#4,47.00,94,0,0,225,225,0,0,0,0.04
palette-off-written-octave-down,48000,full-fundamental,soft,63,D#4,1896,120,39.50,2.50,1,63,D#4,47.00,32,0,0,225,225,0,0,0,0.06
palette-off-written-octave-down,48000,weak-fundamental,medium,63,D#4,1896,120,39.50,2.50,1,63,D#4,47.00,98,0,0,225,225,0,0,0,0.04
palette-off-written-octave-down,48000,weak-fundamental,soft,63,D#4,1896,120,39.50,2.50,1,63,D#4,47.00,35,0,0,225,225,0,0,0,0.05
palette-off-written-octave-down,48000,full-fundamental,medium,64,E4,1896,120,39.50,2.50,1,64,E4,44.50,95,0,0,225,225,0,0,0,0.02
palette-off-written-octave-down,48000,full-fundamental,soft,64,E4,1896,120,39.50,2.50,1,64,E4,44.50,32,0,0,225,225,0,0,0,0.06
palette-off-written-octave-down,48000,weak-fundamental,medium,64,E4,1896,120,39.50,2.50,1,64,E4,44.50,95,0,0,225,225,0,0,0,0.01
palette-off-written-octave-down,48000,weak-fundamental,soft,64,E4,1896,120,39.50,2.50,1,64,E4,44.50,32,0,0,225,225,0,0,0,0.05
palette-off-written-octave-down,48000,full-fundamental,medium,65,F4,1896,120,39.50,2.50,1,65,F4,44.50,101,0,0,225,225,0,0,0,0.03
palette-off-written-octave-down,48000,full-fundamental,soft,65,F4,1896,120,39.50,2.50,1,65,F4,44.50,38,0,0,225,225,0,0,0,0.06
palette-off-written-octave-down,48000,weak-fundamental,medium,65,F4,1896,120,39.50,2.50,1,65,F4,44.50,96,0,0,225,225,0,0,0,0.03
palette-off-written-octave-down,48000,weak-fundamental,soft,65,F4,1896,120,39.50,2.50,1,65,F4,44.50,33,0,0,225,225,0,0,0,0.05
palette-off-written-octave-down,48000,full-fundamental,medium,66,F#4,1896,120,39.50,2.50,1,66,F#4,44.50,99,0,0,225,225,0,0,0,0.03
palette-off-written-octave-down,48000,full-fundamental,soft,66,F#4,1896,120,39.50,2.50,1,66,F#4,44.50,36,0,0,225,225,0,0,0,0.05
palette-off-written-octave-down,48000,weak-fundamental,medium,66,F#4,1896,120,39.50,2.50,1,66,F#4,44.50,94,0,0,225,225,0,0,0,0.02
palette-off-written-octave-down,48000,weak-fundamental,soft,66,F#4,1896,120,39.50,2.50,1,66,F#4,44.50,31,0,0,225,225,0,0,0,0.05
palette-off-written-octave-down,48000,full-fundamental,medium,67,G4,1896,120,39.50,2.50,1,67,G4,44.50,95,0,0,225,225,0,0,0,0.04
palette-off-written-octave-down,48000,full-fundamental,soft,67,G4,1896,120,39.50,2.50,1,67,G4,44.50,32,0,0,225,225,0,0,0,0.07
palette-off-written-octave-down,48000,weak-fundamental,medium,67,G4,1896,120,39.50,2.50,1,67,G4,44.50,89,0,0,225,225,0,0,0,0.04
palette-off-written-octave-down,48000,weak-fundamental,soft,67,G4,1896,120,39.50,2.50,1,67,G4,44.50,26,0,0,225,225,0,0,0,0.05
free,96000,full-fundamental,medium,28,E1,3791,240,39.49,2.50,1,28,E1,34.49,98,0,0,225,225,0,0,0,0.15
free,96000,full-fundamental,soft,28,E1,3791,240,39.49,2.50,1,28,E1,34.49,35,0,0,225,225,0,0,0,0.15
free,96000,weak-fundamental,medium,28,E1,3791,240,39.49,2.50,1,28,E1,39.49,99,0,0,225,225,0,0,0,0.06
free,96000,weak-fundamental,soft,28,E1,3791,240,39.49,2.50,1,28,E1,39.49,36,0,0,225,225,0,0,0,0.08
free,96000,full-fundamental,medium,29,F1,3791,240,39.49,2.50,1,29,F1,34.49,99,0,0,225,225,0,0,0,0.12
free,96000,full-fundamental,soft,29,F1,3791,240,39.49,2.50,1,29,F1,34.49,37,0,0,225,225,0,0,0,0.12
free,96000,weak-fundamental,medium,29,F1,3791,240,39.49,2.50,1,29,F1,39.49,95,0,0,225,225,0,0,0,0.06
free,96000,weak-fundamental,soft,29,F1,3791,240,39.49,2.50,1,29,F1,39.49,32,0,0,225,225,0,0,0,0.07
free,96000,full-fundamental,medium,30,F#1,3791,240,39.49,2.50,1,30,F#1,39.49,96,0,0,225,225,0,0,0,0.11
free,96000,full-fundamental,soft,30,F#1,3791,240,39.49,2.50,1,30,F#1,39.49,33,0,0,225,225,0,0,0,0.12
free,96000,weak-fundamental,medium,30,F#1,3791,240,39.49,2.50,1,30,F#1,39.49,91,0,0,225,225,0,0,0,0.07
free,96000,weak-fundamental,soft,30,F#1,3791,240,39.49,2.50,1,30,F#1,39.49,28,0,0,225,225,0,0,0,0.07
free,96000,full-fundamental,medium,31,G1,3791,240,39.49,2.50,1,31,G1,39.49,100,0,0,225,225,0,0,0,0.10
free,96000,full-fundamental,soft,31,G1,3791,240,39.49,2.50,1,31,G1,39.49,37,0,0,225,225,0,0,0,0.10
free,96000,weak-fundamental,medium,31,G1,3791,240,39.49,2.50,1,31,G1,39.49,94,0,0,225,225,0,0,0,0.05
free,96000,weak-fundamental,soft,31,G1,3791,240,39.49,2.50,1,31,G1,39.49,31,0,0,225,225,0,0,0,0.06
free,96000,full-fundamental,medium,32,G#1,3791,240,39.49,2.50,1,32,G#1,34.49,99,0,0,225,225,0,0,0,0.14
free,96000,full-fundamental,soft,32,G#1,3791,240,39.49,2.50,1,32,G#1,34.49,36,0,0,225,225,0,0,0,0.13
free,96000,weak-fundamental,medium,32,G#1,3791,240,39.49,2.50,1,32,G#1,34.49,91,0,0,225,225,0,0,0,0.06
free,96000,weak-fundamental,soft,32,G#1,3791,240,39.49,2.50,1,32,G#1,34.49,28,0,0,225,225,0,0,0,0.07
free,96000,full-fundamental,medium,33,A1,3791,240,39.49,2.50,1,33,A1,34.49,95,0,0,225,225,0,0,0,0.12
free,96000,full-fundamental,soft,33,A1,3791,240,39.49,2.50,1,33,A1,34.49,32,0,0,225,225,0,0,0,0.13
free,96000,weak-fundamental,medium,33,A1,3791,240,39.49,2.50,1,33,A1,31.99,95,0,0,225,225,0,0,0,0.06
free,96000,weak-fundamental,soft,33,A1,3791,240,39.49,2.50,1,33,A1,31.99,32,0,0,225,225,0,0,0,0.07
free,96000,full-fundamental,medium,34,A#1,3791,240,39.49,2.50,1,34,A#1,34.49,99,0,0,225,225,0,0,0,0.09
free,96000,full-fundamental,soft,34,A#1,3791,240,39.49,2.50,1,34,A#1,34.49,36,0,0,225,225,0,0,0,0.09
free,96000,weak-fundamental,medium,34,A#1,3791,240,39.49,2.50,1,34,A#1,34.49,93,0,0,225,225,0,0,0,0.04
free,96000,weak-fundamental,soft,34,A#1,3791,240,39.49,2.50,1,34,A#1,34.49,30,0,0,225,225,0,0,0,0.05
free,96000,full-fundamental,medium,35,B1,3791,240,39.49,2.50,1,35,B1,34.49,92,0,0,225,225,0,0,0,0.08
free,96000,full-fundamental,soft,35,B1,3791,240,39.49,2.50,1,35,B1,34.49,29,0,0,225,225,0,0,0,0.08
free,96000,weak-fundamental,medium,35,B1,3791,240,39.49,2.50,1,35,B1,31.99,101,0,0,225,225,0,0,0,0.03
free,96000,weak-fundamental,soft,35,B1,3791,240,39.49,2.50,1,35,B1,31.99,38,0,0,225,225,0,0,0,0.04
free,96000,full-fundamental,medium,36,C2,3791,240,39.49,2.50,1,36,C2,29.49,91,0,0,225,225,0,0,0,0.11
free,96000,full-fundamental,soft,36,C2,3791,240,39.49,2.50,1,36,C2,29.49,28,0,0,225,225,0,0,0,0.12
free,96000,weak-fundamental,medium,36,C2,3791,240,39.49,2.50,1,36,C2,26.99,99,0,0,225,225,0,0,0,0.05
free,96000,weak-fundamental,soft,36,C2,3791,240,39.49,2.50,1,36,C2,26.99,37,0,0,225,225,0,0,0,0.06
free,96000,full-fundamental,medium,37,C#2,3791,240,39.49,2.50,1,37,C#2,26.99,94,0,0,225,225,0,0,0,0.08
free,96000,full-fundamental,soft,37,C#2,3791,240,39.49,2.50,1,37,C#2,26.99,31,0,0,225,225,0,0,0,0.09
free,96000,weak-fundamental,medium,37,C#2,3791,240,39.49,2.50,1,37,C#2,26.99,91,0,0,225,225,0,0,0,0.05
free,96000,weak-fundamental,soft,37,C#2,3791,240,39.49,2.50,1,37,C#2,26.99,28,0,0,225,225,0,0,0,0.05
free,96000,full-fundamental,medium,38,D2,3791,240,39.49,2.50,1,38,D2,26.99,93,0,0,225,225,0,0,0,0.11
free,96000,full-fundamental,soft,38,D2,3791,240,39.49,2.50,1,38,D2,26.99,30,0,0,225,225,0,0,0,0.11
free,96000,weak-fundamental,medium,38,D2,3791,240,39.49,2.50,1,38,D2,26.99,95,0,0,225,225,0,0,0,0.04
free,96000,weak-fundamental,soft,38,D2,3791,240,39.49,2.50,1,38,D2,26.99,33,0,0,225,225,0,0,0,0.05
free,96000,full-fundamental,medium,39,D#2,3791,240,39.49,2.50,1,39,D#2,39.49,97,0,0,225,225,0,0,0,0.01
free,96000,full-fundamental,soft,39,D#2,3791,240,39.49,2.50,1,39,D#2,39.49,34,0,0,225,225,0,0,0,0.03
free,96000,weak-fundamental,medium,39,D#2,3791,240,39.49,2.50,1,39,D#2,36.99,95,0,0,225,225,0,0,0,0.01
free,96000,weak-fundamental,soft,39,D#2,3791,240,39.49,2.50,1,39,D#2,36.99,32,0,0,225,225,0,0,0,0.02
free,96000,full-fundamental,medium,40,E2,3791,240,39.49,2.50,1,40,E2,41.99,96,0,0,225,225,0,0,0,0.03
free,96000,full-fundamental,soft,40,E2,3791,240,39.49,2.50,1,40,E2,41.99,33,0,0,225,225,0,0,0,0.05
free,96000,weak-fundamental,medium,40,E2,3791,240,39.49,2.50,1,40,E2,39.49,93,0,0,225,225,0,0,0,0.03
free,96000,weak-fundamental,soft,40,E2,3791,240,39.49,2.50,1,40,E2,39.49,30,0,0,225,225,0,0,0,0.03
free,96000,full-fundamental,medium,41,F2,3791,240,39.49,2.50,1,41,F2,41.99,97,0,0,225,225,0,0,0,0.04
free,96000,full-fundamental,soft,41,F2,3791,240,39.49,2.50,1,41,F2,41.99,34,0,0,225,225,0,0,0,0.05
free,96000,weak-fundamental,medium,41,F2,3791,240,39.49,2.50,1,41,F2,39.49,93,0,0,225,225,0,0,0,0.02
free,96000,weak-fundamental,soft,41,F2,3791,240,39.49,2.50,1,41,F2,39.49,30,0,0,225,225,0,0,0,0.03
free,96000,full-fundamental,medium,42,F#2,3791,240,39.49,2.50,1,42,F#2,41.99,96,0,0,225,225,0,0,0,0.04
free,96000,full-fundamental,soft,42,F#2,3791,240,39.49,2.50,1,42,F#2,41.99,33,0,0,225,225,0,0,0,0.04
free,96000,weak-fundamental,medium,42,F#2,3791,240,39.49,2.50,1,42,F#2,39.49,88,0,0,225,225,0,0,0,0.02
free,96000,weak-fundamental,soft,42,F#2,3791,240,39.49,2.50,1,42,F#2,39.49,26,0,0,225,225,0,0,0,0.02
free,96000,full-fundamental,medium,43,G2,3791,240,39.49,2.50,1,43,G2,39.49,97,0,0,225,225,0,0,0,0.03
free,96000,full-fundamental,soft,43,G2,3791,240,39.49,2.50,1,43,G2,39.49,34,0,0,225,225,0,0,0,0.04
free,96000,weak-fundamental,medium,43,G2,3791,240,39.49,2.50,1,43,G2,39.49,94,0,0,225,225,0,0,0,0.02
free,96000,weak-fundamental,soft,43,G2,3791,240,39.49,2.50,1,43,G2,39.49,31,0,0,225,225,0,0,0,0.02
free,96000,full-fundamental,medium,44,G#2,3791,240,39.49,2.50,1,44,G#2,34.49,92,0,0,225,225,0,0,0,0.03
free,96000,full-fundamental,soft,44,G#2,3791,240,39.49,2.50,1,44,G#2,34.49,29,0,0,225,225,0,0,0,0.04
free,96000,weak-fundamental,medium,44,G#2,3791,240,39.49,2.50,1,44,G#2,34.49,96,0,0,225,225,0,0,0,0.01
free,96000,weak-fundamental,soft,44,G#2,3791,240,39.49,2.50,1,44,G#2,34.49,33,0,0,225,225,0,0,0,0.02
free,96000,full-fundamental,medium,45,A2,3791,240,39.49,2.50,1,45,A2,31.99,92,0,0,225,225,0,0,0,0.03
free,96000,full-fundamental,soft,45,A2,3791,240,39.49,2.50,1,45,A2,31.99,29,0,0,225,225,0,0,0,0.03
free,96000,weak-fundamental,medium,45,A2,3791,240,39.49,2.50,1,45,A2,31.99,94,0,0,225,225,0,0,0,0.02
free,96000,weak-fundamental,soft,45,A2,3791,240,39.49,2.50,1,45,A2,31.99,31,0,0,225,225,0,0,0,0.02
free,96000,full-fundamental,medium,46,A#2,3791,240,39.49,2.50,1,46,A#2,34.49,91,0,0,225,225,0,0,0,0.03
free,96000,full-fundamental,soft,46,A#2,3791,240,39.49,2.50,1,46,A#2,34.49,28,0,0,225,225,0,0,0,0.04
free,96000,weak-fundamental,medium,46,A#2,3791,240,39.49,2.50,1,46,A#2,34.49,93,0,0,225,225,0,0,0,0.01
free,96000,weak-fundamental,soft,46,A#2,3791,240,39.49,2.50,1,46,A#2,34.49,30,0,0,225,225,0,0,0,0.02
free,96000,full-fundamental,medium,47,B2,3791,240,39.49,2.50,1,47,B2,34.49,96,0,0,225,225,0,0,0,0.03
free,96000,full-fundamental,soft,47,B2,3791,240,39.49,2.50,1,47,B2,34.49,33,0,0,225,225,0,0,0,0.03
free,96000,weak-fundamental,medium,47,B2,3791,240,39.49,2.50,1,47,B2,34.49,99,0,0,225,225,0,0,0,0.01
free,96000,weak-fundamental,soft,47,B2,3791,240,39.49,2.50,1,47,B2,34.49,36,0,0,225,225,0,0,0,0.02
free,96000,full-fundamental,medium,48,C3,3791,240,39.49,2.50,1,48,C3,29.49,94,0,0,225,225,0,0,0,0.03
free,96000,full-fundamental,soft,48,C3,3791,240,39.49,2.50,1,48,C3,29.49,31,0,0,225,225,0,0,0,0.03
free,96000,weak-fundamental,medium,48,C3,3791,240,39.49,2.50,1,48,C3,26.99,92,0,0,225,225,0,0,0,0.01
free,96000,weak-fundamental,soft,48,C3,3791,240,39.49,2.50,1,48,C3,26.99,29,0,0,225,225,0,0,0,0.03
free,96000,full-fundamental,medium,49,C#3,3791,240,39.49,2.50,1,49,C#3,29.49,92,0,0,225,225,0,0,0,0.02
free,96000,full-fundamental,soft,49,C#3,3791,240,39.49,2.50,1,49,C#3,29.49,29,0,0,225,225,0,0,0,0.04
free,96000,weak-fundamental,medium,49,C#3,3791,240,39.49,2.50,1,49,C#3,26.99,93,0,0,225,225,0,0,0,0.01
free,96000,weak-fundamental,soft,49,C#3,3791,240,39.49,2.50,1,49,C#3,26.99,30,0,0,225,225,0,0,0,0.02
free,96000,full-fundamental,medium,50,D3,3791,240,39.49,2.50,1,50,D3,29.49,100,0,0,225,225,0,0,0,0.02
free,96000,full-fundamental,soft,50,D3,3791,240,39.49,2.50,1,50,D3,29.49,37,0,0,225,225,0,0,0,0.03
free,96000,weak-fundamental,medium,50,D3,3791,240,39.49,2.50,1,50,D3,29.49,98,0,0,225,225,0,0,0,0.01
free,96000,weak-fundamental,soft,50,D3,3791,240,39.49,2.50,1,50,D3,29.49,35,0,0,225,225,0,0,0,0.02
free,96000,full-fundamental,medium,51,D#3,3791,240,39.49,2.50,1,51,D#3,29.49,95,0,0,225,225,0,0,0,0.02
free,96000,full-fundamental,soft,51,D#3,3791,240,39.49,2.50,1,51,D#3,29.49,32,0,0,225,225,0,0,0,0.03
free,96000,weak-fundamental,medium,51,D#3,3791,240,39.49,2.50,1,51,D#3,29.49,90,0,0,225,225,0,0,0,0.01
free,96000,weak-fundamental,soft,51,D#3,3791,240,39.49,2.50,1,51,D#3,29.49,27,0,0,225,225,0,0,0,0.02
free,96000,full-fundamental,medium,52,E3,3791,240,39.49,2.50,1,52,E3,21.99,97,0,0,225,225,0,0,0,0.02
free,96000,full-fundamental,soft,52,E3,3791,240,39.49,2.50,1,52,E3,21.99,34,0,0,225,225,0,0,0,0.04
free,96000,weak-fundamental,medium,52,E3,3791,240,39.49,2.50,1,52,E3,21.99,96,0,0,225,225,0,0,0,0.01
free,96000,weak-fundamental,soft,52,E3,3791,240,39.49,2.50,1,52,E3,21.99,33,0,0,225,225,0,0,0,0.03
free,96000,full-fundamental,medium,53,F3,3791,240,39.49,2.50,1,53,F3,21.99,95,0,0,225,225,0,0,0,0.02
free,96000,full-fundamental,soft,53,F3,3791,240,39.49,2.50,1,53,F3,21.99,32,0,0,225,225,0,0,0,0.03
free,96000,weak-fundamental,medium,53,F3,3791,240,39.49,2.50,1,53,F3,21.99,90,0,0,225,225,0,0,0,0.01
free,96000,weak-fundamental,soft,53,F3,3791,240,39.49,2.50,1,53,F3,21.99,27,0,0,225,225,0,0,0,0.02
free,96000,full-fundamental,medium,54,F#3,3791,240,39.49,2.50,1,54,F#3,21.99,95,0,0,225,225,0,0,0,0.02
free,96000,full-fundamental,soft,54,F#3,3791,240,39.49,2.50,1,54,F#3,21.99,32,0,0,225,225,0,0,0,0.03
free,96000,weak-fundamental,medium,54,F#3,3791,240,39.49,2.50,1,54,F#3,21.99,93,0,0,225,225,0,0,0,0.01
free,96000,weak-fundamental,soft,54,F#3,3791,240,39.49,2.50,1,54,F#3,21.99,30,0,0,225,225,0,0,0,0.02
free,96000,full-fundamental,medium,55,G3,3791,240,39.49,2.50,1,55,G3,21.99,97,0,0,225,225,0,0,0,0.02
free,96000,full-fundamental,soft,55,G3,3791,240,39.49,2.50,1,55,G3,21.99,34,0,0,225,225,0,0,0,0.03
free,96000,weak-fundamental,medium,55,G3,3791,240,39.49,2.50,1,55,G3,21.99,90,0,0,225,225,0,0,0,0.01
free,96000,weak-fundamental,soft,55,G3,3791,240,39.49,2.50,1,55,G3,21.99,27,0,0,225,225,0,0,0,0.02
free,96000,full-fundamental,medium,56,G#3,3791,240,39.49,2.50,1,56,G#3,19.49,99,0,0,225,225,0,0,0,0.01
free,96000,full-fundamental,soft,56,G#3,3791,240,39.49,2.50,1,56,G#3,19.49,36,0,0,225,225,0,0,0,0.03
free,96000,weak-fundamental,medium,56,G#3,3791,240,39.49,2.50,1,56,G#3,19.49,91,0,0,225,225,0,0,0,0.01
free,96000,weak-fundamental,soft,56,G#3,3791,240,39.49,2.50,1,56,G#3,19.49,28,0,0,225,225,0,0,0,0.03
free,96000,full-fundamental,medium,57,A3,3791,240,39.49,2.50,1,57,A3,16.99,101,0,0,225,225,0,0,0,0.01
free,96000,full-fundamental,soft,57,A3,3791,240,39.49,2.50,1,57,A3,16.99,38,0,0,225,225,0,0,0,0.04
free,96000,weak-fundamental,medium,57,A3,3791,240,39.49,2.50,1,57,A3,19.49,97,0,0,225,225,0,0,0,0.01
free,96000,weak-fundamental,soft,57,A3,3791,240,39.49,2.50,1,57,A3,19.49,34,0,0,225,225,0,0,0,0.03
free,96000,full-fundamental,medium,58,A#3,3791,240,39.49,2.50,1,58,A#3,19.49,98,0,0,225,225,0,0,0,0.02
free,96000,full-fundamental,soft,58,A#3,3791,240,39.49,2.50,1,58,A#3,19.49,35,0,0,225,225,0,0,0,0.03
free,96000,weak-fundamental,medium,58,A#3,3791,240,39.49,2.50,1,58,A#3,19.49,95,0,0,225,225,0,0,0,0.01
free,96000,weak-fundamental,soft,58,A#3,3791,240,39.49,2.50,1,58,A#3,19.49,32,0,0,225,225,0,0,0,0.02
free,96000,full-fundamental,medium,59,B3,3791,240,39.49,2.50,1,59,B3,19.49,95,0,0,225,225,0,0,0,0.01
free,96000,full-fundamental,soft,59,B3,3791,240,39.49,2.50,1,59,B3,19.49,32,0,0,225,225,0,0,0,0.03
free,96000,weak-fundamental,medium,59,B3,3791,240,39.49,2.50,1,59,B3,19.49,94,0,0,225,225,0,0,0,0.01
free,96000,weak-fundamental,soft,59,B3,3791,240,39.49,2.50,1,59,B3,19.49,31,0,0,225,225,0,0,0,0.03
free,96000,full-fundamental,medium,60,C4,3791,240,39.49,2.50,1,60,C4,14.49,101,0,0,225,225,0,0,0,0.01
free,96000,full-fundamental,soft,60,C4,3791,240,39.49,2.50,1,60,C4,14.49,38,0,0,225,225,0,0,0,0.04
free,96000,weak-fundamental,medium,60,C4,3791,240,39.49,2.50,1,60,C4,14.49,97,0,0,225,225,0,0,0,0.01
free,96000,weak-fundamental,soft,60,C4,3791,240,39.49,2.50,1,60,C4,14.49,34,0,0,225,225,0,0,0,0.03
free,96000,full-fundamental,medium,61,C#4,3791,240,39.49,2.50,1,61,C#4,14.49,99,0,0,225,225,0,0,0,0.01
free,96000,full-fundamental,soft,61,C#4,3791,240,39.49,2.50,1,61,C#4,14.49,37,0,0,225,225,0,0,0,0.03
free,96000,weak-fundamental,medium,61,C#4,3791,240,39.49,2.50,1,61,C#4,14.49,93,0,0,225,225,0,0,0,0.01
free,96000,weak-fundamental,soft,61,C#4,3791,240,39.49,2.50,1,61,C#4,14.49,30,0,0,225,225,0,0,0,0.03
free,96000,full-fundamental,medium,62,D4,3791,240,39.49,2.50,1,62,D4,14.49,99,0,0,225,225,0,0,0,0.02
free,96000,full-fundamental,soft,62,D4,3791,240,39.49,2.50,1,62,D4,14.49,37,0,0,225,225,0,0,0,0.04
free,96000,weak-fundamental,medium,62,D4,3791,240,39.49,2.50,1,62,D4,14.49,96,0,0,225,225,0,0,0,0.01
free,96000,weak-fundamental,soft,62,D4,3791,240,39.49,2.50,1,62,D4,14.49,33,0,0,225,225,0,0,0,0.03
free,96000,full-fundamental,medium,63,D#4,3791,240,39.49,2.50,1,63,D#4,16.99,95,0,0,225,225,0,0,0,0.01
free,96000,full-fundamental,soft,63,D#4,3791,240,39.49,2.50,1,63,D#4,16.99,32,0,0,225,225,0,0,0,0.03
free,96000,weak-fundamental,medium,63,D#4,3791,240,39.49,2.50,1,63,D#4,16.99,98,0,0,225,225,0,0,0,0.00
free,96000,weak-fundamental,soft,63,D#4,3791,240,39.49,2.50,1,63,D#4,16.99,35,0,0,225,225,0,0,0,0.02
free,96000,full-fundamental,medium,64,E4,3791,240,39.49,2.50,1,64,E4,14.49,95,0,0,225,225,0,0,0,0.02
free,96000,full-fundamental,soft,64,E4,3791,240,39.49,2.50,1,64,E4,14.49,32,0,0,225,225,0,0,0,0.04
free,96000,weak-fundamental,medium,64,E4,3791,240,39.49,2.50,1,64,E4,14.49,95,0,0,225,225,0,0,0,0.01
free,96000,weak-fundamental,soft,64,E4,3791,240,39.49,2.50,1,64,E4,14.49,32,0,0,225,225,0,0,0,0.03
free,96000,full-fundamental,medium,65,F4,3791,240,39.49,2.50,1,65,F4,14.49,101,0,0,225,225,0,0,0,0.01
free,96000,full-fundamental,soft,65,F4,3791,240,39.49,2.50,1,65,F4,14.49,38,0,0,225,225,0,0,0,0.04
free,96000,weak-fundamental,medium,65,F4,3791,240,39.49,2.50,1,65,F4,14.49,96,0,0,225,225,0,0,0,0.01
free,96000,weak-fundamental,soft,65,F4,3791,240,39.49,2.50,1,65,F4,14.49,33,0,0,225,225,0,0,0,0.04
free,96000,full-fundamental,medium,66,F#4,3791,240,39.49,2.50,1,66,F#4,14.49,99,0,0,225,225,0,0,0,0.01
free,96000,full-fundamental,soft,66,F#4,3791,240,39.49,2.50,1,66,F#4,14.49,37,0,0,225,225,0,0,0,0.04
free,96000,weak-fundamental,medium,66,F#4,3791,240,39.49,2.50,1,66,F#4,14.49,95,0,0,225,225,0,0,0,0.01
free,96000,weak-fundamental,soft,66,F#4,3791,240,39.49,2.50,1,66,F#4,14.49,32,0,0,225,225,0,0,0,0.04
free,96000,full-fundamental,medium,67,G4,3791,240,39.49,2.50,1,67,G4,14.49,96,0,0,225,225,0,0,0,0.01
free,96000,full-fundamental,soft,67,G4,3791,240,39.49,2.50,1,67,G4,14.49,33,0,0,225,225,0,0,0,0.04
free,96000,weak-fundamental,medium,67,G4,3791,240,39.49,2.50,1,67,G4,14.49,90,0,0,225,225,0,0,0,0.01
free,96000,weak-fundamental,soft,67,G4,3791,240,39.49,2.50,1,67,G4,14.49,27,0,0,225,225,0,0,0,0.03
palette-in,96000,full-fundamental,medium,28,E1,3791,240,39.49,2.50,1,28,E1,34.49,98,0,0,225,225,0,0,0,0.15
palette-in,96000,full-fundamental,soft,28,E1,3791,240,39.49,2.50,1,28,E1,34.49,35,0,0,225,225,0,0,0,0.15
palette-in,96000,weak-fundamental,medium,28,E1,3791,240,39.49,2.50,1,28,E1,39.49,99,0,0,225,225,0,0,0,0.06
palette-in,96000,weak-fundamental,soft,28,E1,3791,240,39.49,2.50,1,28,E1,39.49,36,0,0,225,225,0,0,0,0.08
palette-in,96000,full-fundamental,medium,29,F1,3791,240,39.49,2.50,1,29,F1,34.49,99,0,0,225,225,0,0,0,0.12
palette-in,96000,full-fundamental,soft,29,F1,3791,240,39.49,2.50,1,29,F1,34.49,37,0,0,225,225,0,0,0,0.12
palette-in,96000,weak-fundamental,medium,29,F1,3791,240,39.49,2.50,1,29,F1,39.49,95,0,0,225,225,0,0,0,0.06
palette-in,96000,weak-fundamental,soft,29,F1,3791,240,39.49,2.50,1,29,F1,39.49,32,0,0,225,225,0,0,0,0.07
palette-in,96000,full-fundamental,medium,30,F#1,3791,240,39.49,2.50,1,30,F#1,39.49,96,0,0,225,225,0,0,0,0.11
palette-in,96000,full-fundamental,soft,30,F#1,3791,240,39.49,2.50,1,30,F#1,39.49,33,0,0,225,225,0,0,0,0.12
palette-in,96000,weak-fundamental,medium,30,F#1,3791,240,39.49,2.50,1,30,F#1,39.49,91,0,0,225,225,0,0,0,0.07
palette-in,96000,weak-fundamental,soft,30,F#1,3791,240,39.49,2.50,1,30,F#1,39.49,28,0,0,225,225,0,0,0,0.07
palette-in,96000,full-fundamental,medium,31,G1,3791,240,39.49,2.50,1,31,G1,39.49,100,0,0,225,225,0,0,0,0.10
palette-in,96000,full-fundamental,soft,31,G1,3791,240,39.49,2.50,1,31,G1,39.49,37,0,0,225,225,0,0,0,0.10
palette-in,96000,weak-fundamental,medium,31,G1,3791,240,39.49,2.50,1,31,G1,39.49,94,0,0,225,225,0,0,0,0.05
palette-in,96000,weak-fundamental,soft,31,G1,3791,240,39.49,2.50,1,31,G1,39.49,31,0,0,225,225,0,0,0,0.06
palette-in,96000,full-fundamental,medium,32,G#1,3791,240,39.49,2.50,1,32,G#1,34.49,99,0,0,225,225,0,0,0,0.14
palette-in,96000,full-fundamental,soft,32,G#1,3791,240,39.49,2.50,1,32,G#1,34.49,36,0,0,225,225,0,0,0,0.13
palette-in,96000,weak-fundamental,medium,32,G#1,3791,240,39.49,2.50,1,32,G#1,34.49,91,0,0,225,225,0,0,0,0.06
palette-in,96000,weak-fundamental,soft,32,G#1,3791,240,39.49,2.50,1,32,G#1,34.49,28,0,0,225,225,0,0,0,0.07
palette-in,96000,full-fundamental,medium,33,A1,3791,240,39.49,2.50,1,33,A1,34.49,95,0,0,225,225,0,0,0,0.12
palette-in,96000,full-fundamental,soft,33,A1,3791,240,39.49,2.50,1,33,A1,34.49,32,0,0,225,225,0,0,0,0.13
palette-in,96000,weak-fundamental,medium,33,A1,3791,240,39.49,2.50,1,33,A1,31.99,95,0,0,225,225,0,0,0,0.06
palette-in,96000,weak-fundamental,soft,33,A1,3791,240,39.49,2.50,1,33,A1,31.99,32,0,0,225,225,0,0,0,0.07
palette-in,96000,full-fundamental,medium,34,A#1,3791,240,39.49,2.50,1,34,A#1,34.49,99,0,0,225,225,0,0,0,0.09
palette-in,96000,full-fundamental,soft,34,A#1,3791,240,39.49,2.50,1,34,A#1,34.49,36,0,0,225,225,0,0,0,0.09
palette-in,96000,weak-fundamental,medium,34,A#1,3791,240,39.49,2.50,1,34,A#1,34.49,93,0,0,225,225,0,0,0,0.04
palette-in,96000,weak-fundamental,soft,34,A#1,3791,240,39.49,2.50,1,34,A#1,34.49,30,0,0,225,225,0,0,0,0.05
palette-in,96000,full-fundamental,medium,35,B1,3791,240,39.49,2.50,1,35,B1,34.49,92,0,0,225,225,0,0,0,0.08
palette-in,96000,full-fundamental,soft,35,B1,3791,240,39.49,2.50,1,35,B1,34.49,29,0,0,225,225,0,0,0,0.08
palette-in,96000,weak-fundamental,medium,35,B1,3791,240,39.49,2.50,1,35,B1,31.99,101,0,0,225,225,0,0,0,0.03
palette-in,96000,weak-fundamental,soft,35,B1,3791,240,39.49,2.50,1,35,B1,31.99,38,0,0,225,225,0,0,0,0.04
palette-in,96000,full-fundamental,medium,36,C2,3791,240,39.49,2.50,1,36,C2,29.49,91,0,0,225,225,0,0,0,0.11
palette-in,96000,full-fundamental,soft,36,C2,3791,240,39.49,2.50,1,36,C2,29.49,28,0,0,225,225,0,0,0,0.12
palette-in,96000,weak-fundamental,medium,36,C2,3791,240,39.49,2.50,1,36,C2,26.99,99,0,0,225,225,0,0,0,0.05
palette-in,96000,weak-fundamental,soft,36,C2,3791,240,39.49,2.50,1,36,C2,26.99,37,0,0,225,225,0,0,0,0.06
palette-in,96000,full-fundamental,medium,37,C#2,3791,240,39.49,2.50,1,37,C#2,26.99,94,0,0,225,225,0,0,0,0.08
palette-in,96000,full-fundamental,soft,37,C#2,3791,240,39.49,2.50,1,37,C#2,26.99,31,0,0,225,225,0,0,0,0.09
palette-in,96000,weak-fundamental,medium,37,C#2,3791,240,39.49,2.50,1,37,C#2,26.99,91,0,0,225,225,0,0,0,0.05
palette-in,96000,weak-fundamental,soft,37,C#2,3791,240,39.49,2.50,1,37,C#2,26.99,28,0,0,225,225,0,0,0,0.05
palette-in,96000,full-fundamental,medium,38,D2,3791,240,39.49,2.50,1,38,D2,26.99,93,0,0,225,225,0,0,0,0.11
palette-in,96000,full-fundamental,soft,38,D2,3791,240,39.49,2.50,1,38,D2,26.99,30,0,0,225,225,0,0,0,0.11
palette-in,96000,weak-fundamental,medium,38,D2,3791,240,39.49,2.50,1,38,D2,26.99,95,0,0,225,225,0,0,0,0.04
palette-in,96000,weak-fundamental,soft,38,D2,3791,240,39.49,2.50,1,38,D2,26.99,33,0,0,225,225,0,0,0,0.05
palette-in,96000,full-fundamental,medium,39,D#2,3791,240,39.49,2.50,1,39,D#2,26.99,97,0,0,225,225,0,0,0,0.01
palette-in,96000,full-fundamental,soft,39,D#2,3791,240,39.49,2.50,1,39,D#2,26.99,34,0,0,225,225,0,0,0,0.03
palette-in,96000,weak-fundamental,medium,39,D#2,3791,240,39.49,2.50,1,39,D#2,26.99,95,0,0,225,225,0,0,0,0.01
palette-in,96000,weak-fundamental,soft,39,D#2,3791,240,39.49,2.50,1,39,D#2,26.99,32,0,0,225,225,0,0,0,0.02
palette-in,96000,full-fundamental,medium,40,E2,3791,240,39.49,2.50,1,40,E2,24.49,96,0,0,225,225,0,0,0,0.03
palette-in,96000,full-fundamental,soft,40,E2,3791,240,39.49,2.50,1,40,E2,24.49,33,0,0,225,225,0,0,0,0.05
palette-in,96000,weak-fundamental,medium,40,E2,3791,240,39.49,2.50,1,40,E2,21.99,93,0,0,225,225,0,0,0,0.03
palette-in,96000,weak-fundamental,soft,40,E2,3791,240,39.49,2.50,1,40,E2,21.99,30,0,0,225,225,0,0,0,0.03
palette-in,96000,full-fundamental,medium,41,F2,3791,240,39.49,2.50,1,41,F2,21.99,97,0,0,225,225,0,0,0,0.04
palette-in,96000,full-fundamental,soft,41,F2,3791,240,39.49,2.50,1,41,F2,21.99,34,0,0,225,225,0,0,0,0.05
palette-in,96000,weak-fundamental,medium,41,F2,3791,240,39.49,2.50,1,41,F2,21.99,93,0,0,225,225,0,0,0,0.02
palette-in,96000,weak-fundamental,soft,41,F2,3791,240,39.49,2.50,1,41,F2,21.99,30,0,0,225,225,0,0,0,0.03
palette-in,96000,full-fundamental,medium,42,F#2,3791,240,39.49,2.50,1,42,F#2,21.99,96,0,0,225,225,0,0,0,0.04
palette-in,96000,full-fundamental,soft,42,F#2,3791,240,39.49,2.50,1,42,F#2,21.99,33,0,0,225,225,0,0,0,0.04
palette-in,96000,weak-fundamental,medium,42,F#2,3791,240,39.49,2.50,1,42,F#2,21.99,88,0,0,225,225,0,0,0,0.02
palette-in,96000,weak-fundamental,soft,42,F#2,3791,240,39.49,2.50,1,42,F#2,21.99,26,0,0,225,225,0,0,0,0.02
palette-in,96000,full-fundamental,medium,43,G2,3791,240,39.49,2.50,1,43,G2,24.49,97,0,0,225,225,0,0,0,0.03
palette-in,96000,full-fundamental,soft,43,G2,3791,240,39.49,2.50,1,43,G2,24.49,34,0,0,225,225,0,0,0,0.04
palette-in,96000,weak-fundamental,medium,43,G2,3791,240,39.49,2.50,1,43,G2,24.49,94,0,0,225,225,0,0,0,0.02
palette-in,96000,weak-fundamental,soft,43,G2,3791,240,39.49,2.50,1,43,G2,24.49,31,0,0,225,225,0,0,0,0.02
palette-in,96000,full-fundamental,medium,44,G#2,3791,240,39.49,2.50,1,44,G#2,16.99,92,0,0,225,225,0,0,0,0.03
palette-in,96000,full-fundamental,soft,44,G#2,3791,240,39.49,2.50,1,44,G#2,16.99,29,0,0,225,225,0,0,0,0.04
palette-in,96000,weak-fundamental,medium,44,G#2,3791,240,39.49,2.50,1,44,G#2,19.49,96,0,0,225,225,0,0,0,0.01
palette-in,96000,weak-fundamental,soft,44,G#2,3791,240,39.49,2.50,1,44,G#2,19.49,33,0,0,225,225,0,0,0,0.02
palette-in,96000,full-fundamental,medium,45,A2,3791,240,39.49,2.50,1,45,A2,16.99,92,0,0,225,225,0,0,0,0.03
palette-in,96000,full-fundamental,soft,45,A2,3791,240,39.49,2.50,1,45,A2,16.99,29,0,0,225,225,0,0,0,0.03
palette-in,96000,weak-fundamental,medium,45,A2,3791,240,39.49,2.50,1,45,A2,19.49,94,0,0,225,225,0,0,0,0.02
palette-in,96000,weak-fundamental,soft,45,A2,3791,240,39.49,2.50,1,45,A2,19.49,31,0,0,225,225,0,0,0,0.02
palette-in,96000,full-fundamental,medium,46,A#2,3791,240,39.49,2.50,1,46,A#2,16.99,91,0,0,225,225,0,0,0,0.03
palette-in,96000,full-fundamental,soft,46,A#2,3791,240,39.49,2.50,1,46,A#2,16.99,28,0,0,225,225,0,0,0,0.04
palette-in,96000,weak-fundamental,medium,46,A#2,3791,240,39.49,2.50,1,46,A#2,19.49,93,0,0,225,225,0,0,0,0.01
palette-in,96000,weak-fundamental,soft,46,A#2,3791,240,39.49,2.50,1,46,A#2,19.49,30,0,0,225,225,0,0,0,0.02
palette-in,96000,full-fundamental,medium,47,B2,3791,240,39.49,2.50,1,47,B2,19.49,96,0,0,225,225,0,0,0,0.03
palette-in,96000,full-fundamental,soft,47,B2,3791,240,39.49,2.50,1,47,B2,19.49,33,0,0,225,225,0,0,0,0.03
palette-in,96000,weak-fundamental,medium,47,B2,3791,240,39.49,2.50,1,47,B2,19.49,99,0,0,225,225,0,0,0,0.01
palette-in,96000,weak-fundamental,soft,47,B2,3791,240,39.49,2.50,1,47,B2,19.49,36,0,0,225,225,0,0,0,0.02
palette-in,96000,full-fundamental,medium,48,C3,3791,240,39.49,2.50,1,48,C3,16.99,94,0,0,225,225,0,0,0,0.03
palette-in,96000,full-fundamental,soft,48,C3,3791,240,39.49,2.50,1,48,C3,16.99,31,0,0,225,225,0,0,0,0.03
palette-in,96000,weak-fundamental,medium,48,C3,3791,240,39.49,2.50,1,48,C3,16.99,92,0,0,225,225,0,0,0,0.01
palette-in,96000,weak-fundamental,soft,48,C3,3791,240,39.49,2.50,1,48,C3,16.99,29,0,0,225,225,0,0,0,0.03
palette-in,96000,full-fundamental,medium,49,C#3,3791,240,39.49,2.50,1,49,C#3,16.99,92,0,0,225,225,0,0,0,0.02
palette-in,96000,full-fundamental,soft,49,C#3,3791,240,39.49,2.50,1,49,C#3,16.99,29,0,0,225,225,0,0,0,0.04
palette-in,96000,weak-fundamental,medium,49,C#3,3791,240,39.49,2.50,1,49,C#3,16.99,93,0,0,225,225,0,0,0,0.01
palette-in,96000,weak-fundamental,soft,49,C#3,3791,240,39.49,2.50,1,49,C#3,16.99,30,0,0,225,225,0,0,0,0.02
palette-in,96000,full-fundamental,medium,50,D3,3791,240,39.49,2.50,1,50,D3,16.99,100,0,0,225,225,0,0,0,0.02
palette-in,96000,full-fundamental,soft,50,D3,3791,240,39.49,2.50,1,50,D3,16.99,37,0,0,225,225,0,0,0,0.03
palette-in,96000,weak-fundamental,medium,50,D3,3791,240,39.49,2.50,1,50,D3,16.99,98,0,0,225,225,0,0,0,0.01
palette-in,96000,weak-fundamental,soft,50,D3,3791,240,39.49,2.50,1,50,D3,16.99,35,0,0,225,225,0,0,0,0.02
palette-in,96000,full-fundamental,medium,51,D#3,3791,240,39.49,2.50,1,51,D#3,16.99,95,0,0,225,225,0,0,0,0.02
palette-in,96000,full-fundamental,soft,51,D#3,3791,240,39.49,2.50,1,51,D#3,16.99,32,0,0,225,225,0,0,0,0.03
palette-in,96000,weak-fundamental,medium,51,D#3,3791,240,39.49,2.50,1,51,D#3,16.99,90,0,0,225,225,0,0,0,0.01
palette-in,96000,weak-fundamental,soft,51,D#3,3791,240,39.49,2.50,1,51,D#3,16.99,27,0,0,225,225,0,0,0,0.02
palette-in,96000,full-fundamental,medium,52,E3,3791,240,39.49,2.50,1,52,E3,14.49,97,0,0,225,225,0,0,0,0.02
palette-in,96000,full-fundamental,soft,52,E3,3791,240,39.49,2.50,1,52,E3,14.49,34,0,0,225,225,0,0,0,0.04
palette-in,96000,weak-fundamental,medium,52,E3,3791,240,39.49,2.50,1,52,E3,14.49,96,0,0,225,225,0,0,0,0.01
palette-in,96000,weak-fundamental,soft,52,E3,3791,240,39.49,2.50,1,52,E3,14.49,33,0,0,225,225,0,0,0,0.03
palette-in,96000,full-fundamental,medium,53,F3,3791,240,39.49,2.50,1,53,F3,11.99,95,0,0,225,225,0,0,0,0.02
palette-in,96000,full-fundamental,soft,53,F3,3791,240,39.49,2.50,1,53,F3,11.99,32,0,0,225,225,0,0,0,0.03
palette-in,96000,weak-fundamental,medium,53,F3,3791,240,39.49,2.50,1,53,F3,14.49,90,0,0,225,225,0,0,0,0.01
palette-in,96000,weak-fundamental,soft,53,F3,3791,240,39.49,2.50,1,53,F3,14.49,27,0,0,225,225,0,0,0,0.02
palette-in,96000,full-fundamental,medium,54,F#3,3791,240,39.49,2.50,1,54,F#3,14.49,95,0,0,225,225,0,0,0,0.02
palette-in,96000,full-fundamental,soft,54,F#3,3791,240,39.49,2.50,1,54,F#3,14.49,32,0,0,225,225,0,0,0,0.03
palette-in,96000,weak-fundamental,medium,54,F#3,3791,240,39.49,2.50,1,54,F#3,14.49,93,0,0,225,225,0,0,0,0.01
palette-in,96000,weak-fundamental,soft,54,F#3,3791,240,39.49,2.50,1,54,F#3,14.49,30,0,0,225,225,0,0,0,0.02
palette-in,96000,full-fundamental,medium,55,G3,3791,240,39.49,2.50,1,55,G3,14.49,97,0,0,225,225,0,0,0,0.02
palette-in,96000,full-fundamental,soft,55,G3,3791,240,39.49,2.50,1,55,G3,14.49,34,0,0,225,225,0,0,0,0.03
palette-in,96000,weak-fundamental,medium,55,G3,3791,240,39.49,2.50,1,55,G3,14.49,90,0,0,225,225,0,0,0,0.01
palette-in,96000,weak-fundamental,soft,55,G3,3791,240,39.49,2.50,1,55,G3,14.49,27,0,0,225,225,0,0,0,0.02
palette-in,96000,full-fundamental,medium,56,G#3,3791,240,39.49,2.50,1,56,G#3,11.99,99,0,0,225,225,0,0,0,0.01
palette-in,96000,full-fundamental,soft,56,G#3,3791,240,39.49,2.50,1,56,G#3,11.99,36,0,0,225,225,0,0,0,0.03
palette-in,96000,weak-fundamental,medium,56,G#3,3791,240,39.49,2.50,1,56,G#3,11.99,91,0,0,225,225,0,0,0,0.01
palette-in,96000,weak-fundamental,soft,56,G#3,3791,240,39.49,2.50,1,56,G#3,11.99,28,0,0,225,225,0,0,0,0.03
palette-in,96000,full-fundamental,medium,57,A3,3791,240,39.49,2.50,1,57,A3,11.99,101,0,0,225,225,0,0,0,0.01
palette-in,96000,full-fundamental,soft,57,A3,3791,240,39.49,2.50,1,57,A3,11.99,38,0,0,225,225,0,0,0,0.04
palette-in,96000,weak-fundamental,medium,57,A3,3791,240,39.49,2.50,1,57,A3,11.99,97,0,0,225,225,0,0,0,0.01
palette-in,96000,weak-fundamental,soft,57,A3,3791,240,39.49,2.50,1,57,A3,11.99,34,0,0,225,225,0,0,0,0.03
palette-in,96000,full-fundamental,medium,58,A#3,3791,240,39.49,2.50,1,58,A#3,14.49,98,0,0,225,225,0,0,0,0.02
palette-in,96000,full-fundamental,soft,58,A#3,3791,240,39.49,2.50,1,58,A#3,14.49,35,0,0,225,225,0,0,0,0.03
palette-in,96000,weak-fundamental,medium,58,A#3,3791,240,39.49,2.50,1,58,A#3,14.49,95,0,0,225,225,0,0,0,0.01
palette-in,96000,weak-fundamental,soft,58,A#3,3791,240,39.49,2.50,1,58,A#3,14.49,32,0,0,225,225,0,0,0,0.02
palette-in,96000,full-fundamental,medium,59,B3,3791,240,39.49,2.50,1,59,B3,11.99,95,0,0,225,225,0,0,0,0.01
palette-in,96000,full-fundamental,soft,59,B3,3791,240,39.49,2.50,1,59,B3,11.99,32,0,0,225,225,0,0,0,0.03
palette-in,96000,weak-fundamental,medium,59,B3,3791,240,39.49,2.50,1,59,B3,14.49,94,0,0,225,225,0,0,0,0.01
palette-in,96000,weak-fundamental,soft,59,B3,3791,240,39.49,2.50,1,59,B3,14.49,31,0,0,225,225,0,0,0,0.03
palette-in,96000,full-fundamental,medium,60,C4,3791,240,39.49,2.50,1,60,C4,11.99,101,0,0,225,225,0,0,0,0.01
palette-in,96000,full-fundamental,soft,60,C4,3791,240,39.49,2.50,1,60,C4,11.99,38,0,0,225,225,0,0,0,0.04
palette-in,96000,weak-fundamental,medium,60,C4,3791,240,39.49,2.50,1,60,C4,14.49,97,0,0,225,225,0,0,0,0.01
palette-in,96000,weak-fundamental,soft,60,C4,3791,240,39.49,2.50,1,60,C4,14.49,34,0,0,225,225,0,0,0,0.03
palette-in,96000,full-fundamental,medium,61,C#4,3791,240,39.49,2.50,1,61,C#4,11.99,99,0,0,225,225,0,0,0,0.01
palette-in,96000,full-fundamental,soft,61,C#4,3791,240,39.49,2.50,1,61,C#4,11.99,37,0,0,225,225,0,0,0,0.03
palette-in,96000,weak-fundamental,medium,61,C#4,3791,240,39.49,2.50,1,61,C#4,14.49,93,0,0,225,225,0,0,0,0.01
palette-in,96000,weak-fundamental,soft,61,C#4,3791,240,39.49,2.50,1,61,C#4,14.49,30,0,0,225,225,0,0,0,0.03
palette-in,96000,full-fundamental,medium,62,D4,3791,240,39.49,2.50,1,62,D4,14.49,99,0,0,225,225,0,0,0,0.02
palette-in,96000,full-fundamental,soft,62,D4,3791,240,39.49,2.50,1,62,D4,14.49,37,0,0,225,225,0,0,0,0.04
palette-in,96000,weak-fundamental,medium,62,D4,3791,240,39.49,2.50,1,62,D4,14.49,96,0,0,225,225,0,0,0,0.01
palette-in,96000,weak-fundamental,soft,62,D4,3791,240,39.49,2.50,1,62,D4,14.49,33,0,0,225,225,0,0,0,0.03
palette-in,96000,full-fundamental,medium,63,D#4,3791,240,39.49,2.50,1,63,D#4,14.49,95,0,0,225,225,0,0,0,0.01
palette-in,96000,full-fundamental,soft,63,D#4,3791,240,39.49,2.50,1,63,D#4,14.49,32,0,0,225,225,0,0,0,0.03
palette-in,96000,weak-fundamental,medium,63,D#4,3791,240,39.49,2.50,1,63,D#4,14.49,98,0,0,225,225,0,0,0,0.00
palette-in,96000,weak-fundamental,soft,63,D#4,3791,240,39.49,2.50,1,63,D#4,14.49,35,0,0,225,225,0,0,0,0.02
palette-in,96000,full-fundamental,medium,64,E4,3791,240,39.49,2.50,1,64,E4,14.49,95,0,0,225,225,0,0,0,0.02
palette-in,96000,full-fundamental,soft,64,E4,3791,240,39.49,2.50,1,64,E4,14.49,32,0,0,225,225,0,0,0,0.04
palette-in,96000,weak-fundamental,medium,64,E4,3791,240,39.49,2.50,1,64,E4,14.49,95,0,0,225,225,0,0,0,0.01
palette-in,96000,weak-fundamental,soft,64,E4,3791,240,39.49,2.50,1,64,E4,14.49,32,0,0,225,225,0,0,0,0.03
palette-in,96000,full-fundamental,medium,65,F4,3791,240,39.49,2.50,1,65,F4,14.49,101,0,0,225,225,0,0,0,0.01
palette-in,96000,full-fundamental,soft,65,F4,3791,240,39.49,2.50,1,65,F4,14.49,38,0,0,225,225,0,0,0,0.04
palette-in,96000,weak-fundamental,medium,65,F4,3791,240,39.49,2.50,1,65,F4,14.49,96,0,0,225,225,0,0,0,0.01
palette-in,96000,weak-fundamental,soft,65,F4,3791,240,39.49,2.50,1,65,F4,14.49,33,0,0,225,225,0,0,0,0.04
palette-in,96000,full-fundamental,medium,66,F#4,3791,240,39.49,2.50,1,66,F#4,14.49,99,0,0,225,225,0,0,0,0.01
palette-in,96000,full-fundamental,soft,66,F#4,3791,240,39.49,2.50,1,66,F#4,14.49,37,0,0,225,225,0,0,0,0.04
palette-in,96000,weak-fundamental,medium,66,F#4,3791,240,39.49,2.50,1,66,F#4,14.49,95,0,0,225,225,0,0,0,0.01
palette-in,96000,weak-fundamental,soft,66,F#4,3791,240,39.49,2.50,1,66,F#4,14.49,32,0,0,225,225,0,0,0,0.04
palette-in,96000,full-fundamental,medium,67,G4,3791,240,39.49,2.50,1,67,G4,14.49,96,0,0,225,225,0,0,0,0.01
palette-in,96000,full-fundamental,soft,67,G4,3791,240,39.49,2.50,1,67,G4,14.49,33,0,0,225,225,0,0,0,0.04
palette-in,96000,weak-fundamental,medium,67,G4,3791,240,39.49,2.50,1,67,G4,14.49,90,0,0,225,225,0,0,0,0.01
palette-in,96000,weak-fundamental,soft,67,G4,3791,240,39.49,2.50,1,67,G4,14.49,27,0,0,225,225,0,0,0,0.03
palette-off-chromatic,96000,full-fundamental,medium,28,E1,3791,240,39.49,2.50,1,28,E1,44.49,98,0,0,225,225,0,0,0,0.15
palette-off-chromatic,96000,full-fundamental,soft,28,E1,3791,240,39.49,2.50,1,28,E1,44.49,35,0,0,225,225,0,0,0,0.15
palette-off-chromatic,96000,weak-fundamental,medium,28,E1,3791,240,39.49,2.50,1,28,E1,49.49,99,0,0,225,225,0,0,0,0.06
palette-off-chromatic,96000,weak-fundamental,soft,28,E1,3791,240,39.49,2.50,1,28,E1,49.49,36,0,0,225,225,0,0,0,0.08
palette-off-chromatic,96000,full-fundamental,medium,29,F1,3791,240,39.49,2.50,1,29,F1,44.49,99,0,0,225,225,0,0,0,0.12
palette-off-chromatic,96000,full-fundamental,soft,29,F1,3791,240,39.49,2.50,1,29,F1,44.49,37,0,0,225,225,0,0,0,0.12
palette-off-chromatic,96000,weak-fundamental,medium,29,F1,3791,240,39.49,2.50,1,29,F1,49.49,95,0,0,225,225,0,0,0,0.06
palette-off-chromatic,96000,weak-fundamental,soft,29,F1,3791,240,39.49,2.50,1,29,F1,49.49,32,0,0,225,225,0,0,0,0.07
palette-off-chromatic,96000,full-fundamental,medium,30,F#1,3791,240,39.49,2.50,1,30,F#1,49.49,96,0,0,225,225,0,0,0,0.11
palette-off-chromatic,96000,full-fundamental,soft,30,F#1,3791,240,39.49,2.50,1,30,F#1,49.49,33,0,0,225,225,0,0,0,0.12
palette-off-chromatic,96000,weak-fundamental,medium,30,F#1,3791,240,39.49,2.50,1,30,F#1,49.49,91,0,0,225,225,0,0,0,0.07
palette-off-chromatic,96000,weak-fundamental,soft,30,F#1,3791,240,39.49,2.50,1,30,F#1,49.49,28,0,0,225,225,0,0,0,0.07
palette-off-chromatic,96000,full-fundamental,medium,31,G1,3791,240,39.49,2.50,1,31,G1,49.49,100,0,0,225,225,0,0,0,0.10
palette-off-chromatic,96000,full-fundamental,soft,31,G1,3791,240,39.49,2.50,1,31,G1,49.49,37,0,0,225,225,0,0,0,0.10
palette-off-chromatic,96000,weak-fundamental,medium,31,G1,3791,240,39.49,2.50,1,31,G1,49.49,94,0,0,225,225,0,0,0,0.05
palette-off-chromatic,96000,weak-fundamental,soft,31,G1,3791,240,39.49,2.50,1,31,G1,49.49,31,0,0,225,225,0,0,0,0.06
palette-off-chromatic,96000,full-fundamental,medium,32,G#1,3791,240,39.49,2.50,1,32,G#1,44.49,99,0,0,225,225,0,0,0,0.14
palette-off-chromatic,96000,full-fundamental,soft,32,G#1,3791,240,39.49,2.50,1,32,G#1,44.49,36,0,0,225,225,0,0,0,0.13
palette-off-chromatic,96000,weak-fundamental,medium,32,G#1,3791,240,39.49,2.50,1,32,G#1,44.49,91,0,0,225,225,0,0,0,0.06
palette-off-chromatic,96000,weak-fundamental,soft,32,G#1,3791,240,39.49,2.50,1,32,G#1,44.49,28,0,0,225,225,0,0,0,0.07
palette-off-chromatic,96000,full-fundamental,medium,33,A1,3791,240,39.49,2.50,1,33,A1,44.49,95,0,0,225,225,0,0,0,0.12
palette-off-chromatic,96000,full-fundamental,soft,33,A1,3791,240,39.49,2.50,1,33,A1,44.49,32,0,0,225,225,0,0,0,0.13
palette-off-chromatic,96000,weak-fundamental,medium,33,A1,3791,240,39.49,2.50,1,33,A1,41.99,95,0,0,225,225,0,0,0,0.06
palette-off-chromatic,96000,weak-fundamental,soft,33,A1,3791,240,39.49,2.50,1,33,A1,41.99,32,0,0,225,225,0,0,0,0.07
palette-off-chromatic,96000,full-fundamental,medium,34,A#1,3791,240,39.49,2.50,1,34,A#1,44.49,99,0,0,225,225,0,0,0,0.09
palette-off-chromatic,96000,full-fundamental,soft,34,A#1,3791,240,39.49,2.50,1,34,A#1,44.49,36,0,0,225,225,0,0,0,0.09
palette-off-chromatic,96000,weak-fundamental,medium,34,A#1,3791,240,39.49,2.50,1,34,A#1,44.49,93,0,0,225,225,0,0,0,0.04
palette-off-chromatic,96000,weak-fundamental,soft,34,A#1,3791,240,39.49,2.50,1,34,A#1,44.49,30,0,0,225,225,0,0,0,0.05
palette-off-chromatic,96000,full-fundamental,medium,35,B1,3791,240,39.49,2.50,1,35,B1,44.49,92,0,0,225,225,0,0,0,0.08
palette-off-chromatic,96000,full-fundamental,soft,35,B1,3791,240,39.49,2.50,1,35,B1,44.49,29,0,0,225,225,0,0,0,0.08
palette-off-chromatic,96000,weak-fundamental,medium,35,B1,3791,240,39.49,2.50,1,35,B1,41.99,101,0,0,225,225,0,0,0,0.03
palette-off-chromatic,96000,weak-fundamental,soft,35,B1,3791,240,39.49,2.50,1,35,B1,41.99,38,0,0,225,225,0,0,0,0.04
palette-off-chromatic,96000,full-fundamental,medium,36,C2,3791,240,39.49,2.50,1,36,C2,39.49,91,0,0,225,225,0,0,0,0.11
palette-off-chromatic,96000,full-fundamental,soft,36,C2,3791,240,39.49,2.50,1,36,C2,39.49,28,0,0,225,225,0,0,0,0.12
palette-off-chromatic,96000,weak-fundamental,medium,36,C2,3791,240,39.49,2.50,1,36,C2,36.99,99,0,0,225,225,0,0,0,0.05
palette-off-chromatic,96000,weak-fundamental,soft,36,C2,3791,240,39.49,2.50,1,36,C2,36.99,37,0,0,225,225,0,0,0,0.06
palette-off-chromatic,96000,full-fundamental,medium,37,C#2,3791,240,39.49,2.50,1,37,C#2,36.99,94,0,0,225,225,0,0,0,0.08
palette-off-chromatic,96000,full-fundamental,soft,37,C#2,3791,240,39.49,2.50,1,37,C#2,36.99,31,0,0,225,225,0,0,0,0.09
palette-off-chromatic,96000,weak-fundamental,medium,37,C#2,3791,240,39.49,2.50,1,37,C#2,36.99,91,0,0,225,225,0,0,0,0.05
palette-off-chromatic,96000,weak-fundamental,soft,37,C#2,3791,240,39.49,2.50,1,37,C#2,36.99,28,0,0,225,225,0,0,0,0.05
palette-off-chromatic,96000,full-fundamental,medium,38,D2,3791,240,39.49,2.50,1,38,D2,36.99,93,0,0,225,225,0,0,0,0.11
palette-off-chromatic,96000,full-fundamental,soft,38,D2,3791,240,39.49,2.50,1,38,D2,36.99,30,0,0,225,225,0,0,0,0.11
palette-off-chromatic,96000,weak-fundamental,medium,38,D2,3791,240,39.49,2.50,1,38,D2,36.99,95,0,0,225,225,0,0,0,0.04
palette-off-chromatic,96000,weak-fundamental,soft,38,D2,3791,240,39.49,2.50,1,38,D2,36.99,33,0,0,225,225,0,0,0,0.05
palette-off-chromatic,96000,full-fundamental,medium,39,D#2,3791,240,39.49,2.50,1,39,D#2,49.49,97,0,0,225,225,0,0,0,0.01
palette-off-chromatic,96000,full-fundamental,soft,39,D#2,3791,240,39.49,2.50,1,39,D#2,49.49,34,0,0,225,225,0,0,0,0.03
palette-off-chromatic,96000,weak-fundamental,medium,39,D#2,3791,240,39.49,2.50,1,39,D#2,46.99,95,0,0,225,225,0,0,0,0.01
palette-off-chromatic,96000,weak-fundamental,soft,39,D#2,3791,240,39.49,2.50,1,39,D#2,46.99,32,0,0,225,225,0,0,0,0.02
palette-off-chromatic,96000,full-fundamental,medium,40,E2,3791,240,39.49,2.50,1,40,E2,51.99,96,0,0,225,225,0,0,0,0.03
palette-off-chromatic,96000,full-fundamental,soft,40,E2,3791,240,39.49,2.50,1,40,E2,51.99,33,0,0,225,225,0,0,0,0.05
palette-off-chromatic,96000,weak-fundamental,medium,40,E2,3791,240,39.49,2.50,1,40,E2,49.49,93,0,0,225,225,0,0,0,0.03
palette-off-chromatic,96000,weak-fundamental,soft,40,E2,3791,240,39.49,2.50,1,40,E2,49.49,30,0,0,225,225,0,0,0,0.03
palette-off-chromatic,96000,full-fundamental,medium,41,F2,3791,240,39.49,2.50,1,41,F2,51.99,97,0,0,225,225,0,0,0,0.04
palette-off-chromatic,96000,full-fundamental,soft,41,F2,3791,240,39.49,2.50,1,41,F2,51.99,34,0,0,225,225,0,0,0,0.05
palette-off-chromatic,96000,weak-fundamental,medium,41,F2,3791,240,39.49,2.50,1,41,F2,49.49,93,0,0,225,225,0,0,0,0.02
palette-off-chromatic,96000,weak-fundamental,soft,41,F2,3791,240,39.49,2.50,1,41,F2,49.49,30,0,0,225,225,0,0,0,0.03
palette-off-chromatic,96000,full-fundamental,medium,42,F#2,3791,240,39.49,2.50,1,42,F#2,51.99,96,0,0,225,225,0,0,0,0.04
palette-off-chromatic,96000,full-fundamental,soft,42,F#2,3791,240,39.49,2.50,1,42,F#2,51.99,33,0,0,225,225,0,0,0,0.04
palette-off-chromatic,96000,weak-fundamental,medium,42,F#2,3791,240,39.49,2.50,1,42,F#2,49.49,88,0,0,225,225,0,0,0,0.02
palette-off-chromatic,96000,weak-fundamental,soft,42,F#2,3791,240,39.49,2.50,1,42,F#2,49.49,26,0,0,225,225,0,0,0,0.02
palette-off-chromatic,96000,full-fundamental,medium,43,G2,3791,240,39.49,2.50,1,43,G2,49.49,97,0,0,225,225,0,0,0,0.03
palette-off-chromatic,96000,full-fundamental,soft,43,G2,3791,240,39.49,2.50,1,43,G2,49.49,34,0,0,225,225,0,0,0,0.04
palette-off-chromatic,96000,weak-fundamental,medium,43,G2,3791,240,39.49,2.50,1,43,G2,49.49,94,0,0,225,225,0,0,0,0.02
palette-off-chromatic,96000,weak-fundamental,soft,43,G2,3791,240,39.49,2.50,1,43,G2,49.49,31,0,0,225,225,0,0,0,0.02
palette-off-chromatic,96000,full-fundamental,medium,44,G#2,3791,240,39.49,2.50,1,44,G#2,44.49,92,0,0,225,225,0,0,0,0.03
palette-off-chromatic,96000,full-fundamental,soft,44,G#2,3791,240,39.49,2.50,1,44,G#2,44.49,29,0,0,225,225,0,0,0,0.04
palette-off-chromatic,96000,weak-fundamental,medium,44,G#2,3791,240,39.49,2.50,1,44,G#2,44.49,96,0,0,225,225,0,0,0,0.01
palette-off-chromatic,96000,weak-fundamental,soft,44,G#2,3791,240,39.49,2.50,1,44,G#2,44.49,33,0,0,225,225,0,0,0,0.02
palette-off-chromatic,96000,full-fundamental,medium,45,A2,3791,240,39.49,2.50,1,45,A2,41.99,92,0,0,225,225,0,0,0,0.03
palette-off-chromatic,96000,full-fundamental,soft,45,A2,3791,240,39.49,2.50,1,45,A2,41.99,29,0,0,225,225,0,0,0,0.03
palette-off-chromatic,96000,weak-fundamental,medium,45,A2,3791,240,39.49,2.50,1,45,A2,41.99,94,0,0,225,225,0,0,0,0.02
palette-off-chromatic,96000,weak-fundamental,soft,45,A2,3791,240,39.49,2.50,1,45,A2,41.99,31,0,0,225,225,0,0,0,0.02
palette-off-chromatic,96000,full-fundamental,medium,46,A#2,3791,240,39.49,2.50,1,46,A#2,44.49,91,0,0,225,225,0,0,0,0.03
palette-off-chromatic,96000,full-fundamental,soft,46,A#2,3791,240,39.49,2.50,1,46,A#2,44.49,28,0,0,225,225,0,0,0,0.04
palette-off-chromatic,96000,weak-fundamental,medium,46,A#2,3791,240,39.49,2.50,1,46,A#2,44.49,93,0,0,225,225,0,0,0,0.01
palette-off-chromatic,96000,weak-fundamental,soft,46,A#2,3791,240,39.49,2.50,1,46,A#2,44.49,30,0,0,225,225,0,0,0,0.02
palette-off-chromatic,96000,full-fundamental,medium,47,B2,3791,240,39.49,2.50,1,47,B2,44.49,96,0,0,225,225,0,0,0,0.03
palette-off-chromatic,96000,full-fundamental,soft,47,B2,3791,240,39.49,2.50,1,47,B2,44.49,33,0,0,225,225,0,0,0,0.03
palette-off-chromatic,96000,weak-fundamental,medium,47,B2,3791,240,39.49,2.50,1,47,B2,44.49,99,0,0,225,225,0,0,0,0.01
palette-off-chromatic,96000,weak-fundamental,soft,47,B2,3791,240,39.49,2.50,1,47,B2,44.49,36,0,0,225,225,0,0,0,0.02
palette-off-chromatic,96000,full-fundamental,medium,48,C3,3791,240,39.49,2.50,1,48,C3,39.49,94,0,0,225,225,0,0,0,0.03
palette-off-chromatic,96000,full-fundamental,soft,48,C3,3791,240,39.49,2.50,1,48,C3,39.49,31,0,0,225,225,0,0,0,0.03
palette-off-chromatic,96000,weak-fundamental,medium,48,C3,3791,240,39.49,2.50,1,48,C3,36.99,92,0,0,225,225,0,0,0,0.01
palette-off-chromatic,96000,weak-fundamental,soft,48,C3,3791,240,39.49,2.50,1,48,C3,36.99,29,0,0,225,225,0,0,0,0.03
palette-off-chromatic,96000,full-fundamental,medium,49,C#3,3791,240,39.49,2.50,1,49,C#3,39.49,92,0,0,225,225,0,0,0,0.02
palette-off-chromatic,96000,full-fundamental,soft,49,C#3,3791,240,39.49,2.50,1,49,C#3,39.49,29,0,0,225,225,0,0,0,0.04
palette-off-chromatic,96000,weak-fundamental,medium,49,C#3,3791,240,39.49,2.50,1,49,C#3,36.99,93,0,0,225,225,0,0,0,0.01
palette-off-chromatic,96000,weak-fundamental,soft,49,C#3,3791,240,39.49,2.50,1,49,C#3,36.99,30,0,0,225,225,0,0,0,0.02
palette-off-chromatic,96000,full-fundamental,medium,50,D3,3791,240,39.49,2.50,1,50,D3,39.49,100,0,0,225,225,0,0,0,0.02
palette-off-chromatic,96000,full-fundamental,soft,50,D3,3791,240,39.49,2.50,1,50,D3,39.49,37,0,0,225,225,0,0,0,0.03
palette-off-chromatic,96000,weak-fundamental,medium,50,D3,3791,240,39.49,2.50,1,50,D3,39.49,98,0,0,225,225,0,0,0,0.01
palette-off-chromatic,96000,weak-fundamental,soft,50,D3,3791,240,39.49,2.50,1,50,D3,39.49,35,0,0,225,225,0,0,0,0.02
palette-off-chromatic,96000,full-fundamental,medium,51,D#3,3791,240,39.49,2.50,1,51,D#3,39.49,95,0,0,225,225,0,0,0,0.02
palette-off-chromatic,96000,full-fundamental,soft,51,D#3,3791,240,39.49,2.50,1,51,D#3,39.49,32,0,0,225,225,0,0,0,0.03
palette-off-chromatic,96000,weak-fundamental,medium,51,D#3,3791,240,39.49,2.50,1,51,D#3,39.49,90,0,0,225,225,0,0,0,0.01
palette-off-chromatic,96000,weak-fundamental,soft,51,D#3,3791,240,39.49,2.50,1,51,D#3,39.49,27,0,0,225,225,0,0,0,0.02
palette-off-chromatic,96000,full-fundamental,medium,52,E3,3791,240,39.49,2.50,1,52,E3,31.99,97,0,0,225,225,0,0,0,0.02
palette-off-chromatic,96000,full-fundamental,soft,52,E3,3791,240,39.49,2.50,1,52,E3,31.99,34,0,0,225,225,0,0,0,0.04
palette-off-chromatic,96000,weak-fundamental,medium,52,E3,3791,240,39.49,2.50,1,52,E3,31.99,96,0,0,225,225,0,0,0,0.01
palette-off-chromatic,96000,weak-fundamental,soft,52,E3,3791,240,39.49,2.50,1,52,E3,31.99,33,0,0,225,225,0,0,0,0.03
palette-off-chromatic,96000,full-fundamental,medium,53,F3,3791,240,39.49,2.50,1,53,F3,31.99,95,0,0,225,225,0,0,0,0.02
palette-off-chromatic,96000,full-fundamental,soft,53,F3,3791,240,39.49,2.50,1,53,F3,31.99,32,0,0,225,225,0,0,0,0.03
palette-off-chromatic,96000,weak-fundamental,medium,53,F3,3791,240,39.49,2.50,1,53,F3,31.99,90,0,0,225,225,0,0,0,0.01
palette-off-chromatic,96000,weak-fundamental,soft,53,F3,3791,240,39.49,2.50,1,53,F3,31.99,27,0,0,225,225,0,0,0,0.02
palette-off-chromatic,96000,full-fundamental,medium,54,F#3,3791,240,39.49,2.50,1,54,F#3,31.99,95,0,0,225,225,0,0,0,0.02
palette-off-chromatic,96000,full-fundamental,soft,54,F#3,3791,240,39.49,2.50,1,54,F#3,31.99,32,0,0,225,225,0,0,0,0.03
palette-off-chromatic,96000,weak-fundamental,medium,54,F#3,3791,240,39.49,2.50,1,54,F#3,31.99,93,0,0,225,225,0,0,0,0.01
palette-off-chromatic,96000,weak-fundamental,soft,54,F#3,3791,240,39.49,2.50,1,54,F#3,31.99,30,0,0,225,225,0,0,0,0.02
palette-off-chromatic,96000,full-fundamental,medium,55,G3,3791,240,39.49,2.50,1,55,G3,31.99,97,0,0,225,225,0,0,0,0.02
palette-off-chromatic,96000,full-fundamental,soft,55,G3,3791,240,39.49,2.50,1,55,G3,31.99,34,0,0,225,225,0,0,0,0.03
palette-off-chromatic,96000,weak-fundamental,medium,55,G3,3791,240,39.49,2.50,1,55,G3,31.99,90,0,0,225,225,0,0,0,0.01
palette-off-chromatic,96000,weak-fundamental,soft,55,G3,3791,240,39.49,2.50,1,55,G3,31.99,27,0,0,225,225,0,0,0,0.02
palette-off-chromatic,96000,full-fundamental,medium,56,G#3,3791,240,39.49,2.50,1,56,G#3,29.49,99,0,0,225,225,0,0,0,0.01
palette-off-chromatic,96000,full-fundamental,soft,56,G#3,3791,240,39.49,2.50,1,56,G#3,29.49,36,0,0,225,225,0,0,0,0.03
palette-off-chromatic,96000,weak-fundamental,medium,56,G#3,3791,240,39.49,2.50,1,56,G#3,29.49,91,0,0,225,225,0,0,0,0.01
palette-off-chromatic,96000,weak-fundamental,soft,56,G#3,3791,240,39.49,2.50,1,56,G#3,29.49,28,0,0,225,225,0,0,0,0.03
palette-off-chromatic,96000,full-fundamental,medium,57,A3,3791,240,39.49,2.50,1,57,A3,26.99,101,0,0,225,225,0,0,0,0.01
palette-off-chromatic,96000,full-fundamental,soft,57,A3,3791,240,39.49,2.50,1,57,A3,26.99,38,0,0,225,225,0,0,0,0.04
palette-off-chromatic,96000,weak-fundamental,medium,57,A3,3791,240,39.49,2.50,1,57,A3,29.49,97,0,0,225,225,0,0,0,0.01
palette-off-chromatic,96000,weak-fundamental,soft,57,A3,3791,240,39.49,2.50,1,57,A3,29.49,34,0,0,225,225,0,0,0,0.03
palette-off-chromatic,96000,full-fundamental,medium,58,A#3,3791,240,39.49,2.50,1,58,A#3,29.49,98,0,0,225,225,0,0,0,0.02
palette-off-chromatic,96000,full-fundamental,soft,58,A#3,3791,240,39.49,2.50,1,58,A#3,29.49,35,0,0,225,225,0,0,0,0.03
palette-off-chromatic,96000,weak-fundamental,medium,58,A#3,3791,240,39.49,2.50,1,58,A#3,29.49,95,0,0,225,225,0,0,0,0.01
palette-off-chromatic,96000,weak-fundamental,soft,58,A#3,3791,240,39.49,2.50,1,58,A#3,29.49,32,0,0,225,225,0,0,0,0.02
palette-off-chromatic,96000,full-fundamental,medium,59,B3,3791,240,39.49,2.50,1,59,B3,29.49,95,0,0,225,225,0,0,0,0.01
palette-off-chromatic,96000,full-fundamental,soft,59,B3,3791,240,39.49,2.50,1,59,B3,29.49,32,0,0,225,225,0,0,0,0.03
palette-off-chromatic,96000,weak-fundamental,medium,59,B3,3791,240,39.49,2.50,1,59,B3,29.49,94,0,0,225,225,0,0,0,0.01
palette-off-chromatic,96000,weak-fundamental,soft,59,B3,3791,240,39.49,2.50,1,59,B3,29.49,31,0,0,225,225,0,0,0,0.03
palette-off-chromatic,96000,full-fundamental,medium,60,C4,3791,240,39.49,2.50,1,60,C4,24.49,101,0,0,225,225,0,0,0,0.01
palette-off-chromatic,96000,full-fundamental,soft,60,C4,3791,240,39.49,2.50,1,60,C4,24.49,38,0,0,225,225,0,0,0,0.04
palette-off-chromatic,96000,weak-fundamental,medium,60,C4,3791,240,39.49,2.50,1,60,C4,24.49,97,0,0,225,225,0,0,0,0.01
palette-off-chromatic,96000,weak-fundamental,soft,60,C4,3791,240,39.49,2.50,1,60,C4,24.49,34,0,0,225,225,0,0,0,0.03
palette-off-chromatic,96000,full-fundamental,medium,61,C#4,3791,240,39.49,2.50,1,61,C#4,24.49,99,0,0,225,225,0,0,0,0.01
palette-off-chromatic,96000,full-fundamental,soft,61,C#4,3791,240,39.49,2.50,1,61,C#4,24.49,37,0,0,225,225,0,0,0,0.03
palette-off-chromatic,96000,weak-fundamental,medium,61,C#4,3791,240,39.49,2.50,1,61,C#4,24.49,93,0,0,225,225,0,0,0,0.01
palette-off-chromatic,96000,weak-fundamental,soft,61,C#4,3791,240,39.49,2.50,1,61,C#4,24.49,30,0,0,225,225,0,0,0,0.03
palette-off-chromatic,96000,full-fundamental,medium,62,D4,3791,240,39.49,2.50,1,62,D4,24.49,99,0,0,225,225,0,0,0,0.02
palette-off-chromatic,96000,full-fundamental,soft,62,D4,3791,240,39.49,2.50,1,62,D4,24.49,37,0,0,225,225,0,0,0,0.04
palette-off-chromatic,96000,weak-fundamental,medium,62,D4,3791,240,39.49,2.50,1,62,D4,24.49,96,0,0,225,225,0,0,0,0.01
palette-off-chromatic,96000,weak-fundamental,soft,62,D4,3791,240,39.49,2.50,1,62,D4,24.49,33,0,0,225,225,0,0,0,0.03
palette-off-chromatic,96000,full-fundamental,medium,63,D#4,3791,240,39.49,2.50,1,63,D#4,26.99,95,0,0,225,225,0,0,0,0.01
palette-off-chromatic,96000,full-fundamental,soft,63,D#4,3791,240,39.49,2.50,1,63,D#4,26.99,32,0,0,225,225,0,0,0,0.03
palette-off-chromatic,96000,weak-fundamental,medium,63,D#4,3791,240,39.49,2.50,1,63,D#4,26.99,98,0,0,225,225,0,0,0,0.00
palette-off-chromatic,96000,weak-fundamental,soft,63,D#4,3791,240,39.49,2.50,1,63,D#4,26.99,35,0,0,225,225,0,0,0,0.02
palette-off-chromatic,96000,full-fundamental,medium,64,E4,3791,240,39.49,2.50,1,64,E4,24.49,95,0,0,225,225,0,0,0,0.02
palette-off-chromatic,96000,full-fundamental,soft,64,E4,3791,240,39.49,2.50,1,64,E4,24.49,32,0,0,225,225,0,0,0,0.04
palette-off-chromatic,96000,weak-fundamental,medium,64,E4,3791,240,39.49,2.50,1,64,E4,24.49,95,0,0,225,225,0,0,0,0.01
palette-off-chromatic,96000,weak-fundamental,soft,64,E4,3791,240,39.49,2.50,1,64,E4,24.49,32,0,0,225,225,0,0,0,0.03
palette-off-chromatic,96000,full-fundamental,medium,65,F4,3791,240,39.49,2.50,1,65,F4,24.49,101,0,0,225,225,0,0,0,0.01
palette-off-chromatic,96000,full-fundamental,soft,65,F4,3791,240,39.49,2.50,1,65,F4,24.49,38,0,0,225,225,0,0,0,0.04
palette-off-chromatic,96000,weak-fundamental,medium,65,F4,3791,240,39.49,2.50,1,65,F4,24.49,96,0,0,225,225,0,0,0,0.01
palette-off-chromatic,96000,weak-fundamental,soft,65,F4,3791,240,39.49,2.50,1,65,F4,24.49,33,0,0,225,225,0,0,0,0.04
palette-off-chromatic,96000,full-fundamental,medium,66,F#4,3791,240,39.49,2.50,1,66,F#4,24.49,99,0,0,225,225,0,0,0,0.01
palette-off-chromatic,96000,full-fundamental,soft,66,F#4,3791,240,39.49,2.50,1,66,F#4,24.49,37,0,0,225,225,0,0,0,0.04
palette-off-chromatic,96000,weak-fundamental,medium,66,F#4,3791,240,39.49,2.50,1,66,F#4,24.49,95,0,0,225,225,0,0,0,0.01
palette-off-chromatic,96000,weak-fundamental,soft,66,F#4,3791,240,39.49,2.50,1,66,F#4,24.49,32,0,0,225,225,0,0,0,0.04
palette-off-chromatic,96000,full-fundamental,medium,67,G4,3791,240,39.49,2.50,1,67,G4,24.49,96,0,0,225,225,0,0,0,0.01
palette-off-chromatic,96000,full-fundamental,soft,67,G4,3791,240,39.49,2.50,1,67,G4,24.49,33,0,0,225,225,0,0,0,0.04
palette-off-chromatic,96000,weak-fundamental,medium,67,G4,3791,240,39.49,2.50,1,67,G4,24.49,90,0,0,225,225,0,0,0,0.01
palette-off-chromatic,96000,weak-fundamental,soft,67,G4,3791,240,39.49,2.50,1,67,G4,24.49,27,0,0,225,225,0,0,0,0.03
palette-off-written-octave-up,96000,full-fundamental,medium,28,E1,3791,240,39.49,2.50,1,28,E1,64.49,98,0,0,225,225,0,0,0,0.15
palette-off-written-octave-up,96000,full-fundamental,soft,28,E1,3791,240,39.49,2.50,1,28,E1,64.49,35,0,0,225,225,0,0,0,0.15
palette-off-written-octave-up,96000,weak-fundamental,medium,28,E1,3791,240,39.49,2.50,1,28,E1,69.49,99,0,0,225,225,0,0,0,0.06
palette-off-written-octave-up,96000,weak-fundamental,soft,28,E1,3791,240,39.49,2.50,1,28,E1,69.49,36,0,0,225,225,0,0,0,0.08
palette-off-written-octave-up,96000,full-fundamental,medium,29,F1,3791,240,39.49,2.50,1,29,F1,64.49,99,0,0,225,225,0,0,0,0.12
palette-off-written-octave-up,96000,full-fundamental,soft,29,F1,3791,240,39.49,2.50,1,29,F1,64.49,37,0,0,225,225,0,0,0,0.12
palette-off-written-octave-up,96000,weak-fundamental,medium,29,F1,3791,240,39.49,2.50,1,29,F1,69.49,95,0,0,225,225,0,0,0,0.06
palette-off-written-octave-up,96000,weak-fundamental,soft,29,F1,3791,240,39.49,2.50,1,29,F1,69.49,32,0,0,225,225,0,0,0,0.07
palette-off-written-octave-up,96000,full-fundamental,medium,30,F#1,3791,240,39.49,2.50,1,30,F#1,69.49,96,0,0,225,225,0,0,0,0.11
palette-off-written-octave-up,96000,full-fundamental,soft,30,F#1,3791,240,39.49,2.50,1,30,F#1,69.49,33,0,0,225,225,0,0,0,0.12
palette-off-written-octave-up,96000,weak-fundamental,medium,30,F#1,3791,240,39.49,2.50,1,30,F#1,69.49,91,0,0,225,225,0,0,0,0.07
palette-off-written-octave-up,96000,weak-fundamental,soft,30,F#1,3791,240,39.49,2.50,1,30,F#1,69.49,28,0,0,225,225,0,0,0,0.07
palette-off-written-octave-up,96000,full-fundamental,medium,31,G1,3791,240,39.49,2.50,1,31,G1,69.49,100,0,0,225,225,0,0,0,0.10
palette-off-written-octave-up,96000,full-fundamental,soft,31,G1,3791,240,39.49,2.50,1,31,G1,69.49,37,0,0,225,225,0,0,0,0.10
palette-off-written-octave-up,96000,weak-fundamental,medium,31,G1,3791,240,39.49,2.50,1,31,G1,69.49,94,0,0,225,225,0,0,0,0.05
palette-off-written-octave-up,96000,weak-fundamental,soft,31,G1,3791,240,39.49,2.50,1,31,G1,69.49,31,0,0,225,225,0,0,0,0.06
palette-off-written-octave-up,96000,full-fundamental,medium,32,G#1,3791,240,39.49,2.50,1,32,G#1,64.49,99,0,0,225,225,0,0,0,0.14
palette-off-written-octave-up,96000,full-fundamental,soft,32,G#1,3791,240,39.49,2.50,1,32,G#1,64.49,36,0,0,225,225,0,0,0,0.13
palette-off-written-octave-up,96000,weak-fundamental,medium,32,G#1,3791,240,39.49,2.50,1,32,G#1,64.49,91,0,0,225,225,0,0,0,0.06
palette-off-written-octave-up,96000,weak-fundamental,soft,32,G#1,3791,240,39.49,2.50,1,32,G#1,64.49,28,0,0,225,225,0,0,0,0.07
palette-off-written-octave-up,96000,full-fundamental,medium,33,A1,3791,240,39.49,2.50,1,33,A1,64.49,95,0,0,225,225,0,0,0,0.12
palette-off-written-octave-up,96000,full-fundamental,soft,33,A1,3791,240,39.49,2.50,1,33,A1,64.49,32,0,0,225,225,0,0,0,0.13
palette-off-written-octave-up,96000,weak-fundamental,medium,33,A1,3791,240,39.49,2.50,1,33,A1,61.99,95,0,0,225,225,0,0,0,0.06
palette-off-written-octave-up,96000,weak-fundamental,soft,33,A1,3791,240,39.49,2.50,1,33,A1,61.99,32,0,0,225,225,0,0,0,0.07
palette-off-written-octave-up,96000,full-fundamental,medium,34,A#1,3791,240,39.49,2.50,1,34,A#1,64.49,99,0,0,225,225,0,0,0,0.09
palette-off-written-octave-up,96000,full-fundamental,soft,34,A#1,3791,240,39.49,2.50,1,34,A#1,64.49,36,0,0,225,225,0,0,0,0.09
palette-off-written-octave-up,96000,weak-fundamental,medium,34,A#1,3791,240,39.49,2.50,1,34,A#1,64.49,93,0,0,225,225,0,0,0,0.04
palette-off-written-octave-up,96000,weak-fundamental,soft,34,A#1,3791,240,39.49,2.50,1,34,A#1,64.49,30,0,0,225,225,0,0,0,0.05
palette-off-written-octave-up,96000,full-fundamental,medium,35,B1,3791,240,39.49,2.50,1,35,B1,64.49,92,0,0,225,225,0,0,0,0.08
palette-off-written-octave-up,96000,full-fundamental,soft,35,B1,3791,240,39.49,2.50,1,35,B1,64.49,29,0,0,225,225,0,0,0,0.08
palette-off-written-octave-up,96000,weak-fundamental,medium,35,B1,3791,240,39.49,2.50,1,35,B1,61.99,101,0,0,225,225,0,0,0,0.03
palette-off-written-octave-up,96000,weak-fundamental,soft,35,B1,3791,240,39.49,2.50,1,35,B1,61.99,38,0,0,225,225,0,0,0,0.04
palette-off-written-octave-up,96000,full-fundamental,medium,36,C2,3791,240,39.49,2.50,1,36,C2,59.49,91,0,0,225,225,0,0,0,0.11
palette-off-written-octave-up,96000,full-fundamental,soft,36,C2,3791,240,39.49,2.50,1,36,C2,59.49,28,0,0,225,225,0,0,0,0.12
palette-off-written-octave-up,96000,weak-fundamental,medium,36,C2,3791,240,39.49,2.50,1,36,C2,56.99,99,0,0,225,225,0,0,0,0.05
palette-off-written-octave-up,96000,weak-fundamental,soft,36,C2,3791,240,39.49,2.50,1,36,C2,56.99,37,0,0,225,225,0,0,0,0.06
palette-off-written-octave-up,96000,full-fundamental,medium,37,C#2,3791,240,39.49,2.50,1,37,C#2,56.99,94,0,0,225,225,0,0,0,0.08
palette-off-written-octave-up,96000,full-fundamental,soft,37,C#2,3791,240,39.49,2.50,1,37,C#2,56.99,31,0,0,225,225,0,0,0,0.09
palette-off-written-octave-up,96000,weak-fundamental,medium,37,C#2,3791,240,39.49,2.50,1,37,C#2,56.99,91,0,0,225,225,0,0,0,0.05
palette-off-written-octave-up,96000,weak-fundamental,soft,37,C#2,3791,240,39.49,2.50,1,37,C#2,56.99,28,0,0,225,225,0,0,0,0.05
palette-off-written-octave-up,96000,full-fundamental,medium,38,D2,3791,240,39.49,2.50,1,38,D2,56.99,93,0,0,225,225,0,0,0,0.11
palette-off-written-octave-up,96000,full-fundamental,soft,38,D2,3791,240,39.49,2.50,1,38,D2,56.99,30,0,0,225,225,0,0,0,0.11
palette-off-written-octave-up,96000,weak-fundamental,medium,38,D2,3791,240,39.49,2.50,1,38,D2,56.99,95,0,0,225,225,0,0,0,0.04
palette-off-written-octave-up,96000,weak-fundamental,soft,38,D2,3791,240,39.49,2.50,1,38,D2,56.99,33,0,0,225,225,0,0,0,0.05
palette-off-written-octave-up,96000,full-fundamental,medium,39,D#2,3791,240,39.49,2.50,1,39,D#2,69.49,97,0,0,225,225,0,0,0,0.01
palette-off-written-octave-up,96000,full-fundamental,soft,39,D#2,3791,240,39.49,2.50,1,39,D#2,69.49,34,0,0,225,225,0,0,0,0.03
palette-off-written-octave-up,96000,weak-fundamental,medium,39,D#2,3791,240,39.49,2.50,1,39,D#2,66.99,95,0,0,225,225,0,0,0,0.01
palette-off-written-octave-up,96000,weak-fundamental,soft,39,D#2,3791,240,39.49,2.50,1,39,D#2,66.99,32,0,0,225,225,0,0,0,0.02
palette-off-written-octave-up,96000,full-fundamental,medium,40,E2,3791,240,39.49,2.50,1,40,E2,71.99,96,0,0,225,225,0,0,0,0.03
palette-off-written-octave-up,96000,full-fundamental,soft,40,E2,3791,240,39.49,2.50,1,40,E2,71.99,33,0,0,225,225,0,0,0,0.05
palette-off-written-octave-up,96000,weak-fundamental,medium,40,E2,3791,240,39.49,2.50,1,40,E2,69.49,93,0,0,225,225,0,0,0,0.03
palette-off-written-octave-up,96000,weak-fundamental,soft,40,E2,3791,240,39.49,2.50,1,40,E2,69.49,30,0,0,225,225,0,0,0,0.03
palette-off-written-octave-up,96000,full-fundamental,medium,41,F2,3791,240,39.49,2.50,1,41,F2,71.99,97,0,0,225,225,0,0,0,0.04
palette-off-written-octave-up,96000,full-fundamental,soft,41,F2,3791,240,39.49,2.50,1,41,F2,71.99,34,0,0,225,225,0,0,0,0.05
palette-off-written-octave-up,96000,weak-fundamental,medium,41,F2,3791,240,39.49,2.50,1,41,F2,69.49,93,0,0,225,225,0,0,0,0.02
palette-off-written-octave-up,96000,weak-fundamental,soft,41,F2,3791,240,39.49,2.50,1,41,F2,69.49,30,0,0,225,225,0,0,0,0.03
palette-off-written-octave-up,96000,full-fundamental,medium,42,F#2,3791,240,39.49,2.50,1,42,F#2,71.99,96,0,0,225,225,0,0,0,0.04
palette-off-written-octave-up,96000,full-fundamental,soft,42,F#2,3791,240,39.49,2.50,1,42,F#2,71.99,33,0,0,225,225,0,0,0,0.04
palette-off-written-octave-up,96000,weak-fundamental,medium,42,F#2,3791,240,39.49,2.50,1,42,F#2,69.49,88,0,0,225,225,0,0,0,0.02
palette-off-written-octave-up,96000,weak-fundamental,soft,42,F#2,3791,240,39.49,2.50,1,42,F#2,69.49,26,0,0,225,225,0,0,0,0.02
palette-off-written-octave-up,96000,full-fundamental,medium,43,G2,3791,240,39.49,2.50,1,43,G2,69.49,97,0,0,225,225,0,0,0,0.03
palette-off-written-octave-up,96000,full-fundamental,soft,43,G2,3791,240,39.49,2.50,1,43,G2,69.49,34,0,0,225,225,0,0,0,0.04
palette-off-written-octave-up,96000,weak-fundamental,medium,43,G2,3791,240,39.49,2.50,1,43,G2,69.49,94,0,0,225,225,0,0,0,0.02
palette-off-written-octave-up,96000,weak-fundamental,soft,43,G2,3791,240,39.49,2.50,1,43,G2,69.49,31,0,0,225,225,0,0,0,0.02
palette-off-written-octave-up,96000,full-fundamental,medium,44,G#2,3791,240,39.49,2.50,1,44,G#2,64.49,92,0,0,225,225,0,0,0,0.03
palette-off-written-octave-up,96000,full-fundamental,soft,44,G#2,3791,240,39.49,2.50,1,44,G#2,64.49,29,0,0,225,225,0,0,0,0.04
palette-off-written-octave-up,96000,weak-fundamental,medium,44,G#2,3791,240,39.49,2.50,1,44,G#2,64.49,96,0,0,225,225,0,0,0,0.01
palette-off-written-octave-up,96000,weak-fundamental,soft,44,G#2,3791,240,39.49,2.50,1,44,G#2,64.49,33,0,0,225,225,0,0,0,0.02
palette-off-written-octave-up,96000,full-fundamental,medium,45,A2,3791,240,39.49,2.50,1,45,A2,61.99,92,0,0,225,225,0,0,0,0.03
palette-off-written-octave-up,96000,full-fundamental,soft,45,A2,3791,240,39.49,2.50,1,45,A2,61.99,29,0,0,225,225,0,0,0,0.03
palette-off-written-octave-up,96000,weak-fundamental,medium,45,A2,3791,240,39.49,2.50,1,45,A2,61.99,94,0,0,225,225,0,0,0,0.02
palette-off-written-octave-up,96000,weak-fundamental,soft,45,A2,3791,240,39.49,2.50,1,45,A2,61.99,31,0,0,225,225,0,0,0,0.02
palette-off-written-octave-up,96000,full-fundamental,medium,46,A#2,3791,240,39.49,2.50,1,46,A#2,64.49,91,0,0,225,225,0,0,0,0.03
palette-off-written-octave-up,96000,full-fundamental,soft,46,A#2,3791,240,39.49,2.50,1,46,A#2,64.49,28,0,0,225,225,0,0,0,0.04
palette-off-written-octave-up,96000,weak-fundamental,medium,46,A#2,3791,240,39.49,2.50,1,46,A#2,64.49,93,0,0,225,225,0,0,0,0.01
palette-off-written-octave-up,96000,weak-fundamental,soft,46,A#2,3791,240,39.49,2.50,1,46,A#2,64.49,30,0,0,225,225,0,0,0,0.02
palette-off-written-octave-up,96000,full-fundamental,medium,47,B2,3791,240,39.49,2.50,1,47,B2,64.49,96,0,0,225,225,0,0,0,0.03
palette-off-written-octave-up,96000,full-fundamental,soft,47,B2,3791,240,39.49,2.50,1,47,B2,64.49,33,0,0,225,225,0,0,0,0.03
palette-off-written-octave-up,96000,weak-fundamental,medium,47,B2,3791,240,39.49,2.50,1,47,B2,64.49,99,0,0,225,225,0,0,0,0.01
palette-off-written-octave-up,96000,weak-fundamental,soft,47,B2,3791,240,39.49,2.50,1,47,B2,64.49,36,0,0,225,225,0,0,0,0.02
palette-off-written-octave-up,96000,full-fundamental,medium,48,C3,3791,240,39.49,2.50,1,48,C3,59.49,94,0,0,225,225,0,0,0,0.03
palette-off-written-octave-up,96000,full-fundamental,soft,48,C3,3791,240,39.49,2.50,1,48,C3,59.49,31,0,0,225,225,0,0,0,0.03
palette-off-written-octave-up,96000,weak-fundamental,medium,48,C3,3791,240,39.49,2.50,1,48,C3,56.99,92,0,0,225,225,0,0,0,0.01
palette-off-written-octave-up,96000,weak-fundamental,soft,48,C3,3791,240,39.49,2.50,1,48,C3,56.99,29,0,0,225,225,0,0,0,0.03
palette-off-written-octave-up,96000,full-fundamental,medium,49,C#3,3791,240,39.49,2.50,1,49,C#3,59.49,92,0,0,225,225,0,0,0,0.02
palette-off-written-octave-up,96000,full-fundamental,soft,49,C#3,3791,240,39.49,2.50,1,49,C#3,59.49,29,0,0,225,225,0,0,0,0.04
palette-off-written-octave-up,96000,weak-fundamental,medium,49,C#3,3791,240,39.49,2.50,1,49,C#3,56.99,93,0,0,225,225,0,0,0,0.01
palette-off-written-octave-up,96000,weak-fundamental,soft,49,C#3,3791,240,39.49,2.50,1,49,C#3,56.99,30,0,0,225,225,0,0,0,0.02
palette-off-written-octave-up,96000,full-fundamental,medium,50,D3,3791,240,39.49,2.50,1,50,D3,59.49,100,0,0,225,225,0,0,0,0.02
palette-off-written-octave-up,96000,full-fundamental,soft,50,D3,3791,240,39.49,2.50,1,50,D3,59.49,37,0,0,225,225,0,0,0,0.03
palette-off-written-octave-up,96000,weak-fundamental,medium,50,D3,3791,240,39.49,2.50,1,50,D3,59.49,98,0,0,225,225,0,0,0,0.01
palette-off-written-octave-up,96000,weak-fundamental,soft,50,D3,3791,240,39.49,2.50,1,50,D3,59.49,35,0,0,225,225,0,0,0,0.02
palette-off-written-octave-up,96000,full-fundamental,medium,51,D#3,3791,240,39.49,2.50,1,51,D#3,59.49,95,0,0,225,225,0,0,0,0.02
palette-off-written-octave-up,96000,full-fundamental,soft,51,D#3,3791,240,39.49,2.50,1,51,D#3,59.49,32,0,0,225,225,0,0,0,0.03
palette-off-written-octave-up,96000,weak-fundamental,medium,51,D#3,3791,240,39.49,2.50,1,51,D#3,59.49,90,0,0,225,225,0,0,0,0.01
palette-off-written-octave-up,96000,weak-fundamental,soft,51,D#3,3791,240,39.49,2.50,1,51,D#3,59.49,27,0,0,225,225,0,0,0,0.02
palette-off-written-octave-up,96000,full-fundamental,medium,52,E3,3791,240,39.49,2.50,1,52,E3,51.99,97,0,0,225,225,0,0,0,0.02
palette-off-written-octave-up,96000,full-fundamental,soft,52,E3,3791,240,39.49,2.50,1,52,E3,51.99,34,0,0,225,225,0,0,0,0.04
palette-off-written-octave-up,96000,weak-fundamental,medium,52,E3,3791,240,39.49,2.50,1,52,E3,51.99,96,0,0,225,225,0,0,0,0.01
palette-off-written-octave-up,96000,weak-fundamental,soft,52,E3,3791,240,39.49,2.50,1,52,E3,51.99,33,0,0,225,225,0,0,0,0.03
palette-off-written-octave-up,96000,full-fundamental,medium,53,F3,3791,240,39.49,2.50,1,53,F3,51.99,95,0,0,225,225,0,0,0,0.02
palette-off-written-octave-up,96000,full-fundamental,soft,53,F3,3791,240,39.49,2.50,1,53,F3,51.99,32,0,0,225,225,0,0,0,0.03
palette-off-written-octave-up,96000,weak-fundamental,medium,53,F3,3791,240,39.49,2.50,1,53,F3,51.99,90,0,0,225,225,0,0,0,0.01
palette-off-written-octave-up,96000,weak-fundamental,soft,53,F3,3791,240,39.49,2.50,1,53,F3,51.99,27,0,0,225,225,0,0,0,0.02
palette-off-written-octave-up,96000,full-fundamental,medium,54,F#3,3791,240,39.49,2.50,1,54,F#3,51.99,95,0,0,225,225,0,0,0,0.02
palette-off-written-octave-up,96000,full-fundamental,soft,54,F#3,3791,240,39.49,2.50,1,54,F#3,51.99,32,0,0,225,225,0,0,0,0.03
palette-off-written-octave-up,96000,weak-fundamental,medium,54,F#3,3791,240,39.49,2.50,1,54,F#3,51.99,93,0,0,225,225,0,0,0,0.01
palette-off-written-octave-up,96000,weak-fundamental,soft,54,F#3,3791,240,39.49,2.50,1,54,F#3,51.99,30,0,0,225,225,0,0,0,0.02
palette-off-written-octave-up,96000,full-fundamental,medium,55,G3,3791,240,39.49,2.50,1,55,G3,51.99,97,0,0,225,225,0,0,0,0.02
palette-off-written-octave-up,96000,full-fundamental,soft,55,G3,3791,240,39.49,2.50,1,55,G3,51.99,34,0,0,225,225,0,0,0,0.03
palette-off-written-octave-up,96000,weak-fundamental,medium,55,G3,3791,240,39.49,2.50,1,55,G3,51.99,90,0,0,225,225,0,0,0,0.01
palette-off-written-octave-up,96000,weak-fundamental,soft,55,G3,3791,240,39.49,2.50,1,55,G3,51.99,27,0,0,225,225,0,0,0,0.02
palette-off-written-octave-up,96000,full-fundamental,medium,56,G#3,3791,240,39.49,2.50,1,56,G#3,49.49,99,0,0,225,225,0,0,0,0.01
palette-off-written-octave-up,96000,full-fundamental,soft,56,G#3,3791,240,39.49,2.50,1,56,G#3,49.49,36,0,0,225,225,0,0,0,0.03
palette-off-written-octave-up,96000,weak-fundamental,medium,56,G#3,3791,240,39.49,2.50,1,56,G#3,49.49,91,0,0,225,225,0,0,0,0.01
palette-off-written-octave-up,96000,weak-fundamental,soft,56,G#3,3791,240,39.49,2.50,1,56,G#3,49.49,28,0,0,225,225,0,0,0,0.03
palette-off-written-octave-up,96000,full-fundamental,medium,57,A3,3791,240,39.49,2.50,1,57,A3,46.99,101,0,0,225,225,0,0,0,0.01
palette-off-written-octave-up,96000,full-fundamental,soft,57,A3,3791,240,39.49,2.50,1,57,A3,46.99,38,0,0,225,225,0,0,0,0.04
palette-off-written-octave-up,96000,weak-fundamental,medium,57,A3,3791,240,39.49,2.50,1,57,A3,49.49,97,0,0,225,225,0,0,0,0.01
palette-off-written-octave-up,96000,weak-fundamental,soft,57,A3,3791,240,39.49,2.50,1,57,A3,49.49,34,0,0,225,225,0,0,0,0.03
palette-off-written-octave-up,96000,full-fundamental,medium,58,A#3,3791,240,39.49,2.50,1,58,A#3,49.49,98,0,0,225,225,0,0,0,0.02
palette-off-written-octave-up,96000,full-fundamental,soft,58,A#3,3791,240,39.49,2.50,1,58,A#3,49.49,35,0,0,225,225,0,0,0,0.03
palette-off-written-octave-up,96000,weak-fundamental,medium,58,A#3,3791,240,39.49,2.50,1,58,A#3,49.49,95,0,0,225,225,0,0,0,0.01
palette-off-written-octave-up,96000,weak-fundamental,soft,58,A#3,3791,240,39.49,2.50,1,58,A#3,49.49,32,0,0,225,225,0,0,0,0.02
palette-off-written-octave-up,96000,full-fundamental,medium,59,B3,3791,240,39.49,2.50,1,59,B3,49.49,95,0,0,225,225,0,0,0,0.01
palette-off-written-octave-up,96000,full-fundamental,soft,59,B3,3791,240,39.49,2.50,1,59,B3,49.49,32,0,0,225,225,0,0,0,0.03
palette-off-written-octave-up,96000,weak-fundamental,medium,59,B3,3791,240,39.49,2.50,1,59,B3,49.49,94,0,0,225,225,0,0,0,0.01
palette-off-written-octave-up,96000,weak-fundamental,soft,59,B3,3791,240,39.49,2.50,1,59,B3,49.49,31,0,0,225,225,0,0,0,0.03
palette-off-written-octave-up,96000,full-fundamental,medium,60,C4,3791,240,39.49,2.50,1,60,C4,44.49,101,0,0,225,225,0,0,0,0.01
palette-off-written-octave-up,96000,full-fundamental,soft,60,C4,3791,240,39.49,2.50,1,60,C4,44.49,38,0,0,225,225,0,0,0,0.04
palette-off-written-octave-up,96000,weak-fundamental,medium,60,C4,3791,240,39.49,2.50,1,60,C4,44.49,97,0,0,225,225,0,0,0,0.01
palette-off-written-octave-up,96000,weak-fundamental,soft,60,C4,3791,240,39.49,2.50,1,60,C4,44.49,34,0,0,225,225,0,0,0,0.03
palette-off-written-octave-up,96000,full-fundamental,medium,61,C#4,3791,240,39.49,2.50,1,61,C#4,44.49,99,0,0,225,225,0,0,0,0.01
palette-off-written-octave-up,96000,full-fundamental,soft,61,C#4,3791,240,39.49,2.50,1,61,C#4,44.49,37,0,0,225,225,0,0,0,0.03
palette-off-written-octave-up,96000,weak-fundamental,medium,61,C#4,3791,240,39.49,2.50,1,61,C#4,44.49,93,0,0,225,225,0,0,0,0.01
palette-off-written-octave-up,96000,weak-fundamental,soft,61,C#4,3791,240,39.49,2.50,1,61,C#4,44.49,30,0,0,225,225,0,0,0,0.03
palette-off-written-octave-up,96000,full-fundamental,medium,62,D4,3791,240,39.49,2.50,1,62,D4,44.49,99,0,0,225,225,0,0,0,0.02
palette-off-written-octave-up,96000,full-fundamental,soft,62,D4,3791,240,39.49,2.50,1,62,D4,44.49,37,0,0,225,225,0,0,0,0.04
palette-off-written-octave-up,96000,weak-fundamental,medium,62,D4,3791,240,39.49,2.50,1,62,D4,44.49,96,0,0,225,225,0,0,0,0.01
palette-off-written-octave-up,96000,weak-fundamental,soft,62,D4,3791,240,39.49,2.50,1,62,D4,44.49,33,0,0,225,225,0,0,0,0.03
palette-off-written-octave-up,96000,full-fundamental,medium,63,D#4,3791,240,39.49,2.50,1,63,D#4,46.99,95,0,0,225,225,0,0,0,0.01
palette-off-written-octave-up,96000,full-fundamental,soft,63,D#4,3791,240,39.49,2.50,1,63,D#4,46.99,32,0,0,225,225,0,0,0,0.03
palette-off-written-octave-up,96000,weak-fundamental,medium,63,D#4,3791,240,39.49,2.50,1,63,D#4,46.99,98,0,0,225,225,0,0,0,0.00
palette-off-written-octave-up,96000,weak-fundamental,soft,63,D#4,3791,240,39.49,2.50,1,63,D#4,46.99,35,0,0,225,225,0,0,0,0.02
palette-off-written-octave-up,96000,full-fundamental,medium,64,E4,3791,240,39.49,2.50,1,64,E4,44.49,95,0,0,225,225,0,0,0,0.02
palette-off-written-octave-up,96000,full-fundamental,soft,64,E4,3791,240,39.49,2.50,1,64,E4,44.49,32,0,0,225,225,0,0,0,0.04
palette-off-written-octave-up,96000,weak-fundamental,medium,64,E4,3791,240,39.49,2.50,1,64,E4,44.49,95,0,0,225,225,0,0,0,0.01
palette-off-written-octave-up,96000,weak-fundamental,soft,64,E4,3791,240,39.49,2.50,1,64,E4,44.49,32,0,0,225,225,0,0,0,0.03
palette-off-written-octave-up,96000,full-fundamental,medium,65,F4,3791,240,39.49,2.50,1,65,F4,44.49,101,0,0,225,225,0,0,0,0.01
palette-off-written-octave-up,96000,full-fundamental,soft,65,F4,3791,240,39.49,2.50,1,65,F4,44.49,38,0,0,225,225,0,0,0,0.04
palette-off-written-octave-up,96000,weak-fundamental,medium,65,F4,3791,240,39.49,2.50,1,65,F4,44.49,96,0,0,225,225,0,0,0,0.01
palette-off-written-octave-up,96000,weak-fundamental,soft,65,F4,3791,240,39.49,2.50,1,65,F4,44.49,33,0,0,225,225,0,0,0,0.04
palette-off-written-octave-up,96000,full-fundamental,medium,66,F#4,3791,240,39.49,2.50,1,66,F#4,44.49,99,0,0,225,225,0,0,0,0.01
palette-off-written-octave-up,96000,full-fundamental,soft,66,F#4,3791,240,39.49,2.50,1,66,F#4,44.49,37,0,0,225,225,0,0,0,0.04
palette-off-written-octave-up,96000,weak-fundamental,medium,66,F#4,3791,240,39.49,2.50,1,66,F#4,44.49,95,0,0,225,225,0,0,0,0.01
palette-off-written-octave-up,96000,weak-fundamental,soft,66,F#4,3791,240,39.49,2.50,1,66,F#4,44.49,32,0,0,225,225,0,0,0,0.04
palette-off-written-octave-up,96000,full-fundamental,medium,67,G4,3791,240,39.49,2.50,1,67,G4,44.49,96,0,0,225,225,0,0,0,0.01
palette-off-written-octave-up,96000,full-fundamental,soft,67,G4,3791,240,39.49,2.50,1,67,G4,44.49,33,0,0,225,225,0,0,0,0.04
palette-off-written-octave-up,96000,weak-fundamental,medium,67,G4,3791,240,39.49,2.50,1,67,G4,44.49,90,0,0,225,225,0,0,0,0.01
palette-off-written-octave-up,96000,weak-fundamental,soft,67,G4,3791,240,39.49,2.50,1,67,G4,44.49,27,0,0,225,225,0,0,0,0.03
palette-off-written-octave-down,96000,full-fundamental,medium,28,E1,3791,240,39.49,2.50,1,28,E1,64.49,98,0,0,225,225,0,0,0,0.15
palette-off-written-octave-down,96000,full-fundamental,soft,28,E1,3791,240,39.49,2.50,1,28,E1,64.49,35,0,0,225,225,0,0,0,0.15
palette-off-written-octave-down,96000,weak-fundamental,medium,28,E1,3791,240,39.49,2.50,1,28,E1,69.49,99,0,0,225,225,0,0,0,0.06
palette-off-written-octave-down,96000,weak-fundamental,soft,28,E1,3791,240,39.49,2.50,1,28,E1,69.49,36,0,0,225,225,0,0,0,0.08
palette-off-written-octave-down,96000,full-fundamental,medium,29,F1,3791,240,39.49,2.50,1,29,F1,64.49,99,0,0,225,225,0,0,0,0.12
palette-off-written-octave-down,96000,full-fundamental,soft,29,F1,3791,240,39.49,2.50,1,29,F1,64.49,37,0,0,225,225,0,0,0,0.12
palette-off-written-octave-down,96000,weak-fundamental,medium,29,F1,3791,240,39.49,2.50,1,29,F1,69.49,95,0,0,225,225,0,0,0,0.06
palette-off-written-octave-down,96000,weak-fundamental,soft,29,F1,3791,240,39.49,2.50,1,29,F1,69.49,32,0,0,225,225,0,0,0,0.07
palette-off-written-octave-down,96000,full-fundamental,medium,30,F#1,3791,240,39.49,2.50,1,30,F#1,69.49,96,0,0,225,225,0,0,0,0.11
palette-off-written-octave-down,96000,full-fundamental,soft,30,F#1,3791,240,39.49,2.50,1,30,F#1,69.49,33,0,0,225,225,0,0,0,0.12
palette-off-written-octave-down,96000,weak-fundamental,medium,30,F#1,3791,240,39.49,2.50,1,30,F#1,69.49,91,0,0,225,225,0,0,0,0.07
palette-off-written-octave-down,96000,weak-fundamental,soft,30,F#1,3791,240,39.49,2.50,1,30,F#1,69.49,28,0,0,225,225,0,0,0,0.07
palette-off-written-octave-down,96000,full-fundamental,medium,31,G1,3791,240,39.49,2.50,1,31,G1,69.49,100,0,0,225,225,0,0,0,0.10
palette-off-written-octave-down,96000,full-fundamental,soft,31,G1,3791,240,39.49,2.50,1,31,G1,69.49,37,0,0,225,225,0,0,0,0.10
palette-off-written-octave-down,96000,weak-fundamental,medium,31,G1,3791,240,39.49,2.50,1,31,G1,69.49,94,0,0,225,225,0,0,0,0.05
palette-off-written-octave-down,96000,weak-fundamental,soft,31,G1,3791,240,39.49,2.50,1,31,G1,69.49,31,0,0,225,225,0,0,0,0.06
palette-off-written-octave-down,96000,full-fundamental,medium,32,G#1,3791,240,39.49,2.50,1,32,G#1,64.49,99,0,0,225,225,0,0,0,0.14
palette-off-written-octave-down,96000,full-fundamental,soft,32,G#1,3791,240,39.49,2.50,1,32,G#1,64.49,36,0,0,225,225,0,0,0,0.13
palette-off-written-octave-down,96000,weak-fundamental,medium,32,G#1,3791,240,39.49,2.50,1,32,G#1,64.49,91,0,0,225,225,0,0,0,0.06
palette-off-written-octave-down,96000,weak-fundamental,soft,32,G#1,3791,240,39.49,2.50,1,32,G#1,64.49,28,0,0,225,225,0,0,0,0.07
palette-off-written-octave-down,96000,full-fundamental,medium,33,A1,3791,240,39.49,2.50,1,33,A1,64.49,95,0,0,225,225,0,0,0,0.12
palette-off-written-octave-down,96000,full-fundamental,soft,33,A1,3791,240,39.49,2.50,1,33,A1,64.49,32,0,0,225,225,0,0,0,0.13
palette-off-written-octave-down,96000,weak-fundamental,medium,33,A1,3791,240,39.49,2.50,1,33,A1,61.99,95,0,0,225,225,0,0,0,0.06
palette-off-written-octave-down,96000,weak-fundamental,soft,33,A1,3791,240,39.49,2.50,1,33,A1,61.99,32,0,0,225,225,0,0,0,0.07
palette-off-written-octave-down,96000,full-fundamental,medium,34,A#1,3791,240,39.49,2.50,1,34,A#1,64.49,99,0,0,225,225,0,0,0,0.09
palette-off-written-octave-down,96000,full-fundamental,soft,34,A#1,3791,240,39.49,2.50,1,34,A#1,64.49,36,0,0,225,225,0,0,0,0.09
palette-off-written-octave-down,96000,weak-fundamental,medium,34,A#1,3791,240,39.49,2.50,1,34,A#1,64.49,93,0,0,225,225,0,0,0,0.04
palette-off-written-octave-down,96000,weak-fundamental,soft,34,A#1,3791,240,39.49,2.50,1,34,A#1,64.49,30,0,0,225,225,0,0,0,0.05
palette-off-written-octave-down,96000,full-fundamental,medium,35,B1,3791,240,39.49,2.50,1,35,B1,64.49,92,0,0,225,225,0,0,0,0.08
palette-off-written-octave-down,96000,full-fundamental,soft,35,B1,3791,240,39.49,2.50,1,35,B1,64.49,29,0,0,225,225,0,0,0,0.08
palette-off-written-octave-down,96000,weak-fundamental,medium,35,B1,3791,240,39.49,2.50,1,35,B1,61.99,101,0,0,225,225,0,0,0,0.03
palette-off-written-octave-down,96000,weak-fundamental,soft,35,B1,3791,240,39.49,2.50,1,35,B1,61.99,38,0,0,225,225,0,0,0,0.04
palette-off-written-octave-down,96000,full-fundamental,medium,36,C2,3791,240,39.49,2.50,1,36,C2,59.49,91,0,0,225,225,0,0,0,0.11
palette-off-written-octave-down,96000,full-fundamental,soft,36,C2,3791,240,39.49,2.50,1,36,C2,59.49,28,0,0,225,225,0,0,0,0.12
palette-off-written-octave-down,96000,weak-fundamental,medium,36,C2,3791,240,39.49,2.50,1,36,C2,56.99,99,0,0,225,225,0,0,0,0.05
palette-off-written-octave-down,96000,weak-fundamental,soft,36,C2,3791,240,39.49,2.50,1,36,C2,56.99,37,0,0,225,225,0,0,0,0.06
palette-off-written-octave-down,96000,full-fundamental,medium,37,C#2,3791,240,39.49,2.50,1,37,C#2,56.99,94,0,0,225,225,0,0,0,0.08
palette-off-written-octave-down,96000,full-fundamental,soft,37,C#2,3791,240,39.49,2.50,1,37,C#2,56.99,31,0,0,225,225,0,0,0,0.09
palette-off-written-octave-down,96000,weak-fundamental,medium,37,C#2,3791,240,39.49,2.50,1,37,C#2,56.99,91,0,0,225,225,0,0,0,0.05
palette-off-written-octave-down,96000,weak-fundamental,soft,37,C#2,3791,240,39.49,2.50,1,37,C#2,56.99,28,0,0,225,225,0,0,0,0.05
palette-off-written-octave-down,96000,full-fundamental,medium,38,D2,3791,240,39.49,2.50,1,38,D2,56.99,93,0,0,225,225,0,0,0,0.11
palette-off-written-octave-down,96000,full-fundamental,soft,38,D2,3791,240,39.49,2.50,1,38,D2,56.99,30,0,0,225,225,0,0,0,0.11
palette-off-written-octave-down,96000,weak-fundamental,medium,38,D2,3791,240,39.49,2.50,1,38,D2,56.99,95,0,0,225,225,0,0,0,0.04
palette-off-written-octave-down,96000,weak-fundamental,soft,38,D2,3791,240,39.49,2.50,1,38,D2,56.99,33,0,0,225,225,0,0,0,0.05
palette-off-written-octave-down,96000,full-fundamental,medium,39,D#2,3791,240,39.49,2.50,1,39,D#2,69.49,97,0,0,225,225,0,0,0,0.01
palette-off-written-octave-down,96000,full-fundamental,soft,39,D#2,3791,240,39.49,2.50,1,39,D#2,69.49,34,0,0,225,225,0,0,0,0.03
palette-off-written-octave-down,96000,weak-fundamental,medium,39,D#2,3791,240,39.49,2.50,1,39,D#2,66.99,95,0,0,225,225,0,0,0,0.01
palette-off-written-octave-down,96000,weak-fundamental,soft,39,D#2,3791,240,39.49,2.50,1,39,D#2,66.99,32,0,0,225,225,0,0,0,0.02
palette-off-written-octave-down,96000,full-fundamental,medium,40,E2,3791,240,39.49,2.50,1,40,E2,71.99,96,0,0,225,225,0,0,0,0.03
palette-off-written-octave-down,96000,full-fundamental,soft,40,E2,3791,240,39.49,2.50,1,40,E2,71.99,33,0,0,225,225,0,0,0,0.05
palette-off-written-octave-down,96000,weak-fundamental,medium,40,E2,3791,240,39.49,2.50,1,40,E2,69.49,93,0,0,225,225,0,0,0,0.03
palette-off-written-octave-down,96000,weak-fundamental,soft,40,E2,3791,240,39.49,2.50,1,40,E2,69.49,30,0,0,225,225,0,0,0,0.03
palette-off-written-octave-down,96000,full-fundamental,medium,41,F2,3791,240,39.49,2.50,1,41,F2,71.99,97,0,0,225,225,0,0,0,0.04
palette-off-written-octave-down,96000,full-fundamental,soft,41,F2,3791,240,39.49,2.50,1,41,F2,71.99,34,0,0,225,225,0,0,0,0.05
palette-off-written-octave-down,96000,weak-fundamental,medium,41,F2,3791,240,39.49,2.50,1,41,F2,69.49,93,0,0,225,225,0,0,0,0.02
palette-off-written-octave-down,96000,weak-fundamental,soft,41,F2,3791,240,39.49,2.50,1,41,F2,69.49,30,0,0,225,225,0,0,0,0.03
palette-off-written-octave-down,96000,full-fundamental,medium,42,F#2,3791,240,39.49,2.50,1,42,F#2,71.99,96,0,0,225,225,0,0,0,0.04
palette-off-written-octave-down,96000,full-fundamental,soft,42,F#2,3791,240,39.49,2.50,1,42,F#2,71.99,33,0,0,225,225,0,0,0,0.04
palette-off-written-octave-down,96000,weak-fundamental,medium,42,F#2,3791,240,39.49,2.50,1,42,F#2,69.49,88,0,0,225,225,0,0,0,0.02
palette-off-written-octave-down,96000,weak-fundamental,soft,42,F#2,3791,240,39.49,2.50,1,42,F#2,69.49,26,0,0,225,225,0,0,0,0.02
palette-off-written-octave-down,96000,full-fundamental,medium,43,G2,3791,240,39.49,2.50,1,43,G2,69.49,97,0,0,225,225,0,0,0,0.03
palette-off-written-octave-down,96000,full-fundamental,soft,43,G2,3791,240,39.49,2.50,1,43,G2,69.49,34,0,0,225,225,0,0,0,0.04
palette-off-written-octave-down,96000,weak-fundamental,medium,43,G2,3791,240,39.49,2.50,1,43,G2,69.49,94,0,0,225,225,0,0,0,0.02
palette-off-written-octave-down,96000,weak-fundamental,soft,43,G2,3791,240,39.49,2.50,1,43,G2,69.49,31,0,0,225,225,0,0,0,0.02
palette-off-written-octave-down,96000,full-fundamental,medium,44,G#2,3791,240,39.49,2.50,1,44,G#2,64.49,92,0,0,225,225,0,0,0,0.03
palette-off-written-octave-down,96000,full-fundamental,soft,44,G#2,3791,240,39.49,2.50,1,44,G#2,64.49,29,0,0,225,225,0,0,0,0.04
palette-off-written-octave-down,96000,weak-fundamental,medium,44,G#2,3791,240,39.49,2.50,1,44,G#2,64.49,96,0,0,225,225,0,0,0,0.01
palette-off-written-octave-down,96000,weak-fundamental,soft,44,G#2,3791,240,39.49,2.50,1,44,G#2,64.49,33,0,0,225,225,0,0,0,0.02
palette-off-written-octave-down,96000,full-fundamental,medium,45,A2,3791,240,39.49,2.50,1,45,A2,61.99,92,0,0,225,225,0,0,0,0.03
palette-off-written-octave-down,96000,full-fundamental,soft,45,A2,3791,240,39.49,2.50,1,45,A2,61.99,29,0,0,225,225,0,0,0,0.03
palette-off-written-octave-down,96000,weak-fundamental,medium,45,A2,3791,240,39.49,2.50,1,45,A2,61.99,94,0,0,225,225,0,0,0,0.02
palette-off-written-octave-down,96000,weak-fundamental,soft,45,A2,3791,240,39.49,2.50,1,45,A2,61.99,31,0,0,225,225,0,0,0,0.02
palette-off-written-octave-down,96000,full-fundamental,medium,46,A#2,3791,240,39.49,2.50,1,46,A#2,64.49,91,0,0,225,225,0,0,0,0.03
palette-off-written-octave-down,96000,full-fundamental,soft,46,A#2,3791,240,39.49,2.50,1,46,A#2,64.49,28,0,0,225,225,0,0,0,0.04
palette-off-written-octave-down,96000,weak-fundamental,medium,46,A#2,3791,240,39.49,2.50,1,46,A#2,64.49,93,0,0,225,225,0,0,0,0.01
palette-off-written-octave-down,96000,weak-fundamental,soft,46,A#2,3791,240,39.49,2.50,1,46,A#2,64.49,30,0,0,225,225,0,0,0,0.02
palette-off-written-octave-down,96000,full-fundamental,medium,47,B2,3791,240,39.49,2.50,1,47,B2,64.49,96,0,0,225,225,0,0,0,0.03
palette-off-written-octave-down,96000,full-fundamental,soft,47,B2,3791,240,39.49,2.50,1,47,B2,64.49,33,0,0,225,225,0,0,0,0.03
palette-off-written-octave-down,96000,weak-fundamental,medium,47,B2,3791,240,39.49,2.50,1,47,B2,64.49,99,0,0,225,225,0,0,0,0.01
palette-off-written-octave-down,96000,weak-fundamental,soft,47,B2,3791,240,39.49,2.50,1,47,B2,64.49,36,0,0,225,225,0,0,0,0.02
palette-off-written-octave-down,96000,full-fundamental,medium,48,C3,3791,240,39.49,2.50,1,48,C3,59.49,94,0,0,225,225,0,0,0,0.03
palette-off-written-octave-down,96000,full-fundamental,soft,48,C3,3791,240,39.49,2.50,1,48,C3,59.49,31,0,0,225,225,0,0,0,0.03
palette-off-written-octave-down,96000,weak-fundamental,medium,48,C3,3791,240,39.49,2.50,1,48,C3,56.99,92,0,0,225,225,0,0,0,0.01
palette-off-written-octave-down,96000,weak-fundamental,soft,48,C3,3791,240,39.49,2.50,1,48,C3,56.99,29,0,0,225,225,0,0,0,0.03
palette-off-written-octave-down,96000,full-fundamental,medium,49,C#3,3791,240,39.49,2.50,1,49,C#3,59.49,92,0,0,225,225,0,0,0,0.02
palette-off-written-octave-down,96000,full-fundamental,soft,49,C#3,3791,240,39.49,2.50,1,49,C#3,59.49,29,0,0,225,225,0,0,0,0.04
palette-off-written-octave-down,96000,weak-fundamental,medium,49,C#3,3791,240,39.49,2.50,1,49,C#3,56.99,93,0,0,225,225,0,0,0,0.01
palette-off-written-octave-down,96000,weak-fundamental,soft,49,C#3,3791,240,39.49,2.50,1,49,C#3,56.99,30,0,0,225,225,0,0,0,0.02
palette-off-written-octave-down,96000,full-fundamental,medium,50,D3,3791,240,39.49,2.50,1,50,D3,59.49,100,0,0,225,225,0,0,0,0.02
palette-off-written-octave-down,96000,full-fundamental,soft,50,D3,3791,240,39.49,2.50,1,50,D3,59.49,37,0,0,225,225,0,0,0,0.03
palette-off-written-octave-down,96000,weak-fundamental,medium,50,D3,3791,240,39.49,2.50,1,50,D3,59.49,98,0,0,225,225,0,0,0,0.01
palette-off-written-octave-down,96000,weak-fundamental,soft,50,D3,3791,240,39.49,2.50,1,50,D3,59.49,35,0,0,225,225,0,0,0,0.02
palette-off-written-octave-down,96000,full-fundamental,medium,51,D#3,3791,240,39.49,2.50,1,51,D#3,59.49,95,0,0,225,225,0,0,0,0.02
palette-off-written-octave-down,96000,full-fundamental,soft,51,D#3,3791,240,39.49,2.50,1,51,D#3,59.49,32,0,0,225,225,0,0,0,0.03
palette-off-written-octave-down,96000,weak-fundamental,medium,51,D#3,3791,240,39.49,2.50,1,51,D#3,59.49,90,0,0,225,225,0,0,0,0.01
palette-off-written-octave-down,96000,weak-fundamental,soft,51,D#3,3791,240,39.49,2.50,1,51,D#3,59.49,27,0,0,225,225,0,0,0,0.02
palette-off-written-octave-down,96000,full-fundamental,medium,52,E3,3791,240,39.49,2.50,1,52,E3,51.99,97,0,0,225,225,0,0,0,0.02
palette-off-written-octave-down,96000,full-fundamental,soft,52,E3,3791,240,39.49,2.50,1,52,E3,51.99,34,0,0,225,225,0,0,0,0.04
palette-off-written-octave-down,96000,weak-fundamental,medium,52,E3,3791,240,39.49,2.50,1,52,E3,51.99,96,0,0,225,225,0,0,0,0.01
palette-off-written-octave-down,96000,weak-fundamental,soft,52,E3,3791,240,39.49,2.50,1,52,E3,51.99,33,0,0,225,225,0,0,0,0.03
palette-off-written-octave-down,96000,full-fundamental,medium,53,F3,3791,240,39.49,2.50,1,53,F3,51.99,95,0,0,225,225,0,0,0,0.02
palette-off-written-octave-down,96000,full-fundamental,soft,53,F3,3791,240,39.49,2.50,1,53,F3,51.99,32,0,0,225,225,0,0,0,0.03
palette-off-written-octave-down,96000,weak-fundamental,medium,53,F3,3791,240,39.49,2.50,1,53,F3,51.99,90,0,0,225,225,0,0,0,0.01
palette-off-written-octave-down,96000,weak-fundamental,soft,53,F3,3791,240,39.49,2.50,1,53,F3,51.99,27,0,0,225,225,0,0,0,0.02
palette-off-written-octave-down,96000,full-fundamental,medium,54,F#3,3791,240,39.49,2.50,1,54,F#3,51.99,95,0,0,225,225,0,0,0,0.02
palette-off-written-octave-down,96000,full-fundamental,soft,54,F#3,3791,240,39.49,2.50,1,54,F#3,51.99,32,0,0,225,225,0,0,0,0.03
palette-off-written-octave-down,96000,weak-fundamental,medium,54,F#3,3791,240,39.49,2.50,1,54,F#3,51.99,93,0,0,225,225,0,0,0,0.01
palette-off-written-octave-down,96000,weak-fundamental,soft,54,F#3,3791,240,39.49,2.50,1,54,F#3,51.99,30,0,0,225,225,0,0,0,0.02
palette-off-written-octave-down,96000,full-fundamental,medium,55,G3,3791,240,39.49,2.50,1,55,G3,51.99,97,0,0,225,225,0,0,0,0.02
palette-off-written-octave-down,96000,full-fundamental,soft,55,G3,3791,240,39.49,2.50,1,55,G3,51.99,34,0,0,225,225,0,0,0,0.03
palette-off-written-octave-down,96000,weak-fundamental,medium,55,G3,3791,240,39.49,2.50,1,55,G3,51.99,90,0,0,225,225,0,0,0,0.01
palette-off-written-octave-down,96000,weak-fundamental,soft,55,G3,3791,240,39.49,2.50,1,55,G3,51.99,27,0,0,225,225,0,0,0,0.02
palette-off-written-octave-down,96000,full-fundamental,medium,56,G#3,3791,240,39.49,2.50,1,56,G#3,49.49,99,0,0,225,225,0,0,0,0.01
palette-off-written-octave-down,96000,full-fundamental,soft,56,G#3,3791,240,39.49,2.50,1,56,G#3,49.49,36,0,0,225,225,0,0,0,0.03
palette-off-written-octave-down,96000,weak-fundamental,medium,56,G#3,3791,240,39.49,2.50,1,56,G#3,49.49,91,0,0,225,225,0,0,0,0.01
palette-off-written-octave-down,96000,weak-fundamental,soft,56,G#3,3791,240,39.49,2.50,1,56,G#3,49.49,28,0,0,225,225,0,0,0,0.03
palette-off-written-octave-down,96000,full-fundamental,medium,57,A3,3791,240,39.49,2.50,1,57,A3,46.99,101,0,0,225,225,0,0,0,0.01
palette-off-written-octave-down,96000,full-fundamental,soft,57,A3,3791,240,39.49,2.50,1,57,A3,46.99,38,0,0,225,225,0,0,0,0.04
palette-off-written-octave-down,96000,weak-fundamental,medium,57,A3,3791,240,39.49,2.50,1,57,A3,49.49,97,0,0,225,225,0,0,0,0.01
palette-off-written-octave-down,96000,weak-fundamental,soft,57,A3,3791,240,39.49,2.50,1,57,A3,49.49,34,0,0,225,225,0,0,0,0.03
palette-off-written-octave-down,96000,full-fundamental,medium,58,A#3,3791,240,39.49,2.50,1,58,A#3,49.49,98,0,0,225,225,0,0,0,0.02
palette-off-written-octave-down,96000,full-fundamental,soft,58,A#3,3791,240,39.49,2.50,1,58,A#3,49.49,35,0,0,225,225,0,0,0,0.03
palette-off-written-octave-down,96000,weak-fundamental,medium,58,A#3,3791,240,39.49,2.50,1,58,A#3,49.49,95,0,0,225,225,0,0,0,0.01
palette-off-written-octave-down,96000,weak-fundamental,soft,58,A#3,3791,240,39.49,2.50,1,58,A#3,49.49,32,0,0,225,225,0,0,0,0.02
palette-off-written-octave-down,96000,full-fundamental,medium,59,B3,3791,240,39.49,2.50,1,59,B3,49.49,95,0,0,225,225,0,0,0,0.01
palette-off-written-octave-down,96000,full-fundamental,soft,59,B3,3791,240,39.49,2.50,1,59,B3,49.49,32,0,0,225,225,0,0,0,0.03
palette-off-written-octave-down,96000,weak-fundamental,medium,59,B3,3791,240,39.49,2.50,1,59,B3,49.49,94,0,0,225,225,0,0,0,0.01
palette-off-written-octave-down,96000,weak-fundamental,soft,59,B3,3791,240,39.49,2.50,1,59,B3,49.49,31,0,0,225,225,0,0,0,0.03
palette-off-written-octave-down,96000,full-fundamental,medium,60,C4,3791,240,39.49,2.50,1,60,C4,44.49,101,0,0,225,225,0,0,0,0.01
palette-off-written-octave-down,96000,full-fundamental,soft,60,C4,3791,240,39.49,2.50,1,60,C4,44.49,38,0,0,225,225,0,0,0,0.04
palette-off-written-octave-down,96000,weak-fundamental,medium,60,C4,3791,240,39.49,2.50,1,60,C4,44.49,97,0,0,225,225,0,0,0,0.01
palette-off-written-octave-down,96000,weak-fundamental,soft,60,C4,3791,240,39.49,2.50,1,60,C4,44.49,34,0,0,225,225,0,0,0,0.03
palette-off-written-octave-down,96000,full-fundamental,medium,61,C#4,3791,240,39.49,2.50,1,61,C#4,44.49,99,0,0,225,225,0,0,0,0.01
palette-off-written-octave-down,96000,full-fundamental,soft,61,C#4,3791,240,39.49,2.50,1,61,C#4,44.49,37,0,0,225,225,0,0,0,0.03
palette-off-written-octave-down,96000,weak-fundamental,medium,61,C#4,3791,240,39.49,2.50,1,61,C#4,44.49,93,0,0,225,225,0,0,0,0.01
palette-off-written-octave-down,96000,weak-fundamental,soft,61,C#4,3791,240,39.49,2.50,1,61,C#4,44.49,30,0,0,225,225,0,0,0,0.03
palette-off-written-octave-down,96000,full-fundamental,medium,62,D4,3791,240,39.49,2.50,1,62,D4,44.49,99,0,0,225,225,0,0,0,0.02
palette-off-written-octave-down,96000,full-fundamental,soft,62,D4,3791,240,39.49,2.50,1,62,D4,44.49,37,0,0,225,225,0,0,0,0.04
palette-off-written-octave-down,96000,weak-fundamental,medium,62,D4,3791,240,39.49,2.50,1,62,D4,44.49,96,0,0,225,225,0,0,0,0.01
palette-off-written-octave-down,96000,weak-fundamental,soft,62,D4,3791,240,39.49,2.50,1,62,D4,44.49,33,0,0,225,225,0,0,0,0.03
palette-off-written-octave-down,96000,full-fundamental,medium,63,D#4,3791,240,39.49,2.50,1,63,D#4,46.99,95,0,0,225,225,0,0,0,0.01
palette-off-written-octave-down,96000,full-fundamental,soft,63,D#4,3791,240,39.49,2.50,1,63,D#4,46.99,32,0,0,225,225,0,0,0,0.03
palette-off-written-octave-down,96000,weak-fundamental,medium,63,D#4,3791,240,39.49,2.50,1,63,D#4,46.99,98,0,0,225,225,0,0,0,0.00
palette-off-written-octave-down,96000,weak-fundamental,soft,63,D#4,3791,240,39.49,2.50,1,63,D#4,46.99,35,0,0,225,225,0,0,0,0.02
palette-off-written-octave-down,96000,full-fundamental,medium,64,E4,3791,240,39.49,2.50,1,64,E4,44.49,95,0,0,225,225,0,0,0,0.02
palette-off-written-octave-down,96000,full-fundamental,soft,64,E4,3791,240,39.49,2.50,1,64,E4,44.49,32,0,0,225,225,0,0,0,0.04
palette-off-written-octave-down,96000,weak-fundamental,medium,64,E4,3791,240,39.49,2.50,1,64,E4,44.49,95,0,0,225,225,0,0,0,0.01
palette-off-written-octave-down,96000,weak-fundamental,soft,64,E4,3791,240,39.49,2.50,1,64,E4,44.49,32,0,0,225,225,0,0,0,0.03
palette-off-written-octave-down,96000,full-fundamental,medium,65,F4,3791,240,39.49,2.50,1,65,F4,44.49,101,0,0,225,225,0,0,0,0.01
palette-off-written-octave-down,96000,full-fundamental,soft,65,F4,3791,240,39.49,2.50,1,65,F4,44.49,38,0,0,225,225,0,0,0,0.04
palette-off-written-octave-down,96000,weak-fundamental,medium,65,F4,3791,240,39.49,2.50,1,65,F4,44.49,96,0,0,225,225,0,0,0,0.01
palette-off-written-octave-down,96000,weak-fundamental,soft,65,F4,3791,240,39.49,2.50,1,65,F4,44.49,33,0,0,225,225,0,0,0,0.04
palette-off-written-octave-down,96000,full-fundamental,medium,66,F#4,3791,240,39.49,2.50,1,66,F#4,44.49,99,0,0,225,225,0,0,0,0.01
palette-off-written-octave-down,96000,full-fundamental,soft,66,F#4,3791,240,39.49,2.50,1,66,F#4,44.49,37,0,0,225,225,0,0,0,0.04
palette-off-written-octave-down,96000,weak-fundamental,medium,66,F#4,3791,240,39.49,2.50,1,66,F#4,44.49,95,0,0,225,225,0,0,0,0.01
palette-off-written-octave-down,96000,weak-fundamental,soft,66,F#4,3791,240,39.49,2.50,1,66,F#4,44.49,32,0,0,225,225,0,0,0,0.04
palette-off-written-octave-down,96000,full-fundamental,medium,67,G4,3791,240,39.49,2.50,1,67,G4,44.49,96,0,0,225,225,0,0,0,0.01
palette-off-written-octave-down,96000,full-fundamental,soft,67,G4,3791,240,39.49,2.50,1,67,G4,44.49,33,0,0,225,225,0,0,0,0.04
palette-off-written-octave-down,96000,weak-fundamental,medium,67,G4,3791,240,39.49,2.50,1,67,G4,44.49,90,0,0,225,225,0,0,0,0.01
palette-off-written-octave-down,96000,weak-fundamental,soft,67,G4,3791,240,39.49,2.50,1,67,G4,44.49,27,0,0,225,225,0,0,0,0.03
