setup,sample_rate_hz,variant,level,expected_note,expected_name,window_samples,hop_samples,window_ms,hop_ms,note_ons,first_note,first_note_name,first_latency_ms,first_velocity,wrong_note_ons,octave_note_ons,sustain_frames,correct_frames,octave_frames,other_frames,invalid_frames,median_abs_cents
warf-like-yin,44100,full-fundamental,medium,28,E1,2048,512,46.44,11.61,1,29,F1,225.08,100,1,0,48,0,0,34,14,-
warf-like-yin,44100,full-fundamental,soft,28,E1,2048,512,46.44,11.61,0,-1,none,-,0,0,0,48,0,0,34,14,-
warf-like-yin,44100,weak-fundamental,medium,28,E1,2048,512,46.44,11.61,0,-1,none,-,0,0,0,48,0,0,0,48,-
warf-like-yin,44100,weak-fundamental,soft,28,E1,2048,512,46.44,11.61,0,-1,none,-,0,0,0,48,0,0,0,48,-
warf-like-yin,44100,full-fundamental,medium,29,F1,2048,512,46.44,11.61,1,29,F1,50.93,100,0,0,48,48,0,0,0,0.02
warf-like-yin,44100,full-fundamental,soft,29,F1,2048,512,46.44,11.61,0,-1,none,-,0,0,0,48,48,0,0,0,0.03
warf-like-yin,44100,weak-fundamental,medium,29,F1,2048,512,46.44,11.61,1,29,F1,62.54,100,0,0,48,48,0,0,0,0.02
warf-like-yin,44100,weak-fundamental,soft,29,F1,2048,512,46.44,11.61,0,-1,none,-,0,0,0,48,48,0,0,0,0.03
warf-like-yin,44100,full-fundamental,medium,30,F#1,2048,512,46.44,11.61,1,30,F#1,50.93,100,0,0,48,48,0,0,0,0.05
warf-like-yin,44100,full-fundamental,soft,30,F#1,2048,512,46.44,11.61,0,-1,none,-,0,0,0,48,48,0,0,0,0.05
warf-like-yin,44100,weak-fundamental,medium,30,F#1,2048,512,46.44,11.61,1,30,F#1,62.54,100,0,0,48,48,0,0,0,0.03
warf-like-yin,44100,weak-fundamental,soft,30,F#1,2048,512,46.44,11.61,0,-1,none,-,0,0,0,48,48,0,0,0,0.05
warf-like-yin,44100,full-fundamental,medium,31,G1,2048,512,46.44,11.61,1,31,G1,50.93,100,0,0,48,48,0,0,0,0.09
warf-like-yin,44100,full-fundamental,soft,31,G1,2048,512,46.44,11.61,0,-1,none,-,0,0,0,48,48,0,0,0,0.08
warf-like-yin,44100,weak-fundamental,medium,31,G1,2048,512,46.44,11.61,1,31,G1,50.93,100,0,0,48,48,0,0,0,0.03
warf-like-yin,44100,weak-fundamental,soft,31,G1,2048,512,46.44,11.61,0,-1,none,-,0,0,0,48,48,0,0,0,0.05
warf-like-yin,44100,full-fundamental,medium,32,G#1,2048,512,46.44,11.61,1,32,G#1,62.54,100,0,0,48,48,0,0,0,0.05
warf-like-yin,44100,full-fundamental,soft,32,G#1,2048,512,46.44,11.61,0,-1,none,-,0,0,0,48,48,0,0,0,0.06
warf-like-yin,44100,weak-fundamental,medium,32,G#1,2048,512,46.44,11.61,1,32,G#1,62.54,100,0,0,48,48,0,0,0,0.03
warf-like-yin,44100,weak-fundamental,soft,32,G#1,2048,512,46.44,11.61,0,-1,none,-,0,0,0,48,48,0,0,0,0.04
warf-like-yin,44100,full-fundamental,medium,33,A1,2048,512,46.44,11.61,1,33,A1,62.54,100,0,0,48,48,0,0,0,0.06
warf-like-yin,44100,full-fundamental,soft,33,A1,2048,512,46.44,11.61,0,-1,none,-,0,0,0,48,48,0,0,0,0.07
warf-like-yin,44100,weak-fundamental,medium,33,A1,2048,512,46.44,11.61,1,33,A1,50.93,100,0,0,48,48,0,0,0,0.02
warf-like-yin,44100,weak-fundamental,soft,33,A1,2048,512,46.44,11.61,0,-1,none,-,0,0,0,48,48,0,0,0,0.02
warf-like-yin,44100,full-fundamental,medium,34,A#1,2048,512,46.44,11.61,1,34,A#1,62.54,100,0,0,48,48,0,0,0,0.03
warf-like-yin,44100,full-fundamental,soft,34,A#1,2048,512,46.44,11.61,0,-1,none,-,0,0,0,48,48,0,0,0,0.05
warf-like-yin,44100,weak-fundamental,medium,34,A#1,2048,512,46.44,11.61,1,34,A#1,62.54,100,0,0,48,48,0,0,0,0.02
warf-like-yin,44100,weak-fundamental,soft,34,A#1,2048,512,46.44,11.61,0,-1,none,-,0,0,0,48,48,0,0,0,0.02
warf-like-yin,44100,full-fundamental,medium,35,B1,2048,512,46.44,11.61,1,35,B1,62.54,100,0,0,48,48,0,0,0,0.03
warf-like-yin,44100,full-fundamental,soft,35,B1,2048,512,46.44,11.61,0,-1,none,-,0,0,0,48,48,0,0,0,0.04
warf-like-yin,44100,weak-fundamental,medium,35,B1,2048,512,46.44,11.61,1,35,B1,50.93,100,0,0,48,48,0,0,0,0.02
warf-like-yin,44100,weak-fundamental,soft,35,B1,2048,512,46.44,11.61,0,-1,none,-,0,0,0,48,48,0,0,0,0.02
warf-like-yin,44100,full-fundamental,medium,36,C2,2048,512,46.44,11.61,1,36,C2,62.54,100,0,0,48,48,0,0,0,0.05
warf-like-yin,44100,full-fundamental,soft,36,C2,2048,512,46.44,11.61,0,-1,none,-,0,0,0,48,48,0,0,0,0.06
warf-like-yin,44100,weak-fundamental,medium,36,C2,2048,512,46.44,11.61,1,36,C2,62.54,100,0,0,48,48,0,0,0,0.02
warf-like-yin,44100,weak-fundamental,soft,36,C2,2048,512,46.44,11.61,0,-1,none,-,0,0,0,48,48,0,0,0,0.03
warf-like-yin,44100,full-fundamental,medium,37,C#2,2048,512,46.44,11.61,1,37,C#2,62.54,100,0,0,48,48,0,0,0,0.03
warf-like-yin,44100,full-fundamental,soft,37,C#2,2048,512,46.44,11.61,0,-1,none,-,0,0,0,48,48,0,0,0,0.04
warf-like-yin,44100,weak-fundamental,medium,37,C#2,2048,512,46.44,11.61,1,37,C#2,62.54,100,0,0,48,48,0,0,0,0.02
warf-like-yin,44100,weak-fundamental,soft,37,C#2,2048,512,46.44,11.61,0,-1,none,-,0,0,0,48,48,0,0,0,0.02
warf-like-yin,44100,full-fundamental,medium,38,D2,2048,512,46.44,11.61,1,38,D2,62.54,100,0,0,48,48,0,0,0,0.02
warf-like-yin,44100,full-fundamental,soft,38,D2,2048,512,46.44,11.61,0,-1,none,-,0,0,0,48,48,0,0,0,0.03
warf-like-yin,44100,weak-fundamental,medium,38,D2,2048,512,46.44,11.61,1,38,D2,62.54,100,0,0,48,48,0,0,0,0.02
warf-like-yin,44100,weak-fundamental,soft,38,D2,2048,512,46.44,11.61,0,-1,none,-,0,0,0,48,48,0,0,0,0.02
warf-like-yin,44100,full-fundamental,medium,39,D#2,2048,512,46.44,11.61,1,39,D#2,62.54,100,0,0,48,48,0,0,0,0.03
warf-like-yin,44100,full-fundamental,soft,39,D#2,2048,512,46.44,11.61,0,-1,none,-,0,0,0,48,48,0,0,0,0.04
warf-like-yin,44100,weak-fundamental,medium,39,D#2,2048,512,46.44,11.61,1,39,D#2,62.54,100,0,0,48,48,0,0,0,0.01
warf-like-yin,44100,weak-fundamental,soft,39,D#2,2048,512,46.44,11.61,0,-1,none,-,0,0,0,48,48,0,0,0,0.02
warf-like-yin,44100,full-fundamental,medium,40,E2,2048,512,46.44,11.61,1,40,E2,62.54,100,0,0,48,48,0,0,0,0.03
warf-like-yin,44100,full-fundamental,soft,40,E2,2048,512,46.44,11.61,0,-1,none,-,0,0,0,48,48,0,0,0,0.03
warf-like-yin,44100,weak-fundamental,medium,40,E2,2048,512,46.44,11.61,1,40,E2,62.54,100,0,0,48,48,0,0,0,0.01
warf-like-yin,44100,weak-fundamental,soft,40,E2,2048,512,46.44,11.61,0,-1,none,-,0,0,0,48,48,0,0,0,0.02
warf-like-yin,44100,full-fundamental,medium,41,F2,2048,512,46.44,11.61,1,41,F2,62.54,100,0,0,48,48,0,0,0,0.01
warf-like-yin,44100,full-fundamental,soft,41,F2,2048,512,46.44,11.61,0,-1,none,-,0,0,0,48,48,0,0,0,0.02
warf-like-yin,44100,weak-fundamental,medium,41,F2,2048,512,46.44,11.61,1,41,F2,62.54,100,0,0,48,48,0,0,0,0.01
warf-like-yin,44100,weak-fundamental,soft,41,F2,2048,512,46.44,11.61,0,-1,none,-,0,0,0,48,48,0,0,0,0.02
warf-like-yin,44100,full-fundamental,medium,42,F#2,2048,512,46.44,11.61,1,42,F#2,62.54,100,0,0,48,48,0,0,0,0.02
warf-like-yin,44100,full-fundamental,soft,42,F#2,2048,512,46.44,11.61,0,-1,none,-,0,0,0,48,48,0,0,0,0.03
warf-like-yin,44100,weak-fundamental,medium,42,F#2,2048,512,46.44,11.61,1,42,F#2,62.54,100,0,0,48,48,0,0,0,0.01
warf-like-yin,44100,weak-fundamental,soft,42,F#2,2048,512,46.44,11.61,0,-1,none,-,0,0,0,48,48,0,0,0,0.01
warf-like-yin,44100,full-fundamental,medium,43,G2,2048,512,46.44,11.61,1,43,G2,62.54,100,0,0,48,48,0,0,0,0.02
warf-like-yin,44100,full-fundamental,soft,43,G2,2048,512,46.44,11.61,0,-1,none,-,0,0,0,48,48,0,0,0,0.02
warf-like-yin,44100,weak-fundamental,medium,43,G2,2048,512,46.44,11.61,1,43,G2,62.54,100,0,0,48,48,0,0,0,0.01
warf-like-yin,44100,weak-fundamental,soft,43,G2,2048,512,46.44,11.61,0,-1,none,-,0,0,0,48,48,0,0,0,0.02
warf-like-yin,44100,full-fundamental,medium,44,G#2,2048,512,46.44,11.61,1,44,G#2,62.54,100,0,0,48,48,0,0,0,0.01
warf-like-yin,44100,full-fundamental,soft,44,G#2,2048,512,46.44,11.61,0,-1,none,-,0,0,0,48,48,0,0,0,0.02
warf-like-yin,44100,weak-fundamental,medium,44,G#2,2048,512,46.44,11.61,1,44,G#2,62.54,100,0,0,48,48,0,0,0,0.01
warf-like-yin,44100,weak-fundamental,soft,44,G#2,2048,512,46.44,11.61,0,-1,none,-,0,0,0,48,48,0,0,0,0.01
warf-like-yin,44100,full-fundamental,medium,45,A2,2048,512,46.44,11.61,1,45,A2,62.54,100,0,0,48,48,0,0,0,0.01
warf-like-yin,44100,full-fundamental,soft,45,A2,2048,512,46.44,11.61,0,-1,none,-,0,0,0,48,48,0,0,0,0.02
warf-like-yin,44100,weak-fundamental,medium,45,A2,2048,512,46.44,11.61,1,45,A2,62.54,100,0,0,48,48,0,0,0,0.01
warf-like-yin,44100,weak-fundamental,soft,45,A2,2048,512,46.44,11.61,0,-1,none,-,0,0,0,48,48,0,0,0,0.01
warf-like-yin,44100,full-fundamental,medium,46,A#2,2048,512,46.44,11.61,1,46,A#2,62.54,100,0,0,48,48,0,0,0,0.02
warf-like-yin,44100,full-fundamental,soft,46,A#2,2048,512,46.44,11.61,0,-1,none,-,0,0,0,48,48,0,0,0,0.02
warf-like-yin,44100,weak-fundamental,medium,46,A#2,2048,512,46.44,11.61,1,46,A#2,62.54,100,0,0,48,48,0,0,0,0.01
warf-like-yin,44100,weak-fundamental,soft,46,A#2,2048,512,46.44,11.61,0,-1,none,-,0,0,0,48,48,0,0,0,0.01
warf-like-yin,44100,full-fundamental,medium,47,B2,2048,512,46.44,11.61,1,47,B2,62.54,100,0,0,48,48,0,0,0,0.01
warf-like-yin,44100,full-fundamental,soft,47,B2,2048,512,46.44,11.61,0,-1,none,-,0,0,0,48,48,0,0,0,0.02
warf-like-yin,44100,weak-fundamental,medium,47,B2,2048,512,46.44,11.61,1,47,B2,62.54,100,0,0,48,48,0,0,0,0.01
warf-like-yin,44100,weak-fundamental,soft,47,B2,2048,512,46.44,11.61,0,-1,none,-,0,0,0,48,48,0,0,0,0.01
warf-like-yin,44100,full-fundamental,medium,48,C3,2048,512,46.44,11.61,1,48,C3,62.54,100,0,0,48,48,0,0,0,0.01
warf-like-yin,44100,full-fundamental,soft,48,C3,2048,512,46.44,11.61,0,-1,none,-,0,0,0,48,48,0,0,0,0.01
warf-like-yin,44100,weak-fundamental,medium,48,C3,2048,512,46.44,11.61,1,48,C3,62.54,100,0,0,48,48,0,0,0,0.01
warf-like-yin,44100,weak-fundamental,soft,48,C3,2048,512,46.44,11.61,0,-1,none,-,0,0,0,48,48,0,0,0,0.01
warf-like-yin,44100,full-fundamental,medium,49,C#3,2048,512,46.44,11.61,1,49,C#3,62.54,100,0,0,48,48,0,0,0,0.01
warf-like-yin,44100,full-fundamental,soft,49,C#3,2048,512,46.44,11.61,0,-1,none,-,0,0,0,48,48,0,0,0,0.02
warf-like-yin,44100,weak-fundamental,medium,49,C#3,2048,512,46.44,11.61,1,49,C#3,62.54,100,0,0,48,48,0,0,0,0.01
warf-like-yin,44100,weak-fundamental,soft,49,C#3,2048,512,46.44,11.61,0,-1,none,-,0,0,0,48,48,0,0,0,0.01
warf-like-yin,44100,full-fundamental,medium,50,D3,2048,512,46.44,11.61,1,50,D3,62.54,100,0,0,48,48,0,0,0,0.01
warf-like-yin,44100,full-fundamental,soft,50,D3,2048,512,46.44,11.61,0,-1,none,-,0,0,0,48,48,0,0,0,0.01
warf-like-yin,44100,weak-fundamental,medium,50,D3,2048,512,46.44,11.61,1,50,D3,62.54,100,0,0,48,48,0,0,0,0.01
warf-like-yin,44100,weak-fundamental,soft,50,D3,2048,512,46.44,11.61,0,-1,none,-,0,0,0,48,48,0,0,0,0.01
warf-like-yin,44100,full-fundamental,medium,51,D#3,2048,512,46.44,11.61,1,51,D#3,62.54,100,0,0,48,48,0,0,0,0.01
warf-like-yin,44100,full-fundamental,soft,51,D#3,2048,512,46.44,11.61,0,-1,none,-,0,0,0,48,48,0,0,0,0.01
warf-like-yin,44100,weak-fundamental,medium,51,D#3,2048,512,46.44,11.61,1,51,D#3,62.54,100,0,0,48,48,0,0,0,0.01
warf-like-yin,44100,weak-fundamental,soft,51,D#3,2048,512,46.44,11.61,0,-1,none,-,0,0,0,48,48,0,0,0,0.01
warf-like-yin,44100,full-fundamental,medium,52,E3,2048,512,46.44,11.61,1,52,E3,62.54,100,0,0,48,48,0,0,0,0.01
warf-like-yin,44100,full-fundamental,soft,52,E3,2048,512,46.44,11.61,0,-1,none,-,0,0,0,48,48,0,0,0,0.01
warf-like-yin,44100,weak-fundamental,medium,52,E3,2048,512,46.44,11.61,1,52,E3,62.54,100,0,0,48,48,0,0,0,0.00
warf-like-yin,44100,weak-fundamental,soft,52,E3,2048,512,46.44,11.61,0,-1,none,-,0,0,0,48,48,0,0,0,0.01
warf-like-yin,44100,full-fundamental,medium,53,F3,2048,512,46.44,11.61,1,53,F3,62.54,100,0,0,48,48,0,0,0,0.01
warf-like-yin,44100,full-fundamental,soft,53,F3,2048,512,46.44,11.61,0,-1,none,-,0,0,0,48,48,0,0,0,0.01
warf-like-yin,44100,weak-fundamental,medium,53,F3,2048,512,46.44,11.61,1,53,F3,62.54,100,0,0,48,48,0,0,0,0.00
warf-like-yin,44100,weak-fundamental,soft,53,F3,2048,512,46.44,11.61,0,-1,none,-,0,0,0,48,48,0,0,0,0.01
warf-like-yin,44100,full-fundamental,medium,54,F#3,2048,512,46.44,11.61,1,54,F#3,62.54,100,0,0,48,48,0,0,0,0.01
warf-like-yin,44100,full-fundamental,soft,54,F#3,2048,512,46.44,11.61,0,-1,none,-,0,0,0,48,48,0,0,0,0.02
warf-like-yin,44100,weak-fundamental,medium,54,F#3,2048,512,46.44,11.61,1,54,F#3,62.54,100,0,0,48,48,0,0,0,0.01
warf-like-yin,44100,weak-fundamental,soft,54,F#3,2048,512,46.44,11.61,0,-1,none,-,0,0,0,48,48,0,0,0,0.02
warf-like-yin,44100,full-fundamental,medium,55,G3,2048,512,46.44,11.61,1,55,G3,62.54,100,0,0,48,48,0,0,0,0.02
warf-like-yin,44100,full-fundamental,soft,55,G3,2048,512,46.44,11.61,0,-1,none,-,0,0,0,48,48,0,0,0,0.02
warf-like-yin,44100,weak-fundamental,medium,55,G3,2048,512,46.44,11.61,1,55,G3,62.54,100,0,0,48,48,0,0,0,0.02
warf-like-yin,44100,weak-fundamental,soft,55,G3,2048,512,46.44,11.61,0,-1,none,-,0,0,0,48,48,0,0,0,0.02
warf-like-yin,44100,full-fundamental,medium,56,G#3,2048,512,46.44,11.61,1,56,G#3,50.93,100,0,0,48,48,0,0,0,0.02
warf-like-yin,44100,full-fundamental,soft,56,G#3,2048,512,46.44,11.61,0,-1,none,-,0,0,0,48,48,0,0,0,0.02
warf-like-yin,44100,weak-fundamental,medium,56,G#3,2048,512,46.44,11.61,1,56,G#3,50.93,100,0,0,48,48,0,0,0,0.02
warf-like-yin,44100,weak-fundamental,soft,56,G#3,2048,512,46.44,11.61,0,-1,none,-,0,0,0,48,48,0,0,0,0.02
warf-like-yin,44100,full-fundamental,medium,57,A3,2048,512,46.44,11.61,1,57,A3,50.93,100,0,0,48,48,0,0,0,0.01
warf-like-yin,44100,full-fundamental,soft,57,A3,2048,512,46.44,11.61,0,-1,none,-,0,0,0,48,48,0,0,0,0.02
warf-like-yin,44100,weak-fundamental,medium,57,A3,2048,512,46.44,11.61,1,57,A3,50.93,100,0,0,48,48,0,0,0,0.01
warf-like-yin,44100,weak-fundamental,soft,57,A3,2048,512,46.44,11.61,0,-1,none,-,0,0,0,48,48,0,0,0,0.02
warf-like-yin,44100,full-fundamental,medium,58,A#3,2048,512,46.44,11.61,1,58,A#3,50.93,100,0,0,48,48,0,0,0,0.03
warf-like-yin,44100,full-fundamental,soft,58,A#3,2048,512,46.44,11.61,0,-1,none,-,0,0,0,48,48,0,0,0,0.03
warf-like-yin,44100,weak-fundamental,medium,58,A#3,2048,512,46.44,11.61,1,58,A#3,50.93,100,0,0,48,48,0,0,0,0.03
warf-like-yin,44100,weak-fundamental,soft,58,A#3,2048,512,46.44,11.61,0,-1,none,-,0,0,0,48,48,0,0,0,0.03
warf-like-yin,44100,full-fundamental,medium,59,B3,2048,512,46.44,11.61,1,59,B3,50.93,100,0,0,48,48,0,0,0,0.01
warf-like-yin,44100,full-fundamental,soft,59,B3,2048,512,46.44,11.61,0,-1,none,-,0,0,0,48,48,0,0,0,0.01
warf-like-yin,44100,weak-fundamental,medium,59,B3,2048,512,46.44,11.61,1,59,B3,50.93,100,0,0,48,48,0,0,0,0.01
warf-like-yin,44100,weak-fundamental,soft,59,B3,2048,512,46.44,11.61,0,-1,none,-,0,0,0,48,48,0,0,0,0.01
warf-like-yin,44100,full-fundamental,medium,60,C4,2048,512,46.44,11.61,1,60,C4,50.93,100,0,0,48,48,0,0,0,0.01
warf-like-yin,44100,full-fundamental,soft,60,C4,2048,512,46.44,11.61,0,-1,none,-,0,0,0,48,48,0,0,0,0.01
warf-like-yin,44100,weak-fundamental,medium,60,C4,2048,512,46.44,11.61,1,60,C4,50.93,100,0,0,48,48,0,0,0,0.01
warf-like-yin,44100,weak-fundamental,soft,60,C4,2048,512,46.44,11.61,0,-1,none,-,0,0,0,48,48,0,0,0,0.01
warf-like-yin,44100,full-fundamental,medium,61,C#4,2048,512,46.44,11.61,1,61,C#4,50.93,100,0,0,48,48,0,0,0,0.04
warf-like-yin,44100,full-fundamental,soft,61,C#4,2048,512,46.44,11.61,0,-1,none,-,0,0,0,48,48,0,0,0,0.04
warf-like-yin,44100,weak-fundamental,medium,61,C#4,2048,512,46.44,11.61,1,61,C#4,50.93,100,0,0,48,48,0,0,0,0.04
warf-like-yin,44100,weak-fundamental,soft,61,C#4,2048,512,46.44,11.61,0,-1,none,-,0,0,0,48,48,0,0,0,0.04
warf-like-yin,44100,full-fundamental,medium,62,D4,2048,512,46.44,11.61,1,62,D4,50.93,100,0,0,48,48,0,0,0,0.05
warf-like-yin,44100,full-fundamental,soft,62,D4,2048,512,46.44,11.61,0,-1,none,-,0,0,0,48,48,0,0,0,0.05
warf-like-yin,44100,weak-fundamental,medium,62,D4,2048,512,46.44,11.61,1,62,D4,50.93,100,0,0,48,48,0,0,0,0.05
warf-like-yin,44100,weak-fundamental,soft,62,D4,2048,512,46.44,11.61,0,-1,none,-,0,0,0,48,48,0,0,0,0.05
warf-like-yin,44100,full-fundamental,medium,63,D#4,2048,512,46.44,11.61,1,63,D#4,50.93,100,0,0,48,48,0,0,0,0.02
warf-like-yin,44100,full-fundamental,soft,63,D#4,2048,512,46.44,11.61,0,-1,none,-,0,0,0,48,48,0,0,0,0.02
warf-like-yin,44100,weak-fundamental,medium,63,D#4,2048,512,46.44,11.61,1,63,D#4,50.93,100,0,0,48,48,0,0,0,0.01
warf-like-yin,44100,weak-fundamental,soft,63,D#4,2048,512,46.44,11.61,0,-1,none,-,0,0,0,48,48,0,0,0,0.02
warf-like-yin,44100,full-fundamental,medium,64,E4,2048,512,46.44,11.61,1,64,E4,50.93,100,0,0,48,48,0,0,0,0.02
warf-like-yin,44100,full-fundamental,soft,64,E4,2048,512,46.44,11.61,0,-1,none,-,0,0,0,48,48,0,0,0,0.02
warf-like-yin,44100,weak-fundamental,medium,64,E4,2048,512,46.44,11.61,1,64,E4,50.93,100,0,0,48,48,0,0,0,0.02
warf-like-yin,44100,weak-fundamental,soft,64,E4,2048,512,46.44,11.61,0,-1,none,-,0,0,0,48,48,0,0,0,0.02
warf-like-yin,44100,full-fundamental,medium,65,F4,2048,512,46.44,11.61,1,65,F4,50.93,100,0,0,48,48,0,0,0,0.07
warf-like-yin,44100,full-fundamental,soft,65,F4,2048,512,46.44,11.61,0,-1,none,-,0,0,0,48,48,0,0,0,0.07
warf-like-yin,44100,weak-fundamental,medium,65,F4,2048,512,46.44,11.61,1,65,F4,50.93,100,0,0,48,48,0,0,0,0.07
warf-like-yin,44100,weak-fundamental,soft,65,F4,2048,512,46.44,11.61,0,-1,none,-,0,0,0,48,48,0,0,0,0.07
warf-like-yin,44100,full-fundamental,medium,66,F#4,2048,512,46.44,11.61,1,66,F#4,50.93,100,0,0,48,48,0,0,0,0.08
warf-like-yin,44100,full-fundamental,soft,66,F#4,2048,512,46.44,11.61,0,-1,none,-,0,0,0,48,48,0,0,0,0.08
warf-like-yin,44100,weak-fundamental,medium,66,F#4,2048,512,46.44,11.61,1,66,F#4,50.93,100,0,0,48,48,0,0,0,0.08
warf-like-yin,44100,weak-fundamental,soft,66,F#4,2048,512,46.44,11.61,0,-1,none,-,0,0,0,48,48,0,0,0,0.08
warf-like-yin,44100,full-fundamental,medium,67,G4,2048,512,46.44,11.61,1,67,G4,50.93,100,0,0,48,48,0,0,0,0.02
warf-like-yin,44100,full-fundamental,soft,67,G4,2048,512,46.44,11.61,0,-1,none,-,0,0,0,48,48,0,0,0,0.02
warf-like-yin,44100,weak-fundamental,medium,67,G4,2048,512,46.44,11.61,1,67,G4,50.93,100,0,0,48,48,0,0,0,0.02
warf-like-yin,44100,weak-fundamental,soft,67,G4,2048,512,46.44,11.61,0,-1,none,-,0,0,0,48,48,0,0,0,0.02
full-range-yin,44100,full-fundamental,medium,28,E1,2322,110,52.65,2.49,1,28,E1,44.94,100,0,0,219,219,0,0,0,0.07
full-range-yin,44100,full-fundamental,soft,28,E1,2322,110,52.65,2.49,0,-1,none,-,0,0,0,219,219,0,0,0,0.08
full-range-yin,44100,weak-fundamental,medium,28,E1,2322,110,52.65,2.49,1,28,E1,49.93,100,0,0,219,219,0,0,0,0.04
full-range-yin,44100,weak-fundamental,soft,28,E1,2322,110,52.65,2.49,0,-1,none,-,0,0,0,219,219,0,0,0,0.04
full-range-yin,44100,full-fundamental,medium,29,F1,2322,110,52.65,2.49,1,29,F1,44.94,100,0,0,219,219,0,0,0,0.09
full-range-yin,44100,full-fundamental,soft,29,F1,2322,110,52.65,2.49,0,-1,none,-,0,0,0,219,219,0,0,0,0.09
full-range-yin,44100,weak-fundamental,medium,29,F1,2322,110,52.65,2.49,1,29,F1,49.93,100,0,0,219,219,0,0,0,0.04
full-range-yin,44100,weak-fundamental,soft,29,F1,2322,110,52.65,2.49,0,-1,none,-,0,0,0,219,219,0,0,0,0.04
full-range-yin,44100,full-fundamental,medium,30,F#1,2322,110,52.65,2.49,1,30,F#1,47.44,100,0,0,219,219,0,0,0,0.08
full-range-yin,44100,full-fundamental,soft,30,F#1,2322,110,52.65,2.49,0,-1,none,-,0,0,0,219,219,0,0,0,0.08
full-range-yin,44100,weak-fundamental,medium,30,F#1,2322,110,52.65,2.49,1,30,F#1,49.93,100,0,0,219,219,0,0,0,0.03
full-range-yin,44100,weak-fundamental,soft,30,F#1,2322,110,52.65,2.49,0,-1,none,-,0,0,0,219,219,0,0,0,0.04
full-range-yin,44100,full-fundamental,medium,31,G1,2322,110,52.65,2.49,1,31,G1,47.44,100,0,0,219,219,0,0,0,0.03
full-range-yin,44100,full-fundamental,soft,31,G1,2322,110,52.65,2.49,0,-1,none,-,0,0,0,219,219,0,0,0,0.04
full-range-yin,44100,weak-fundamental,medium,31,G1,2322,110,52.65,2.49,1,31,G1,47.44,100,0,0,219,219,0,0,0,0.04
full-range-yin,44100,weak-fundamental,soft,31,G1,2322,110,52.65,2.49,0,-1,none,-,0,0,0,219,219,0,0,0,0.04
full-range-yin,44100,full-fundamental,medium,32,G#1,2322,110,52.65,2.49,1,32,G#1,54.92,100,0,0,219,219,0,0,0,0.05
full-range-yin,44100,full-fundamental,soft,32,G#1,2322,110,52.65,2.49,0,-1,none,-,0,0,0,219,219,0,0,0,0.05
full-range-yin,44100,weak-fundamental,medium,32,G#1,2322,110,52.65,2.49,1,32,G#1,49.93,100,0,0,219,219,0,0,0,0.02
full-range-yin,44100,weak-fundamental,soft,32,G#1,2322,110,52.65,2.49,0,-1,none,-,0,0,0,219,219,0,0,0,0.03
full-range-yin,44100,full-fundamental,medium,33,A1,2322,110,52.65,2.49,1,33,A1,49.93,100,0,0,219,219,0,0,0,0.05
full-range-yin,44100,full-fundamental,soft,33,A1,2322,110,52.65,2.49,0,-1,none,-,0,0,0,219,219,0,0,0,0.05
full-range-yin,44100,weak-fundamental,medium,33,A1,2322,110,52.65,2.49,1,33,A1,44.94,100,0,0,219,219,0,0,0,0.02
full-range-yin,44100,weak-fundamental,soft,33,A1,2322,110,52.65,2.49,0,-1,none,-,0,0,0,219,219,0,0,0,0.03
full-range-yin,44100,full-fundamental,medium,34,A#1,2322,110,52.65,2.49,1,34,A#1,54.92,100,0,0,219,219,0,0,0,0.05
full-range-yin,44100,full-fundamental,soft,34,A#1,2322,110,52.65,2.49,0,-1,none,-,0,0,0,219,219,0,0,0,0.05
full-range-yin,44100,weak-fundamental,medium,34,A#1,2322,110,52.65,2.49,1,34,A#1,49.93,100,0,0,219,219,0,0,0,0.02
full-range-yin,44100,weak-fundamental,soft,34,A#1,2322,110,52.65,2.49,0,-1,none,-,0,0,0,219,219,0,0,0,0.03
full-range-yin,44100,full-fundamental,medium,35,B1,2322,110,52.65,2.49,1,35,B1,49.93,100,0,0,219,219,0,0,0,0.03
full-range-yin,44100,full-fundamental,soft,35,B1,2322,110,52.65,2.49,0,-1,none,-,0,0,0,219,219,0,0,0,0.03
full-range-yin,44100,weak-fundamental,medium,35,B1,2322,110,52.65,2.49,1,35,B1,47.44,100,0,0,219,219,0,0,0,0.02
full-range-yin,44100,weak-fundamental,soft,35,B1,2322,110,52.65,2.49,0,-1,none,-,0,0,0,219,219,0,0,0,0.02
full-range-yin,44100,full-fundamental,medium,36,C2,2322,110,52.65,2.49,1,36,C2,52.43,100,0,0,219,219,0,0,0,0.03
full-range-yin,44100,full-fundamental,soft,36,C2,2322,110,52.65,2.49,0,-1,none,-,0,0,0,219,219,0,0,0,0.03
full-range-yin,44100,weak-fundamental,medium,36,C2,2322,110,52.65,2.49,1,36,C2,49.93,100,0,0,219,219,0,0,0,0.01
full-range-yin,44100,weak-fundamental,soft,36,C2,2322,110,52.65,2.49,0,-1,none,-,0,0,0,219,219,0,0,0,0.02
full-range-yin,44100,full-fundamental,medium,37,C#2,2322,110,52.65,2.49,1,37,C#2,49.93,100,0,0,219,219,0,0,0,0.05
full-range-yin,44100,full-fundamental,soft,37,C#2,2322,110,52.65,2.49,0,-1,none,-,0,0,0,219,219,0,0,0,0.05
full-range-yin,44100,weak-fundamental,medium,37,C#2,2322,110,52.65,2.49,1,37,C#2,49.93,100,0,0,219,219,0,0,0,0.01
full-range-yin,44100,weak-fundamental,soft,37,C#2,2322,110,52.65,2.49,0,-1,none,-,0,0,0,219,219,0,0,0,0.02
full-range-yin,44100,full-fundamental,medium,38,D2,2322,110,52.65,2.49,1,38,D2,52.43,100,0,0,219,219,0,0,0,0.02
full-range-yin,44100,full-fundamental,soft,38,D2,2322,110,52.65,2.49,0,-1,none,-,0,0,0,219,219,0,0,0,0.03
full-range-yin,44100,weak-fundamental,medium,38,D2,2322,110,52.65,2.49,1,38,D2,52.43,100,0,0,219,219,0,0,0,0.01
full-range-yin,44100,weak-fundamental,soft,38,D2,2322,110,52.65,2.49,0,-1,none,-,0,0,0,219,219,0,0,0,0.02
full-range-yin,44100,full-fundamental,medium,39,D#2,2322,110,52.65,2.49,1,39,D#2,49.93,100,0,0,219,219,0,0,0,0.01
full-range-yin,44100,full-fundamental,soft,39,D#2,2322,110,52.65,2.49,0,-1,none,-,0,0,0,219,219,0,0,0,0.02
full-range-yin,44100,weak-fundamental,medium,39,D#2,2322,110,52.65,2.49,1,39,D#2,49.93,100,0,0,219,219,0,0,0,0.01
full-range-yin,44100,weak-fundamental,soft,39,D#2,2322,110,52.65,2.49,0,-1,none,-,0,0,0,219,219,0,0,0,0.02
full-range-yin,44100,full-fundamental,medium,40,E2,2322,110,52.65,2.49,1,40,E2,52.43,100,0,0,219,219,0,0,0,0.03
full-range-yin,44100,full-fundamental,soft,40,E2,2322,110,52.65,2.49,0,-1,none,-,0,0,0,219,219,0,0,0,0.03
full-range-yin,44100,weak-fundamental,medium,40,E2,2322,110,52.65,2.49,1,40,E2,52.43,100,0,0,219,219,0,0,0,0.01
full-range-yin,44100,weak-fundamental,soft,40,E2,2322,110,52.65,2.49,0,-1,none,-,0,0,0,219,219,0,0,0,0.02
full-range-yin,44100,full-fundamental,medium,41,F2,2322,110,52.65,2.49,1,41,F2,52.43,100,0,0,219,219,0,0,0,0.02
full-range-yin,44100,full-fundamental,soft,41,F2,2322,110,52.65,2.49,0,-1,none,-,0,0,0,219,219,0,0,0,0.02
full-range-yin,44100,weak-fundamental,medium,41,F2,2322,110,52.65,2.49,1,41,F2,49.93,100,0,0,219,219,0,0,0,0.01
full-range-yin,44100,weak-fundamental,soft,41,F2,2322,110,52.65,2.49,0,-1,none,-,0,0,0,219,219,0,0,0,0.02
full-range-yin,44100,full-fundamental,medium,42,F#2,2322,110,52.65,2.49,1,42,F#2,52.43,100,0,0,219,219,0,0,0,0.02
full-range-yin,44100,full-fundamental,soft,42,F#2,2322,110,52.65,2.49,0,-1,none,-,0,0,0,219,219,0,0,0,0.03
full-range-yin,44100,weak-fundamental,medium,42,F#2,2322,110,52.65,2.49,1,42,F#2,49.93,100,0,0,219,219,0,0,0,0.01
full-range-yin,44100,weak-fundamental,soft,42,F#2,2322,110,52.65,2.49,0,-1,none,-,0,0,0,219,219,0,0,0,0.01
full-range-yin,44100,full-fundamental,medium,43,G2,2322,110,52.65,2.49,1,43,G2,49.93,100,0,0,219,219,0,0,0,0.01
full-range-yin,44100,full-fundamental,soft,43,G2,2322,110,52.65,2.49,0,-1,none,-,0,0,0,219,219,0,0,0,0.02
full-range-yin,44100,weak-fundamental,medium,43,G2,2322,110,52.65,2.49,1,43,G2,49.93,100,0,0,219,219,0,0,0,0.01
full-range-yin,44100,weak-fundamental,soft,43,G2,2322,110,52.65,2.49,0,-1,none,-,0,0,0,219,219,0,0,0,0.01
full-range-yin,44100,full-fundamental,medium,44,G#2,2322,110,52.65,2.49,1,44,G#2,49.93,100,0,0,219,219,0,0,0,0.01
full-range-yin,44100,full-fundamental,soft,44,G#2,2322,110,52.65,2.49,0,-1,none,-,0,0,0,219,219,0,0,0,0.02
full-range-yin,44100,weak-fundamental,medium,44,G#2,2322,110,52.65,2.49,1,44,G#2,49.93,100,0,0,219,219,0,0,0,0.01
full-range-yin,44100,weak-fundamental,soft,44,G#2,2322,110,52.65,2.49,0,-1,none,-,0,0,0,219,219,0,0,0,0.01
full-range-yin,44100,full-fundamental,medium,45,A2,2322,110,52.65,2.49,1,45,A2,49.93,100,0,0,219,219,0,0,0,0.01
full-range-yin,44100,full-fundamental,soft,45,A2,2322,110,52.65,2.49,0,-1,none,-,0,0,0,219,219,0,0,0,0.02
full-range-yin,44100,weak-fundamental,medium,45,A2,2322,110,52.65,2.49,1,45,A2,49.93,100,0,0,219,219,0,0,0,0.01
full-range-yin,44100,weak-fundamental,soft,45,A2,2322,110,52.65,2.49,0,-1,none,-,0,0,0,219,219,0,0,0,0.01
full-range-yin,44100,full-fundamental,medium,46,A#2,2322,110,52.65,2.49,1,46,A#2,49.93,100,0,0,219,219,0,0,0,0.01
full-range-yin,44100,full-fundamental,soft,46,A#2,2322,110,52.65,2.49,0,-1,none,-,0,0,0,219,219,0,0,0,0.02
full-range-yin,44100,weak-fundamental,medium,46,A#2,2322,110,52.65,2.49,1,46,A#2,49.93,100,0,0,219,219,0,0,0,0.01
full-range-yin,44100,weak-fundamental,soft,46,A#2,2322,110,52.65,2.49,0,-1,none,-,0,0,0,219,219,0,0,0,0.01
full-range-yin,44100,full-fundamental,medium,47,B2,2322,110,52.65,2.49,1,47,B2,52.43,100,0,0,219,219,0,0,0,0.01
full-range-yin,44100,full-fundamental,soft,47,B2,2322,110,52.65,2.49,0,-1,none,-,0,0,0,219,219,0,0,0,0.02
full-range-yin,44100,weak-fundamental,medium,47,B2,2322,110,52.65,2.49,1,47,B2,52.43,100,0,0,219,219,0,0,0,0.01
full-range-yin,44100,weak-fundamental,soft,47,B2,2322,110,52.65,2.49,0,-1,none,-,0,0,0,219,219,0,0,0,0.01
full-range-yin,44100,full-fundamental,medium,48,C3,2322,110,52.65,2.49,1,48,C3,49.93,100,0,0,219,219,0,0,0,0.01
full-range-yin,44100,full-fundamental,soft,48,C3,2322,110,52.65,2.49,0,-1,none,-,0,0,0,219,219,0,0,0,0.02
full-range-yin,44100,weak-fundamental,medium,48,C3,2322,110,52.65,2.49,1,48,C3,49.93,100,0,0,219,219,0,0,0,0.01
full-range-yin,44100,weak-fundamental,soft,48,C3,2322,110,52.65,2.49,0,-1,none,-,0,0,0,219,219,0,0,0,0.01
full-range-yin,44100,full-fundamental,medium,49,C#3,2322,110,52.65,2.49,1,49,C#3,49.93,100,0,0,219,219,0,0,0,0.01
full-range-yin,44100,full-fundamental,soft,49,C#3,2322,110,52.65,2.49,0,-1,none,-,0,0,0,219,219,0,0,0,0.02
full-range-yin,44100,weak-fundamental,medium,49,C#3,2322,110,52.65,2.49,1,49,C#3,49.93,100,0,0,219,219,0,0,0,0.01
full-range-yin,44100,weak-fundamental,soft,49,C#3,2322,110,52.65,2.49,0,-1,none,-,0,0,0,219,219,0,0,0,0.01
full-range-yin,44100,full-fundamental,medium,50,D3,2322,110,52.65,2.49,1,50,D3,49.93,100,0,0,219,219,0,0,0,0.01
full-range-yin,44100,full-fundamental,soft,50,D3,2322,110,52.65,2.49,0,-1,none,-,0,0,0,219,219,0,0,0,0.01
full-range-yin,44100,weak-fundamental,medium,50,D3,2322,110,52.65,2.49,1,50,D3,49.93,100,0,0,219,219,0,0,0,0.01
full-range-yin,44100,weak-fundamental,soft,50,D3,2322,110,52.65,2.49,0,-1,none,-,0,0,0,219,219,0,0,0,0.01
full-range-yin,44100,full-fundamental,medium,51,D#3,2322,110,52.65,2.49,1,51,D#3,49.93,100,0,0,219,219,0,0,0,0.01
full-range-yin,44100,full-fundamental,soft,51,D#3,2322,110,52.65,2.49,0,-1,none,-,0,0,0,219,219,0,0,0,0.01
full-range-yin,44100,weak-fundamental,medium,51,D#3,2322,110,52.65,2.49,1,51,D#3,49.93,100,0,0,219,219,0,0,0,0.01
full-range-yin,44100,weak-fundamental,soft,51,D#3,2322,110,52.65,2.49,0,-1,none,-,0,0,0,219,219,0,0,0,0.01
full-range-yin,44100,full-fundamental,medium,52,E3,2322,110,52.65,2.49,1,52,E3,49.93,100,0,0,219,219,0,0,0,0.01
full-range-yin,44100,full-fundamental,soft,52,E3,2322,110,52.65,2.49,0,-1,none,-,0,0,0,219,219,0,0,0,0.01
full-range-yin,44100,weak-fundamental,medium,52,E3,2322,110,52.65,2.49,1,52,E3,49.93,100,0,0,219,219,0,0,0,0.00
full-range-yin,44100,weak-fundamental,soft,52,E3,2322,110,52.65,2.49,0,-1,none,-,0,0,0,219,219,0,0,0,0.01
full-range-yin,44100,full-fundamental,medium,53,F3,2322,110,52.65,2.49,1,53,F3,47.44,100,0,0,219,219,0,0,0,0.01
full-range-yin,44100,full-fundamental,soft,53,F3,2322,110,52.65,2.49,0,-1,none,-,0,0,0,219,219,0,0,0,0.01
full-range-yin,44100,weak-fundamental,medium,53,F3,2322,110,52.65,2.49,1,53,F3,47.44,100,0,0,219,219,0,0,0,0.00
full-range-yin,44100,weak-fundamental,soft,53,F3,2322,110,52.65,2.49,0,-1,none,-,0,0,0,219,219,0,0,0,0.01
full-range-yin,44100,full-fundamental,medium,54,F#3,2322,110,52.65,2.49,1,54,F#3,47.44,100,0,0,219,219,0,0,0,0.01
full-range-yin,44100,full-fundamental,soft,54,F#3,2322,110,52.65,2.49,0,-1,none,-,0,0,0,219,219,0,0,0,0.01
full-range-yin,44100,weak-fundamental,medium,54,F#3,2322,110,52.65,2.49,1,54,F#3,47.44,100,0,0,219,219,0,0,0,0.01
full-range-yin,44100,weak-fundamental,soft,54,F#3,2322,110,52.65,2.49,0,-1,none,-,0,0,0,219,219,0,0,0,0.01
full-range-yin,44100,full-fundamental,medium,55,G3,2322,110,52.65,2.49,1,55,G3,47.44,100,0,0,219,219,0,0,0,0.02
full-range-yin,44100,full-fundamental,soft,55,G3,2322,110,52.65,2.49,0,-1,none,-,0,0,0,219,219,0,0,0,0.02
full-range-yin,44100,weak-fundamental,medium,55,G3,2322,110,52.65,2.49,1,55,G3,47.44,100,0,0,219,219,0,0,0,0.02
full-range-yin,44100,weak-fundamental,soft,55,G3,2322,110,52.65,2.49,0,-1,none,-,0,0,0,219,219,0,0,0,0.02
full-range-yin,44100,full-fundamental,medium,56,G#3,2322,110,52.65,2.49,1,56,G#3,44.94,100,0,0,219,219,0,0,0,0.02
full-range-yin,44100,full-fundamental,soft,56,G#3,2322,110,52.65,2.49,0,-1,none,-,0,0,0,219,219,0,0,0,0.02
full-range-yin,44100,weak-fundamental,medium,56,G#3,2322,110,52.65,2.49,1,56,G#3,44.94,100,0,0,219,219,0,0,0,0.02
full-range-yin,44100,weak-fundamental,soft,56,G#3,2322,110,52.65,2.49,0,-1,none,-,0,0,0,219,219,0,0,0,0.02
full-range-yin,44100,full-fundamental,medium,57,A3,2322,110,52.65,2.49,1,57,A3,44.94,100,0,0,219,219,0,0,0,0.01
full-range-yin,44100,full-fundamental,soft,57,A3,2322,110,52.65,2.49,0,-1,none,-,0,0,0,219,219,0,0,0,0.02
full-range-yin,44100,weak-fundamental,medium,57,A3,2322,110,52.65,2.49,1,57,A3,44.94,100,0,0,219,219,0,0,0,0.01
full-range-yin,44100,weak-fundamental,soft,57,A3,2322,110,52.65,2.49,0,-1,none,-,0,0,0,219,219,0,0,0,0.01
full-range-yin,44100,full-fundamental,medium,58,A#3,2322,110,52.65,2.49,1,58,A#3,42.45,100,0,0,219,219,0,0,0,0.03
full-range-yin,44100,full-fundamental,soft,58,A#3,2322,110,52.65,2.49,0,-1,none,-,0,0,0,219,219,0,0,0,0.03
full-range-yin,44100,weak-fundamental,medium,58,A#3,2322,110,52.65,2.49,1,58,A#3,42.45,100,0,0,219,219,0,0,0,0.03
full-range-yin,44100,weak-fundamental,soft,58,A#3,2322,110,52.65,2.49,0,-1,none,-,0,0,0,219,219,0,0,0,0.03
full-range-yin,44100,full-fundamental,medium,59,B3,2322,110,52.65,2.49,1,59,B3,42.45,100,0,0,219,219,0,0,0,0.01
full-range-yin,44100,full-fundamental,soft,59,B3,2322,110,52.65,2.49,0,-1,none,-,0,0,0,219,219,0,0,0,0.01
full-range-yin,44100,weak-fundamental,medium,59,B3,2322,110,52.65,2.49,1,59,B3,42.45,100,0,0,219,219,0,0,0,0.01
full-range-yin,44100,weak-fundamental,soft,59,B3,2322,110,52.65,2.49,0,-1,none,-,0,0,0,219,219,0,0,0,0.01
full-range-yin,44100,full-fundamental,medium,60,C4,2322,110,52.65,2.49,1,60,C4,42.45,100,0,0,219,219,0,0,0,0.01
full-range-yin,44100,full-fundamental,soft,60,C4,2322,110,52.65,2.49,0,-1,none,-,0,0,0,219,219,0,0,0,0.01
full-range-yin,44100,weak-fundamental,medium,60,C4,2322,110,52.65,2.49,1,60,C4,42.45,100,0,0,219,219,0,0,0,0.01
full-range-yin,44100,weak-fundamental,soft,60,C4,2322,110,52.65,2.49,0,-1,none,-,0,0,0,219,219,0,0,0,0.01
full-range-yin,44100,full-fundamental,medium,61,C#4,2322,110,52.65,2.49,1,61,C#4,42.45,100,0,0,219,219,0,0,0,0.04
full-range-yin,44100,full-fundamental,soft,61,C#4,2322,110,52.65,2.49,0,-1,none,-,0,0,0,219,219,0,0,0,0.04
full-range-yin,44100,weak-fundamental,medium,61,C#4,2322,110,52.65,2.49,1,61,C#4,42.45,100,0,0,219,219,0,0,0,0.04
full-range-yin,44100,weak-fundamental,soft,61,C#4,2322,110,52.65,2.49,0,-1,none,-,0,0,0,219,219,0,0,0,0.04
full-range-yin,44100,full-fundamental,medium,62,D4,2322,110,52.65,2.49,1,62,D4,39.95,100,0,0,219,219,0,0,0,0.05
full-range-yin,44100,full-fundamental,soft,62,D4,2322,110,52.65,2.49,0,-1,none,-,0,0,0,219,219,0,0,0,0.05
full-range-yin,44100,weak-fundamental,medium,62,D4,2322,110,52.65,2.49,1,62,D4,39.95,100,0,0,219,219,0,0,0,0.05
full-range-yin,44100,weak-fundamental,soft,62,D4,2322,110,52.65,2.49,0,-1,none,-,0,0,0,219,219,0,0,0,0.05
full-range-yin,44100,full-fundamental,medium,63,D#4,2322,110,52.65,2.49,1,63,D#4,39.95,100,0,0,219,219,0,0,0,0.02
full-range-yin,44100,full-fundamental,soft,63,D#4,2322,110,52.65,2.49,0,-1,none,-,0,0,0,219,219,0,0,0,0.02
full-range-yin,44100,weak-fundamental,medium,63,D#4,2322,110,52.65,2.49,1,63,D#4,39.95,100,0,0,219,219,0,0,0,0.01
full-range-yin,44100,weak-fundamental,soft,63,D#4,2322,110,52.65,2.49,0,-1,none,-,0,0,0,219,219,0,0,0,0.01
full-range-yin,44100,full-fundamental,medium,64,E4,2322,110,52.65,2.49,1,64,E4,39.95,100,0,0,219,219,0,0,0,0.02
full-range-yin,44100,full-fundamental,soft,64,E4,2322,110,52.65,2.49,0,-1,none,-,0,0,0,219,219,0,0,0,0.02
full-range-yin,44100,weak-fundamental,medium,64,E4,2322,110,52.65,2.49,1,64,E4,39.95,100,0,0,219,219,0,0,0,0.02
full-range-yin,44100,weak-fundamental,soft,64,E4,2322,110,52.65,2.49,0,-1,none,-,0,0,0,219,219,0,0,0,0.02
full-range-yin,44100,full-fundamental,medium,65,F4,2322,110,52.65,2.49,1,65,F4,37.46,100,0,0,219,219,0,0,0,0.07
full-range-yin,44100,full-fundamental,soft,65,F4,2322,110,52.65,2.49,0,-1,none,-,0,0,0,219,219,0,0,0,0.07
full-range-yin,44100,weak-fundamental,medium,65,F4,2322,110,52.65,2.49,1,65,F4,37.46,100,0,0,219,219,0,0,0,0.07
full-range-yin,44100,weak-fundamental,soft,65,F4,2322,110,52.65,2.49,0,-1,none,-,0,0,0,219,219,0,0,0,0.07
full-range-yin,44100,full-fundamental,medium,66,F#4,2322,110,52.65,2.49,1,66,F#4,37.46,100,0,0,219,219,0,0,0,0.08
full-range-yin,44100,full-fundamental,soft,66,F#4,2322,110,52.65,2.49,0,-1,none,-,0,0,0,219,219,0,0,0,0.08
full-range-yin,44100,weak-fundamental,medium,66,F#4,2322,110,52.65,2.49,1,66,F#4,37.46,100,0,0,219,219,0,0,0,0.08
full-range-yin,44100,weak-fundamental,soft,66,F#4,2322,110,52.65,2.49,0,-1,none,-,0,0,0,219,219,0,0,0,0.08
full-range-yin,44100,full-fundamental,medium,67,G4,2322,110,52.65,2.49,1,67,G4,37.46,100,0,0,219,219,0,0,0,0.02
full-range-yin,44100,full-fundamental,soft,67,G4,2322,110,52.65,2.49,0,-1,none,-,0,0,0,219,219,0,0,0,0.02
full-range-yin,44100,weak-fundamental,medium,67,G4,2322,110,52.65,2.49,1,67,G4,37.46,100,0,0,219,219,0,0,0,0.02
full-range-yin,44100,weak-fundamental,soft,67,G4,2322,110,52.65,2.49,0,-1,none,-,0,0,0,219,219,0,0,0,0.02
full-range-yin+nsm,44100,full-fundamental,medium,28,E1,2322,110,52.65,2.49,1,28,E1,44.94,97,0,0,219,219,0,0,0,0.07
full-range-yin+nsm,44100,full-fundamental,soft,28,E1,2322,110,52.65,2.49,1,28,E1,44.94,34,0,0,219,219,0,0,0,0.08
full-range-yin+nsm,44100,weak-fundamental,medium,28,E1,2322,110,52.65,2.49,1,28,E1,49.93,99,0,0,219,219,0,0,0,0.04
full-range-yin+nsm,44100,weak-fundamental,soft,28,E1,2322,110,52.65,2.49,1,28,E1,49.93,36,0,0,219,219,0,0,0,0.04
full-range-yin+nsm,44100,full-fundamental,medium,29,F1,2322,110,52.65,2.49,1,29,F1,44.94,99,0,0,219,219,0,0,0,0.09
full-range-yin+nsm,44100,full-fundamental,soft,29,F1,2322,110,52.65,2.49,1,29,F1,44.94,36,0,0,219,219,0,0,0,0.09
full-range-yin+nsm,44100,weak-fundamental,medium,29,F1,2322,110,52.65,2.49,1,29,F1,49.93,95,0,0,219,219,0,0,0,0.04
full-range-yin+nsm,44100,weak-fundamental,soft,29,F1,2322,110,52.65,2.49,1,29,F1,49.93,32,0,0,219,219,0,0,0,0.04
full-range-yin+nsm,44100,full-fundamental,medium,30,F#1,2322,110,52.65,2.49,1,30,F#1,47.44,96,0,0,219,219,0,0,0,0.08
full-range-yin+nsm,44100,full-fundamental,soft,30,F#1,2322,110,52.65,2.49,1,30,F#1,47.44,33,0,0,219,219,0,0,0,0.08
full-range-yin+nsm,44100,weak-fundamental,medium,30,F#1,2322,110,52.65,2.49,1,30,F#1,49.93,91,0,0,219,219,0,0,0,0.03
full-range-yin+nsm,44100,weak-fundamental,soft,30,F#1,2322,110,52.65,2.49,1,30,F#1,49.93,28,0,0,219,219,0,0,0,0.04
full-range-yin+nsm,44100,full-fundamental,medium,31,G1,2322,110,52.65,2.49,1,31,G1,47.44,100,0,0,219,219,0,0,0,0.03
full-range-yin+nsm,44100,full-fundamental,soft,31,G1,2322,110,52.65,2.49,1,31,G1,47.44,37,0,0,219,219,0,0,0,0.04
full-range-yin+nsm,44100,weak-fundamental,medium,31,G1,2322,110,52.65,2.49,1,31,G1,47.44,94,0,0,219,219,0,0,0,0.04
full-range-yin+nsm,44100,weak-fundamental,soft,31,G1,2322,110,52.65,2.49,1,31,G1,47.44,31,0,0,219,219,0,0,0,0.04
full-range-yin+nsm,44100,full-fundamental,medium,32,G#1,2322,110,52.65,2.49,1,32,G#1,54.92,99,0,0,219,219,0,0,0,0.05
full-range-yin+nsm,44100,full-fundamental,soft,32,G#1,2322,110,52.65,2.49,1,32,G#1,54.92,36,0,0,219,219,0,0,0,0.05
full-range-yin+nsm,44100,weak-fundamental,medium,32,G#1,2322,110,52.65,2.49,1,32,G#1,49.93,91,0,0,219,219,0,0,0,0.02
full-range-yin+nsm,44100,weak-fundamental,soft,32,G#1,2322,110,52.65,2.49,1,32,G#1,49.93,28,0,0,219,219,0,0,0,0.03
full-range-yin+nsm,44100,full-fundamental,medium,33,A1,2322,110,52.65,2.49,1,33,A1,49.93,94,0,0,219,219,0,0,0,0.05
full-range-yin+nsm,44100,full-fundamental,soft,33,A1,2322,110,52.65,2.49,1,33,A1,49.93,31,0,0,219,219,0,0,0,0.05
full-range-yin+nsm,44100,weak-fundamental,medium,33,A1,2322,110,52.65,2.49,1,33,A1,44.94,95,0,0,219,219,0,0,0,0.02
full-range-yin+nsm,44100,weak-fundamental,soft,33,A1,2322,110,52.65,2.49,1,33,A1,44.94,32,0,0,219,219,0,0,0,0.03
full-range-yin+nsm,44100,full-fundamental,medium,34,A#1,2322,110,52.65,2.49,1,34,A#1,54.92,99,0,0,219,219,0,0,0,0.05
full-range-yin+nsm,44100,full-fundamental,soft,34,A#1,2322,110,52.65,2.49,1,34,A#1,54.92,36,0,0,219,219,0,0,0,0.05
full-range-yin+nsm,44100,weak-fundamental,medium,34,A#1,2322,110,52.65,2.49,1,34,A#1,49.93,93,0,0,219,219,0,0,0,0.02
full-range-yin+nsm,44100,weak-fundamental,soft,34,A#1,2322,110,52.65,2.49,1,34,A#1,49.93,30,0,0,219,219,0,0,0,0.03
full-range-yin+nsm,44100,full-fundamental,medium,35,B1,2322,110,52.65,2.49,1,35,B1,49.93,92,0,0,219,219,0,0,0,0.03
full-range-yin+nsm,44100,full-fundamental,soft,35,B1,2322,110,52.65,2.49,1,35,B1,49.93,29,0,0,219,219,0,0,0,0.03
full-range-yin+nsm,44100,weak-fundamental,medium,35,B1,2322,110,52.65,2.49,1,35,B1,47.44,101,0,0,219,219,0,0,0,0.02
full-range-yin+nsm,44100,weak-fundamental,soft,35,B1,2322,110,52.65,2.49,1,35,B1,47.44,38,0,0,219,219,0,0,0,0.02
full-range-yin+nsm,44100,full-fundamental,medium,36,C2,2322,110,52.65,2.49,1,36,C2,52.43,91,0,0,219,219,0,0,0,0.03
full-range-yin+nsm,44100,full-fundamental,soft,36,C2,2322,110,52.65,2.49,1,36,C2,52.43,28,0,0,219,219,0,0,0,0.03
full-range-yin+nsm,44100,weak-fundamental,medium,36,C2,2322,110,52.65,2.49,1,36,C2,49.93,97,0,0,219,219,0,0,0,0.01
full-range-yin+nsm,44100,weak-fundamental,soft,36,C2,2322,110,52.65,2.49,1,36,C2,49.93,36,0,0,219,219,0,0,0,0.02
full-range-yin+nsm,44100,full-fundamental,medium,37,C#2,2322,110,52.65,2.49,1,37,C#2,49.93,94,0,0,219,219,0,0,0,0.05
full-range-yin+nsm,44100,full-fundamental,soft,37,C#2,2322,110,52.65,2.49,1,37,C#2,49.93,31,0,0,219,219,0,0,0,0.05
full-range-yin+nsm,44100,weak-fundamental,medium,37,C#2,2322,110,52.65,2.49,1,37,C#2,49.93,91,0,0,219,219,0,0,0,0.01
full-range-yin+nsm,44100,weak-fundamental,soft,37,C#2,2322,110,52.65,2.49,1,37,C#2,49.93,28,0,0,219,219,0,0,0,0.02
full-range-yin+nsm,44100,full-fundamental,medium,38,D2,2322,110,52.65,2.49,1,38,D2,52.43,93,0,0,219,219,0,0,0,0.02
full-range-yin+nsm,44100,full-fundamental,soft,38,D2,2322,110,52.65,2.49,1,38,D2,52.43,30,0,0,219,219,0,0,0,0.03
full-range-yin+nsm,44100,weak-fundamental,medium,38,D2,2322,110,52.65,2.49,1,38,D2,52.43,95,0,0,219,219,0,0,0,0.01
full-range-yin+nsm,44100,weak-fundamental,soft,38,D2,2322,110,52.65,2.49,1,38,D2,52.43,33,0,0,219,219,0,0,0,0.02
full-range-yin+nsm,44100,full-fundamental,medium,39,D#2,2322,110,52.65,2.49,1,39,D#2,49.93,96,0,0,219,219,0,0,0,0.01
full-range-yin+nsm,44100,full-fundamental,soft,39,D#2,2322,110,52.65,2.49,1,39,D#2,49.93,34,0,0,219,219,0,0,0,0.02
full-range-yin+nsm,44100,weak-fundamental,medium,39,D#2,2322,110,52.65,2.49,1,39,D#2,49.93,94,0,0,219,219,0,0,0,0.01
full-range-yin+nsm,44100,weak-fundamental,soft,39,D#2,2322,110,52.65,2.49,1,39,D#2,49.93,32,0,0,219,219,0,0,0,0.02
full-range-yin+nsm,44100,full-fundamental,medium,40,E2,2322,110,52.65,2.49,1,40,E2,52.43,96,0,0,219,219,0,0,0,0.03
full-range-yin+nsm,44100,full-fundamental,soft,40,E2,2322,110,52.65,2.49,1,40,E2,52.43,33,0,0,219,219,0,0,0,0.03
full-range-yin+nsm,44100,weak-fundamental,medium,40,E2,2322,110,52.65,2.49,1,40,E2,52.43,93,0,0,219,219,0,0,0,0.01
full-range-yin+nsm,44100,weak-fundamental,soft,40,E2,2322,110,52.65,2.49,1,40,E2,52.43,30,0,0,219,219,0,0,0,0.02
full-range-yin+nsm,44100,full-fundamental,medium,41,F2,2322,110,52.65,2.49,1,41,F2,52.43,97,0,0,219,219,0,0,0,0.02
full-range-yin+nsm,44100,full-fundamental,soft,41,F2,2322,110,52.65,2.49,1,41,F2,52.43,34,0,0,219,219,0,0,0,0.02
full-range-yin+nsm,44100,weak-fundamental,medium,41,F2,2322,110,52.65,2.49,1,41,F2,49.93,93,0,0,219,219,0,0,0,0.01
full-range-yin+nsm,44100,weak-fundamental,soft,41,F2,2322,110,52.65,2.49,1,41,F2,49.93,30,0,0,219,219,0,0,0,0.02
full-range-yin+nsm,44100,full-fundamental,medium,42,F#2,2322,110,52.65,2.49,1,42,F#2,52.43,96,0,0,219,219,0,0,0,0.02
full-range-yin+nsm,44100,full-fundamental,soft,42,F#2,2322,110,52.65,2.49,1,42,F#2,52.43,33,0,0,219,219,0,0,0,0.03
full-range-yin+nsm,44100,weak-fundamental,medium,42,F#2,2322,110,52.65,2.49,1,42,F#2,49.93,88,0,0,219,219,0,0,0,0.01
full-range-yin+nsm,44100,weak-fundamental,soft,42,F#2,2322,110,52.65,2.49,1,42,F#2,49.93,26,0,0,219,219,0,0,0,0.01
full-range-yin+nsm,44100,full-fundamental,medium,43,G2,2322,110,52.65,2.49,1,43,G2,49.93,97,0,0,219,219,0,0,0,0.01
full-range-yin+nsm,44100,full-fundamental,soft,43,G2,2322,110,52.65,2.49,1,43,G2,49.93,34,0,0,219,219,0,0,0,0.02
full-range-yin+nsm,44100,weak-fundamental,medium,43,G2,2322,110,52.65,2.49,1,43,G2,49.93,94,0,0,219,219,0,0,0,0.01
full-range-yin+nsm,44100,weak-fundamental,soft,43,G2,2322,110,52.65,2.49,1,43,G2,49.93,31,0,0,219,219,0,0,0,0.01
full-range-yin+nsm,44100,full-fundamental,medium,44,G#2,2322,110,52.65,2.49,1,44,G#2,49.93,92,0,0,219,219,0,0,0,0.01
full-range-yin+nsm,44100,full-fundamental,soft,44,G#2,2322,110,52.65,2.49,1,44,G#2,49.93,29,0,0,219,219,0,0,0,0.02
full-range-yin+nsm,44100,weak-fundamental,medium,44,G#2,2322,110,52.65,2.49,1,44,G#2,49.93,96,0,0,219,219,0,0,0,0.01
full-range-yin+nsm,44100,weak-fundamental,soft,44,G#2,2322,110,52.65,2.49,1,44,G#2,49.93,33,0,0,219,219,0,0,0,0.01
full-range-yin+nsm,44100,full-fundamental,medium,45,A2,2322,110,52.65,2.49,1,45,A2,49.93,92,0,0,219,219,0,0,0,0.01
full-range-yin+nsm,44100,full-fundamental,soft,45,A2,2322,110,52.65,2.49,1,45,A2,49.93,29,0,0,219,219,0,0,0,0.02
full-range-yin+nsm,44100,weak-fundamental,medium,45,A2,2322,110,52.65,2.49,1,45,A2,49.93,94,0,0,219,219,0,0,0,0.01
full-range-yin+nsm,44100,weak-fundamental,soft,45,A2,2322,110,52.65,2.49,1,45,A2,49.93,31,0,0,219,219,0,0,0,0.01
full-range-yin+nsm,44100,full-fundamental,medium,46,A#2,2322,110,52.65,2.49,1,46,A#2,49.93,91,0,0,219,219,0,0,0,0.01
full-range-yin+nsm,44100,full-fundamental,soft,46,A#2,2322,110,52.65,2.49,1,46,A#2,49.93,28,0,0,219,219,0,0,0,0.02
full-range-yin+nsm,44100,weak-fundamental,medium,46,A#2,2322,110,52.65,2.49,1,46,A#2,49.93,93,0,0,219,219,0,0,0,0.01
full-range-yin+nsm,44100,weak-fundamental,soft,46,A#2,2322,110,52.65,2.49,1,46,A#2,49.93,30,0,0,219,219,0,0,0,0.01
full-range-yin+nsm,44100,full-fundamental,medium,47,B2,2322,110,52.65,2.49,1,47,B2,52.43,96,0,0,219,219,0,0,0,0.01
full-range-yin+nsm,44100,full-fundamental,soft,47,B2,2322,110,52.65,2.49,1,47,B2,52.43,33,0,0,219,219,0,0,0,0.02
full-range-yin+nsm,44100,weak-fundamental,medium,47,B2,2322,110,52.65,2.49,1,47,B2,52.43,99,0,0,219,219,0,0,0,0.01
full-range-yin+nsm,44100,weak-fundamental,soft,47,B2,2322,110,52.65,2.49,1,47,B2,52.43,36,0,0,219,219,0,0,0,0.01
full-range-yin+nsm,44100,full-fundamental,medium,48,C3,2322,110,52.65,2.49,1,48,C3,49.93,93,0,0,219,219,0,0,0,0.01
full-range-yin+nsm,44100,full-fundamental,soft,48,C3,2322,110,52.65,2.49,1,48,C3,49.93,31,0,0,219,219,0,0,0,0.02
full-range-yin+nsm,44100,weak-fundamental,medium,48,C3,2322,110,52.65,2.49,1,48,C3,49.93,92,0,0,219,219,0,0,0,0.01
full-range-yin+nsm,44100,weak-fundamental,soft,48,C3,2322,110,52.65,2.49,1,48,C3,49.93,29,0,0,219,219,0,0,0,0.01
full-range-yin+nsm,44100,full-fundamental,medium,49,C#3,2322,110,52.65,2.49,1,49,C#3,49.93,92,0,0,219,219,0,0,0,0.01
full-range-yin+nsm,44100,full-fundamental,soft,49,C#3,2322,110,52.65,2.49,1,49,C#3,49.93,29,0,0,219,219,0,0,0,0.02
full-range-yin+nsm,44100,weak-fundamental,medium,49,C#3,2322,110,52.65,2.49,1,49,C#3,49.93,93,0,0,219,219,0,0,0,0.01
full-range-yin+nsm,44100,weak-fundamental,soft,49,C#3,2322,110,52.65,2.49,1,49,C#3,49.93,30,0,0,219,219,0,0,0,0.01
full-range-yin+nsm,44100,full-fundamental,medium,50,D3,2322,110,52.65,2.49,1,50,D3,49.93,100,0,0,219,219,0,0,0,0.01
full-range-yin+nsm,44100,full-fundamental,soft,50,D3,2322,110,52.65,2.49,1,50,D3,49.93,37,0,0,219,219,0,0,0,0.01
full-range-yin+nsm,44100,weak-fundamental,medium,50,D3,2322,110,52.65,2.49,1,50,D3,49.93,98,0,0,219,219,0,0,0,0.01
full-range-yin+nsm,44100,weak-fundamental,soft,50,D3,2322,110,52.65,2.49,1,50,D3,49.93,35,0,0,219,219,0,0,0,0.01
full-range-yin+nsm,44100,full-fundamental,medium,51,D#3,2322,110,52.65,2.49,1,51,D#3,49.93,95,0,0,219,219,0,0,0,0.01
full-range-yin+nsm,44100,full-fundamental,soft,51,D#3,2322,110,52.65,2.49,1,51,D#3,49.93,33,0,0,219,219,0,0,0,0.01
full-range-yin+nsm,44100,weak-fundamental,medium,51,D#3,2322,110,52.65,2.49,1,51,D#3,49.93,90,0,0,219,219,0,0,0,0.01
full-range-yin+nsm,44100,weak-fundamental,soft,51,D#3,2322,110,52.65,2.49,1,51,D#3,49.93,27,0,0,219,219,0,0,0,0.01
full-range-yin+nsm,44100,full-fundamental,medium,52,E3,2322,110,52.65,2.49,1,52,E3,49.93,97,0,0,219,219,0,0,0,0.01
full-range-yin+nsm,44100,full-fundamental,soft,52,E3,2322,110,52.65,2.49,1,52,E3,49.93,34,0,0,219,219,0,0,0,0.01
full-range-yin+nsm,44100,weak-fundamental,medium,52,E3,2322,110,52.65,2.49,1,52,E3,49.93,96,0,0,219,219,0,0,0,0.00
full-range-yin+nsm,44100,weak-fundamental,soft,52,E3,2322,110,52.65,2.49,1,52,E3,49.93,33,0,0,219,219,0,0,0,0.01
full-range-yin+nsm,44100,full-fundamental,medium,53,F3,2322,110,52.65,2.49,1,53,F3,47.44,95,0,0,219,219,0,0,0,0.01
full-range-yin+nsm,44100,full-fundamental,soft,53,F3,2322,110,52.65,2.49,1,53,F3,47.44,32,0,0,219,219,0,0,0,0.01
full-range-yin+nsm,44100,weak-fundamental,medium,53,F3,2322,110,52.65,2.49,1,53,F3,47.44,89,0,0,219,219,0,0,0,0.00
full-range-yin+nsm,44100,weak-fundamental,soft,53,F3,2322,110,52.65,2.49,1,53,F3,47.44,26,0,0,219,219,0,0,0,0.01
full-range-yin+nsm,44100,full-fundamental,medium,54,F#3,2322,110,52.65,2.49,1,54,F#3,47.44,93,0,0,219,219,0,0,0,0.01
full-range-yin+nsm,44100,full-fundamental,soft,54,F#3,2322,110,52.65,2.49,1,54,F#3,47.44,30,0,0,219,219,0,0,0,0.01
full-range-yin+nsm,44100,weak-fundamental,medium,54,F#3,2322,110,52.65,2.49,1,54,F#3,47.44,93,0,0,219,219,0,0,0,0.01
full-range-yin+nsm,44100,weak-fundamental,soft,54,F#3,2322,110,52.65,2.49,1,54,F#3,47.44,30,0,0,219,219,0,0,0,0.01
full-range-yin+nsm,44100,full-fundamental,medium,55,G3,2322,110,52.65,2.49,1,55,G3,47.44,97,0,0,219,219,0,0,0,0.02
full-range-yin+nsm,44100,full-fundamental,soft,55,G3,2322,110,52.65,2.49,1,55,G3,47.44,34,0,0,219,219,0,0,0,0.02
full-range-yin+nsm,44100,weak-fundamental,medium,55,G3,2322,110,52.65,2.49,1,55,G3,47.44,90,0,0,219,219,0,0,0,0.02
full-range-yin+nsm,44100,weak-fundamental,soft,55,G3,2322,110,52.65,2.49,1,55,G3,47.44,27,0,0,219,219,0,0,0,0.02
full-range-yin+nsm,44100,full-fundamental,medium,56,G#3,2322,110,52.65,2.49,1,56,G#3,44.94,99,0,0,219,219,0,0,0,0.02
full-range-yin+nsm,44100,full-fundamental,soft,56,G#3,2322,110,52.65,2.49,1,56,G#3,44.94,36,0,0,219,219,0,0,0,0.02
full-range-yin+nsm,44100,weak-fundamental,medium,56,G#3,2322,110,52.65,2.49,1,56,G#3,44.94,91,0,0,219,219,0,0,0,0.02
full-range-yin+nsm,44100,weak-fundamental,soft,56,G#3,2322,110,52.65,2.49,1,56,G#3,44.94,28,0,0,219,219,0,0,0,0.02
full-range-yin+nsm,44100,full-fundamental,medium,57,A3,2322,110,52.65,2.49,1,57,A3,44.94,102,0,0,219,219,0,0,0,0.01
full-range-yin+nsm,44100,full-fundamental,soft,57,A3,2322,110,52.65,2.49,1,57,A3,44.94,39,0,0,219,219,0,0,0,0.02
full-range-yin+nsm,44100,weak-fundamental,medium,57,A3,2322,110,52.65,2.49,1,57,A3,44.94,97,0,0,219,219,0,0,0,0.01
full-range-yin+nsm,44100,weak-fundamental,soft,57,A3,2322,110,52.65,2.49,1,57,A3,44.94,35,0,0,219,219,0,0,0,0.01
full-range-yin+nsm,44100,full-fundamental,medium,58,A#3,2322,110,52.65,2.49,1,58,A#3,42.45,98,0,0,219,219,0,0,0,0.03
full-range-yin+nsm,44100,full-fundamental,soft,58,A#3,2322,110,52.65,2.49,1,58,A#3,42.45,35,0,0,219,219,0,0,0,0.03
full-range-yin+nsm,44100,weak-fundamental,medium,58,A#3,2322,110,52.65,2.49,1,58,A#3,42.45,95,0,0,219,219,0,0,0,0.03
full-range-yin+nsm,44100,weak-fundamental,soft,58,A#3,2322,110,52.65,2.49,1,58,A#3,42.45,32,0,0,219,219,0,0,0,0.03
full-range-yin+nsm,44100,full-fundamental,medium,59,B3,2322,110,52.65,2.49,1,59,B3,42.45,95,0,0,219,219,0,0,0,0.01
full-range-yin+nsm,44100,full-fundamental,soft,59,B3,2322,110,52.65,2.49,1,59,B3,42.45,32,0,0,219,219,0,0,0,0.01
full-range-yin+nsm,44100,weak-fundamental,medium,59,B3,2322,110,52.65,2.49,1,59,B3,42.45,94,0,0,219,219,0,0,0,0.01
full-range-yin+nsm,44100,weak-fundamental,soft,59,B3,2322,110,52.65,2.49,1,59,B3,42.45,31,0,0,219,219,0,0,0,0.01
full-range-yin+nsm,44100,full-fundamental,medium,60,C4,2322,110,52.65,2.49,1,60,C4,42.45,99,0,0,219,219,0,0,0,0.01
full-range-yin+nsm,44100,full-fundamental,soft,60,C4,2322,110,52.65,2.49,1,60,C4,42.45,36,0,0,219,219,0,0,0,0.01
full-range-yin+nsm,44100,weak-fundamental,medium,60,C4,2322,110,52.65,2.49,1,60,C4,42.45,95,0,0,219,219,0,0,0,0.01
full-range-yin+nsm,44100,weak-fundamental,soft,60,C4,2322,110,52.65,2.49,1,60,C4,42.45,32,0,0,219,219,0,0,0,0.01
full-range-yin+nsm,44100,full-fundamental,medium,61,C#4,2322,110,52.65,2.49,1,61,C#4,42.45,100,0,0,219,219,0,0,0,0.04
full-range-yin+nsm,44100,full-fundamental,soft,61,C#4,2322,110,52.65,2.49,1,61,C#4,42.45,37,0,0,219,219,0,0,0,0.04
full-range-yin+nsm,44100,weak-fundamental,medium,61,C#4,2322,110,52.65,2.49,1,61,C#4,42.45,93,0,0,219,219,0,0,0,0.04
full-range-yin+nsm,44100,weak-fundamental,soft,61,C#4,2322,110,52.65,2.49,1,61,C#4,42.45,30,0,0,219,219,0,0,0,0.04
full-range-yin+nsm,44100,full-fundamental,medium,62,D4,2322,110,52.65,2.49,1,62,D4,39.95,99,0,0,219,219,0,0,0,0.05
full-range-yin+nsm,44100,full-fundamental,soft,62,D4,2322,110,52.65,2.49,1,62,D4,39.95,36,0,0,219,219,0,0,0,0.05
full-range-yin+nsm,44100,weak-fundamental,medium,62,D4,2322,110,52.65,2.49,1,62,D4,39.95,96,0,0,219,219,0,0,0,0.05
full-range-yin+nsm,44100,weak-fundamental,soft,62,D4,2322,110,52.65,2.49,1,62,D4,39.95,33,0,0,219,219,0,0,0,0.05
full-range-yin+nsm,44100,full-fundamental,medium,63,D#4,2322,110,52.65,2.49,1,63,D#4,39.95,95,0,0,219,219,0,0,0,0.02
full-range-yin+nsm,44100,full-fundamental,soft,63,D#4,2322,110,52.65,2.49,1,63,D#4,39.95,32,0,0,219,219,0,0,0,0.02
full-range-yin+nsm,44100,weak-fundamental,medium,63,D#4,2322,110,52.65,2.49,1,63,D#4,39.95,98,0,0,219,219,0,0,0,0.01
full-range-yin+nsm,44100,weak-fundamental,soft,63,D#4,2322,110,52.65,2.49,1,63,D#4,39.95,35,0,0,219,219,0,0,0,0.01
full-range-yin+nsm,44100,full-fundamental,medium,64,E4,2322,110,52.65,2.49,1,64,E4,39.95,95,0,0,219,219,0,0,0,0.02
full-range-yin+nsm,44100,full-fundamental,soft,64,E4,2322,110,52.65,2.49,1,64,E4,39.95,32,0,0,219,219,0,0,0,0.02
full-range-yin+nsm,44100,weak-fundamental,medium,64,E4,2322,110,52.65,2.49,1,64,E4,39.95,96,0,0,219,219,0,0,0,0.02
full-range-yin+nsm,44100,weak-fundamental,soft,64,E4,2322,110,52.65,2.49,1,64,E4,39.95,33,0,0,219,219,0,0,0,0.02
full-range-yin+nsm,44100,full-fundamental,medium,65,F4,2322,110,52.65,2.49,1,65,F4,37.46,101,0,0,219,219,0,0,0,0.07
full-range-yin+nsm,44100,full-fundamental,soft,65,F4,2322,110,52.65,2.49,1,65,F4,37.46,38,0,0,219,219,0,0,0,0.07
full-range-yin+nsm,44100,weak-fundamental,medium,65,F4,2322,110,52.65,2.49,1,65,F4,37.46,96,0,0,219,219,0,0,0,0.07
full-range-yin+nsm,44100,weak-fundamental,soft,65,F4,2322,110,52.65,2.49,1,65,F4,37.46,33,0,0,219,219,0,0,0,0.07
full-range-yin+nsm,44100,full-fundamental,medium,66,F#4,2322,110,52.65,2.49,1,66,F#4,37.46,99,0,0,219,219,0,0,0,0.08
full-range-yin+nsm,44100,full-fundamental,soft,66,F#4,2322,110,52.65,2.49,1,66,F#4,37.46,37,0,0,219,219,0,0,0,0.08
full-range-yin+nsm,44100,weak-fundamental,medium,66,F#4,2322,110,52.65,2.49,1,66,F#4,37.46,95,0,0,219,219,0,0,0,0.08
full-range-yin+nsm,44100,weak-fundamental,soft,66,F#4,2322,110,52.65,2.49,1,66,F#4,37.46,32,0,0,219,219,0,0,0,0.08
full-range-yin+nsm,44100,full-fundamental,medium,67,G4,2322,110,52.65,2.49,1,67,G4,37.46,95,0,0,219,219,0,0,0,0.02
full-range-yin+nsm,44100,full-fundamental,soft,67,G4,2322,110,52.65,2.49,1,67,G4,37.46,32,0,0,219,219,0,0,0,0.02
full-range-yin+nsm,44100,weak-fundamental,medium,67,G4,2322,110,52.65,2.49,1,67,G4,37.46,89,0,0,219,219,0,0,0,0.02
full-range-yin+nsm,44100,weak-fundamental,soft,67,G4,2322,110,52.65,2.49,1,67,G4,37.46,26,0,0,219,219,0,0,0,0.02
multires-yin+nsm,44100,full-fundamental,medium,28,E1,1742,110,39.50,2.49,1,28,E1,34.29,97,0,0,224,224,0,0,0,0.14
multires-yin+nsm,44100,full-fundamental,soft,28,E1,1742,110,39.50,2.49,1,28,E1,34.29,34,0,0,224,224,0,0,0,0.15
multires-yin+nsm,44100,weak-fundamental,medium,28,E1,1742,110,39.50,2.49,1,28,E1,39.27,99,0,0,224,224,0,0,0,0.06
multires-yin+nsm,44100,weak-fundamental,soft,28,E1,1742,110,39.50,2.49,1,28,E1,39.27,36,0,0,224,224,0,0,0,0.07
multires-yin+nsm,44100,full-fundamental,medium,29,F1,1742,110,39.50,2.49,1,29,F1,34.29,99,0,0,224,224,0,0,0,0.11
multires-yin+nsm,44100,full-fundamental,soft,29,F1,1742,110,39.50,2.49,1,29,F1,34.29,36,0,0,224,224,0,0,0,0.13
multires-yin+nsm,44100,weak-fundamental,medium,29,F1,1742,110,39.50,2.49,1,29,F1,39.27,95,0,0,224,224,0,0,0,0.07
multires-yin+nsm,44100,weak-fundamental,soft,29,F1,1742,110,39.50,2.49,1,29,F1,39.27,32,0,0,224,224,0,0,0,0.07
multires-yin+nsm,44100,full-fundamental,medium,30,F#1,1742,110,39.50,2.49,1,30,F#1,39.27,96,0,0,224,224,0,0,0,0.12
multires-yin+nsm,44100,full-fundamental,soft,30,F#1,1742,110,39.50,2.49,1,30,F#1,39.27,33,0,0,224,224,0,0,0,0.14
multires-yin+nsm,44100,weak-fundamental,medium,30,F#1,1742,110,39.50,2.49,1,30,F#1,39.27,91,0,0,224,224,0,0,0,0.08
multires-yin+nsm,44100,weak-fundamental,soft,30,F#1,1742,110,39.50,2.49,1,30,F#1,39.27,28,0,0,224,224,0,0,0,0.08
multires-yin+nsm,44100,full-fundamental,medium,31,G1,1742,110,39.50,2.49,1,31,G1,39.27,100,0,0,224,224,0,0,0,0.10
multires-yin+nsm,44100,full-fundamental,soft,31,G1,1742,110,39.50,2.49,1,31,G1,39.27,37,0,0,224,224,0,0,0,0.10
multires-yin+nsm,44100,weak-fundamental,medium,31,G1,1742,110,39.50,2.49,1,31,G1,39.27,94,0,0,224,224,0,0,0,0.06
multires-yin+nsm,44100,weak-fundamental,soft,31,G1,1742,110,39.50,2.49,1,31,G1,39.27,31,0,0,224,224,0,0,0,0.06
multires-yin+nsm,44100,full-fundamental,medium,32,G#1,1742,110,39.50,2.49,1,32,G#1,34.29,99,0,0,224,224,0,0,0,0.13
multires-yin+nsm,44100,full-fundamental,soft,32,G#1,1742,110,39.50,2.49,1,32,G#1,34.29,36,0,0,224,224,0,0,0,0.12
multires-yin+nsm,44100,weak-fundamental,medium,32,G#1,1742,110,39.50,2.49,1,32,G#1,34.29,91,0,0,224,224,0,0,0,0.06
multires-yin+nsm,44100,weak-fundamental,soft,32,G#1,1742,110,39.50,2.49,1,32,G#1,34.29,28,0,0,224,224,0,0,0,0.07
multires-yin+nsm,44100,full-fundamental,medium,33,A1,1742,110,39.50,2.49,1,33,A1,34.29,94,0,0,224,224,0,0,0,0.13
multires-yin+nsm,44100,full-fundamental,soft,33,A1,1742,110,39.50,2.49,1,33,A1,34.29,31,0,0,224,224,0,0,0,0.14
multires-yin+nsm,44100,weak-fundamental,medium,33,A1,1742,110,39.50,2.49,1,33,A1,31.79,95,0,0,224,224,0,0,0,0.06
multires-yin+nsm,44100,weak-fundamental,soft,33,A1,1742,110,39.50,2.49,1,33,A1,31.79,32,0,0,224,224,0,0,0,0.08
multires-yin+nsm,44100,full-fundamental,medium,34,A#1,1742,110,39.50,2.49,1,34,A#1,34.29,99,0,0,224,224,0,0,0,0.09
multires-yin+nsm,44100,full-fundamental,soft,34,A#1,1742,110,39.50,2.49,1,34,A#1,34.29,36,0,0,224,224,0,0,0,0.10
multires-yin+nsm,44100,weak-fundamental,medium,34,A#1,1742,110,39.50,2.49,1,34,A#1,34.29,93,0,0,224,224,0,0,0,0.05
multires-yin+nsm,44100,weak-fundamental,soft,34,A#1,1742,110,39.50,2.49,1,34,A#1,34.29,30,0,0,224,224,0,0,0,0.05
multires-yin+nsm,44100,full-fundamental,medium,35,B1,1742,110,39.50,2.49,1,35,B1,34.29,92,0,0,224,224,0,0,0,0.08
multires-yin+nsm,44100,full-fundamental,soft,35,B1,1742,110,39.50,2.49,1,35,B1,34.29,29,0,0,224,224,0,0,0,0.09
multires-yin+nsm,44100,weak-fundamental,medium,35,B1,1742,110,39.50,2.49,1,35,B1,31.79,101,0,0,224,224,0,0,0,0.03
multires-yin+nsm,44100,weak-fundamental,soft,35,B1,1742,110,39.50,2.49,1,35,B1,31.79,38,0,0,224,224,0,0,0,0.05
multires-yin+nsm,44100,full-fundamental,medium,36,C2,1742,110,39.50,2.49,1,36,C2,29.30,91,0,0,224,224,0,0,0,0.11
multires-yin+nsm,44100,full-fundamental,soft,36,C2,1742,110,39.50,2.49,1,36,C2,29.30,28,0,0,224,224,0,0,0,0.11
multires-yin+nsm,44100,weak-fundamental,medium,36,C2,1742,110,39.50,2.49,1,36,C2,26.80,99,0,0,224,224,0,0,0,0.04
multires-yin+nsm,44100,weak-fundamental,soft,36,C2,1742,110,39.50,2.49,1,36,C2,26.80,36,0,0,224,224,0,0,0,0.05
multires-yin+nsm,44100,full-fundamental,medium,37,C#2,1742,110,39.50,2.49,1,37,C#2,26.80,94,0,0,224,224,0,0,0,0.08
multires-yin+nsm,44100,full-fundamental,soft,37,C#2,1742,110,39.50,2.49,1,37,C#2,26.80,31,0,0,224,224,0,0,0,0.09
multires-yin+nsm,44100,weak-fundamental,medium,37,C#2,1742,110,39.50,2.49,1,37,C#2,26.80,91,0,0,224,224,0,0,0,0.05
multires-yin+nsm,44100,weak-fundamental,soft,37,C#2,1742,110,39.50,2.49,1,37,C#2,26.80,28,0,0,224,224,0,0,0,0.06
multires-yin+nsm,44100,full-fundamental,medium,38,D2,1742,110,39.50,2.49,1,38,D2,26.80,93,0,0,224,224,0,0,0,0.11
multires-yin+nsm,44100,full-fundamental,soft,38,D2,1742,110,39.50,2.49,1,38,D2,26.80,30,0,0,224,224,0,0,0,0.11
multires-yin+nsm,44100,weak-fundamental,medium,38,D2,1742,110,39.50,2.49,1,38,D2,26.80,95,0,0,224,224,0,0,0,0.04
multires-yin+nsm,44100,weak-fundamental,soft,38,D2,1742,110,39.50,2.49,1,38,D2,26.80,33,0,0,224,224,0,0,0,0.05
multires-yin+nsm,44100,full-fundamental,medium,39,D#2,1742,110,39.50,2.49,1,39,D#2,41.77,97,0,0,224,224,0,0,0,0.01
multires-yin+nsm,44100,full-fundamental,soft,39,D#2,1742,110,39.50,2.49,1,39,D#2,41.77,34,0,0,224,224,0,0,0,0.04
multires-yin+nsm,44100,weak-fundamental,medium,39,D#2,1742,110,39.50,2.49,1,39,D#2,36.78,94,0,0,224,224,0,0,0,0.01
multires-yin+nsm,44100,weak-fundamental,soft,39,D#2,1742,110,39.50,2.49,1,39,D#2,36.78,32,0,0,224,224,0,0,0,0.03
multires-yin+nsm,44100,full-fundamental,medium,40,E2,1742,110,39.50,2.49,1,40,E2,41.77,96,0,0,224,224,0,0,0,0.03
multires-yin+nsm,44100,full-fundamental,soft,40,E2,1742,110,39.50,2.49,1,40,E2,41.77,33,0,0,224,224,0,0,0,0.04
multires-yin+nsm,44100,weak-fundamental,medium,40,E2,1742,110,39.50,2.49,1,40,E2,41.77,93,0,0,224,224,0,0,0,0.03
multires-yin+nsm,44100,weak-fundamental,soft,40,E2,1742,110,39.50,2.49,1,40,E2,41.77,30,0,0,224,224,0,0,0,0.04
multires-yin+nsm,44100,full-fundamental,medium,41,F2,1742,110,39.50,2.49,1,41,F2,41.77,97,0,0,224,224,0,0,0,0.04
multires-yin+nsm,44100,full-fundamental,soft,41,F2,1742,110,39.50,2.49,1,41,F2,41.77,34,0,0,224,224,0,0,0,0.05
multires-yin+nsm,44100,weak-fundamental,medium,41,F2,1742,110,39.50,2.49,1,41,F2,39.27,93,0,0,224,224,0,0,0,0.01
multires-yin+nsm,44100,weak-fundamental,soft,41,F2,1742,110,39.50,2.49,1,41,F2,39.27,30,0,0,224,224,0,0,0,0.03
multires-yin+nsm,44100,full-fundamental,medium,42,F#2,1742,110,39.50,2.49,1,42,F#2,41.77,96,0,0,224,224,0,0,0,0.03
multires-yin+nsm,44100,full-fundamental,soft,42,F#2,1742,110,39.50,2.49,1,42,F#2,41.77,33,0,0,224,224,0,0,0,0.04
multires-yin+nsm,44100,weak-fundamental,medium,42,F#2,1742,110,39.50,2.49,1,42,F#2,39.27,88,0,0,224,224,0,0,0,0.02
multires-yin+nsm,44100,weak-fundamental,soft,42,F#2,1742,110,39.50,2.49,1,42,F#2,39.27,26,0,0,224,224,0,0,0,0.03
multires-yin+nsm,44100,full-fundamental,medium,43,G2,1742,110,39.50,2.49,1,43,G2,39.27,97,0,0,224,224,0,0,0,0.03
multires-yin+nsm,44100,full-fundamental,soft,43,G2,1742,110,39.50,2.49,1,43,G2,39.27,34,0,0,224,224,0,0,0,0.05
multires-yin+nsm,44100,weak-fundamental,medium,43,G2,1742,110,39.50,2.49,1,43,G2,39.27,94,0,0,224,224,0,0,0,0.02
multires-yin+nsm,44100,weak-fundamental,soft,43,G2,1742,110,39.50,2.49,1,43,G2,39.27,31,0,0,224,224,0,0,0,0.02
multires-yin+nsm,44100,full-fundamental,medium,44,G#2,1742,110,39.50,2.49,1,44,G#2,34.29,92,0,0,224,224,0,0,0,0.03
multires-yin+nsm,44100,full-fundamental,soft,44,G#2,1742,110,39.50,2.49,1,44,G#2,34.29,29,0,0,224,224,0,0,0,0.04
multires-yin+nsm,44100,weak-fundamental,medium,44,G#2,1742,110,39.50,2.49,1,44,G#2,34.29,96,0,0,224,224,0,0,0,0.02
multires-yin+nsm,44100,weak-fundamental,soft,44,G#2,1742,110,39.50,2.49,1,44,G#2,34.29,33,0,0,224,224,0,0,0,0.03
multires-yin+nsm,44100,full-fundamental,medium,45,A2,1742,110,39.50,2.49,1,45,A2,31.79,92,0,0,224,224,0,0,0,0.03
multires-yin+nsm,44100,full-fundamental,soft,45,A2,1742,110,39.50,2.49,1,45,A2,31.79,29,0,0,224,224,0,0,0,0.04
multires-yin+nsm,44100,weak-fundamental,medium,45,A2,1742,110,39.50,2.49,1,45,A2,34.29,94,0,0,224,224,0,0,0,0.02
multires-yin+nsm,44100,weak-fundamental,soft,45,A2,1742,110,39.50,2.49,1,45,A2,34.29,31,0,0,224,224,0,0,0,0.03
multires-yin+nsm,44100,full-fundamental,medium,46,A#2,1742,110,39.50,2.49,1,46,A#2,34.29,91,0,0,224,224,0,0,0,0.03
multires-yin+nsm,44100,full-fundamental,soft,46,A#2,1742,110,39.50,2.49,1,46,A#2,34.29,28,0,0,224,224,0,0,0,0.04
multires-yin+nsm,44100,weak-fundamental,medium,46,A#2,1742,110,39.50,2.49,1,46,A#2,34.29,93,0,0,224,224,0,0,0,0.01
multires-yin+nsm,44100,weak-fundamental,soft,46,A#2,1742,110,39.50,2.49,1,46,A#2,34.29,30,0,0,224,224,0,0,0,0.03
multires-yin+nsm,44100,full-fundamental,medium,47,B2,1742,110,39.50,2.49,1,47,B2,34.29,96,0,0,224,224,0,0,0,0.03
multires-yin+nsm,44100,full-fundamental,soft,47,B2,1742,110,39.50,2.49,1,47,B2,34.29,33,0,0,224,224,0,0,0,0.04
multires-yin+nsm,44100,weak-fundamental,medium,47,B2,1742,110,39.50,2.49,1,47,B2,34.29,99,0,0,224,224,0,0,0,0.01
multires-yin+nsm,44100,weak-fundamental,soft,47,B2,1742,110,39.50,2.49,1,47,B2,34.29,36,0,0,224,224,0,0,0,0.03
multires-yin+nsm,44100,full-fundamental,medium,48,C3,1742,110,39.50,2.49,1,48,C3,29.30,93,0,0,224,224,0,0,0,0.03
multires-yin+nsm,44100,full-fundamental,soft,48,C3,1742,110,39.50,2.49,1,48,C3,29.30,31,0,0,224,224,0,0,0,0.04
multires-yin+nsm,44100,weak-fundamental,medium,48,C3,1742,110,39.50,2.49,1,48,C3,26.80,92,0,0,224,224,0,0,0,0.02
multires-yin+nsm,44100,weak-fundamental,soft,48,C3,1742,110,39.50,2.49,1,48,C3,26.80,29,0,0,224,224,0,0,0,0.03
multires-yin+nsm,44100,full-fundamental,medium,49,C#3,1742,110,39.50,2.49,1,49,C#3,29.30,92,0,0,224,224,0,0,0,0.03
multires-yin+nsm,44100,full-fundamental,soft,49,C#3,1742,110,39.50,2.49,1,49,C#3,29.30,29,0,0,224,224,0,0,0,0.05
multires-yin+nsm,44100,weak-fundamental,medium,49,C#3,1742,110,39.50,2.49,1,49,C#3,26.80,93,0,0,224,224,0,0,0,0.02
multires-yin+nsm,44100,weak-fundamental,soft,49,C#3,1742,110,39.50,2.49,1,49,C#3,26.80,30,0,0,224,224,0,0,0,0.03
multires-yin+nsm,44100,full-fundamental,medium,50,D3,1742,110,39.50,2.49,1,50,D3,29.30,100,0,0,224,224,0,0,0,0.02
multires-yin+nsm,44100,full-fundamental,soft,50,D3,1742,110,39.50,2.49,1,50,D3,29.30,37,0,0,224,224,0,0,0,0.04
multires-yin+nsm,44100,weak-fundamental,medium,50,D3,1742,110,39.50,2.49,1,50,D3,29.30,98,0,0,224,224,0,0,0,0.01
multires-yin+nsm,44100,weak-fundamental,soft,50,D3,1742,110,39.50,2.49,1,50,D3,29.30,35,0,0,224,224,0,0,0,0.03
multires-yin+nsm,44100,full-fundamental,medium,51,D#3,1742,110,39.50,2.49,1,51,D#3,29.30,95,0,0,224,224,0,0,0,0.02
multires-yin+nsm,44100,full-fundamental,soft,51,D#3,1742,110,39.50,2.49,1,51,D#3,29.30,33,0,0,224,224,0,0,0,0.04
multires-yin+nsm,44100,weak-fundamental,medium,51,D#3,1742,110,39.50,2.49,1,51,D#3,29.30,90,0,0,224,224,0,0,0,0.01
multires-yin+nsm,44100,weak-fundamental,soft,51,D#3,1742,110,39.50,2.49,1,51,D#3,29.30,27,0,0,224,224,0,0,0,0.03
multires-yin+nsm,44100,full-fundamental,medium,52,E3,1742,110,39.50,2.49,1,52,E3,21.81,97,0,0,224,224,0,0,0,0.02
multires-yin+nsm,44100,full-fundamental,soft,52,E3,1742,110,39.50,2.49,1,52,E3,21.81,34,0,0,224,224,0,0,0,0.04
multires-yin+nsm,44100,weak-fundamental,medium,52,E3,1742,110,39.50,2.49,1,52,E3,21.81,96,0,0,224,224,0,0,0,0.02
multires-yin+nsm,44100,weak-fundamental,soft,52,E3,1742,110,39.50,2.49,1,52,E3,21.81,33,0,0,224,224,0,0,0,0.03
multires-yin+nsm,44100,full-fundamental,medium,53,F3,1742,110,39.50,2.49,1,53,F3,21.81,95,0,0,224,224,0,0,0,0.02
multires-yin+nsm,44100,full-fundamental,soft,53,F3,1742,110,39.50,2.49,1,53,F3,21.81,32,0,0,224,224,0,0,0,0.05
multires-yin+nsm,44100,weak-fundamental,medium,53,F3,1742,110,39.50,2.49,1,53,F3,21.81,89,0,0,224,224,0,0,0,0.01
multires-yin+nsm,44100,weak-fundamental,soft,53,F3,1742,110,39.50,2.49,1,53,F3,21.81,26,0,0,224,224,0,0,0,0.04
multires-yin+nsm,44100,full-fundamental,medium,54,F#3,1742,110,39.50,2.49,1,54,F#3,21.81,93,0,0,224,224,0,0,0,0.02
multires-yin+nsm,44100,full-fundamental,soft,54,F#3,1742,110,39.50,2.49,1,54,F#3,21.81,30,0,0,224,224,0,0,0,0.04
multires-yin+nsm,44100,weak-fundamental,medium,54,F#3,1742,110,39.50,2.49,1,54,F#3,24.31,93,0,0,224,224,0,0,0,0.02
multires-yin+nsm,44100,weak-fundamental,soft,54,F#3,1742,110,39.50,2.49,1,54,F#3,24.31,30,0,0,224,224,0,0,0,0.03
multires-yin+nsm,44100,full-fundamental,medium,55,G3,1742,110,39.50,2.49,1,55,G3,21.81,97,0,0,224,224,0,0,0,0.02
multires-yin+nsm,44100,full-fundamental,soft,55,G3,1742,110,39.50,2.49,1,55,G3,21.81,34,0,0,224,224,0,0,0,0.04
multires-yin+nsm,44100,weak-fundamental,medium,55,G3,1742,110,39.50,2.49,1,55,G3,21.81,90,0,0,224,224,0,0,0,0.02
multires-yin+nsm,44100,weak-fundamental,soft,55,G3,1742,110,39.50,2.49,1,55,G3,21.81,27,0,0,224,224,0,0,0,0.03
multires-yin+nsm,44100,full-fundamental,medium,56,G#3,1742,110,39.50,2.49,1,56,G#3,19.32,99,0,0,224,224,0,0,0,0.02
multires-yin+nsm,44100,full-fundamental,soft,56,G#3,1742,110,39.50,2.49,1,56,G#3,19.32,36,0,0,224,224,0,0,0,0.05
multires-yin+nsm,44100,weak-fundamental,medium,56,G#3,1742,110,39.50,2.49,1,56,G#3,19.32,91,0,0,224,224,0,0,0,0.02
multires-yin+nsm,44100,weak-fundamental,soft,56,G#3,1742,110,39.50,2.49,1,56,G#3,19.32,28,0,0,224,224,0,0,0,0.04
multires-yin+nsm,44100,full-fundamental,medium,57,A3,1742,110,39.50,2.49,1,57,A3,19.32,102,0,0,224,224,0,0,0,0.02
multires-yin+nsm,44100,full-fundamental,soft,57,A3,1742,110,39.50,2.49,1,57,A3,19.32,39,0,0,224,224,0,0,0,0.05
multires-yin+nsm,44100,weak-fundamental,medium,57,A3,1742,110,39.50,2.49,1,57,A3,19.32,97,0,0,224,224,0,0,0,0.02
multires-yin+nsm,44100,weak-fundamental,soft,57,A3,1742,110,39.50,2.49,1,57,A3,19.32,35,0,0,224,224,0,0,0,0.04
multires-yin+nsm,44100,full-fundamental,medium,58,A#3,1742,110,39.50,2.49,1,58,A#3,19.32,98,0,0,224,224,0,0,0,0.04
multires-yin+nsm,44100,full-fundamental,soft,58,A#3,1742,110,39.50,2.49,1,58,A#3,19.32,35,0,0,224,224,0,0,0,0.05
multires-yin+nsm,44100,weak-fundamental,medium,58,A#3,1742,110,39.50,2.49,1,58,A#3,19.32,95,0,0,224,224,0,0,0,0.03
multires-yin+nsm,44100,weak-fundamental,soft,58,A#3,1742,110,39.50,2.49,1,58,A#3,19.32,32,0,0,224,224,0,0,0,0.05
multires-yin+nsm,44100,full-fundamental,medium,59,B3,1742,110,39.50,2.49,1,59,B3,19.32,95,0,0,224,224,0,0,0,0.02
multires-yin+nsm,44100,full-fundamental,soft,59,B3,1742,110,39.50,2.49,1,59,B3,19.32,32,0,0,224,224,0,0,0,0.04
multires-yin+nsm,44100,weak-fundamental,medium,59,B3,1742,110,39.50,2.49,1,59,B3,19.32,94,0,0,224,224,0,0,0,0.01
multires-yin+nsm,44100,weak-fundamental,soft,59,B3,1742,110,39.50,2.49,1,59,B3,19.32,31,0,0,224,224,0,0,0,0.03
multires-yin+nsm,44100,full-fundamental,medium,60,C4,1742,110,39.50,2.49,1,60,C4,14.33,99,0,0,224,224,0,0,0,0.02
multires-yin+nsm,44100,full-fundamental,soft,60,C4,1742,110,39.50,2.49,1,60,C4,14.33,36,0,0,224,224,0,0,0,0.05
multires-yin+nsm,44100,weak-fundamental,medium,60,C4,1742,110,39.50,2.49,1,60,C4,16.83,95,0,0,224,224,0,0,0,0.01
multires-yin+nsm,44100,weak-fundamental,soft,60,C4,1742,110,39.50,2.49,1,60,C4,16.83,32,0,0,224,224,0,0,0,0.04
multires-yin+nsm,44100,full-fundamental,medium,61,C#4,1742,110,39.50,2.49,1,61,C#4,14.33,100,0,0,224,224,0,0,0,0.04
multires-yin+nsm,44100,full-fundamental,soft,61,C#4,1742,110,39.50,2.49,1,61,C#4,14.33,37,0,0,224,224,0,0,0,0.06
multires-yin+nsm,44100,weak-fundamental,medium,61,C#4,1742,110,39.50,2.49,1,61,C#4,16.83,93,0,0,224,224,0,0,0,0.04
multires-yin+nsm,44100,weak-fundamental,soft,61,C#4,1742,110,39.50,2.49,1,61,C#4,16.83,30,0,0,224,224,0,0,0,0.06
multires-yin+nsm,44100,full-fundamental,medium,62,D4,1742,110,39.50,2.49,1,62,D4,16.83,99,0,0,224,224,0,0,0,0.05
multires-yin+nsm,44100,full-fundamental,soft,62,D4,1742,110,39.50,2.49,1,62,D4,16.83,36,0,0,224,224,0,0,0,0.06
multires-yin+nsm,44100,weak-fundamental,medium,62,D4,1742,110,39.50,2.49,1,62,D4,14.33,96,0,0,224,224,0,0,0,0.05
multires-yin+nsm,44100,weak-fundamental,soft,62,D4,1742,110,39.50,2.49,1,62,D4,14.33,33,0,0,224,224,0,0,0,0.07
multires-yin+nsm,44100,full-fundamental,medium,63,D#4,1742,110,39.50,2.49,1,63,D#4,16.83,95,0,0,224,224,0,0,0,0.03
multires-yin+nsm,44100,full-fundamental,soft,63,D#4,1742,110,39.50,2.49,1,63,D#4,16.83,32,0,0,224,224,0,0,0,0.05
multires-yin+nsm,44100,weak-fundamental,medium,63,D#4,1742,110,39.50,2.49,1,63,D#4,16.83,98,0,0,224,224,0,0,0,0.02
multires-yin+nsm,44100,weak-fundamental,soft,63,D#4,1742,110,39.50,2.49,1,63,D#4,16.83,35,0,0,224,224,0,0,0,0.05
multires-yin+nsm,44100,full-fundamental,medium,64,E4,1742,110,39.50,2.49,1,64,E4,14.33,95,0,0,224,224,0,0,0,0.03
multires-yin+nsm,44100,full-fundamental,soft,64,E4,1742,110,39.50,2.49,1,64,E4,14.33,32,0,0,224,224,0,0,0,0.07
multires-yin+nsm,44100,weak-fundamental,medium,64,E4,1742,110,39.50,2.49,1,64,E4,14.33,96,0,0,224,224,0,0,0,0.03
multires-yin+nsm,44100,weak-fundamental,soft,64,E4,1742,110,39.50,2.49,1,64,E4,14.33,33,0,0,224,224,0,0,0,0.05
multires-yin+nsm,44100,full-fundamental,medium,65,F4,1742,110,39.50,2.49,1,65,F4,14.33,101,0,0,224,224,0,0,0,0.07
multires-yin+nsm,44100,full-fundamental,soft,65,F4,1742,110,39.50,2.49,1,65,F4,14.33,38,0,0,224,224,0,0,0,0.09
multires-yin+nsm,44100,weak-fundamental,medium,65,F4,1742,110,39.50,2.49,1,65,F4,14.33,96,0,0,224,224,0,0,0,0.07
multires-yin+nsm,44100,weak-fundamental,soft,65,F4,1742,110,39.50,2.49,1,65,F4,14.33,33,0,0,224,224,0,0,0,0.08
multires-yin+nsm,44100,full-fundamental,medium,66,F#4,1742,110,39.50,2.49,1,66,F#4,14.33,99,0,0,224,224,0,0,0,0.08
multires-yin+nsm,44100,full-fundamental,soft,66,F#4,1742,110,39.50,2.49,1,66,F#4,14.33,37,0,0,224,224,0,0,0,0.10
multires-yin+nsm,44100,weak-fundamental,medium,66,F#4,1742,110,39.50,2.49,1,66,F#4,14.33,95,0,0,224,224,0,0,0,0.09
multires-yin+nsm,44100,weak-fundamental,soft,66,F#4,1742,110,39.50,2.49,1,66,F#4,14.33,32,0,0,224,224,0,0,0,0.09
multires-yin+nsm,44100,full-fundamental,medium,67,G4,1742,110,39.50,2.49,1,67,G4,14.33,95,0,0,224,224,0,0,0,0.02
multires-yin+nsm,44100,full-fundamental,soft,67,G4,1742,110,39.50,2.49,1,67,G4,14.33,32,0,0,224,224,0,0,0,0.06
multires-yin+nsm,44100,weak-fundamental,medium,67,G4,1742,110,39.50,2.49,1,67,G4,14.33,89,0,0,224,224,0,0,0,0.02
multires-yin+nsm,44100,weak-fundamental,soft,67,G4,1742,110,39.50,2.49,1,67,G4,14.33,26,0,0,224,224,0,0,0,0.04
warf-like-yin,48000,full-fundamental,medium,28,E1,2048,512,42.67,10.67,0,-1,none,-,0,0,0,52,0,0,0,52,-
warf-like-yin,48000,full-fundamental,soft,28,E1,2048,512,42.67,10.67,0,-1,none,-,0,0,0,52,0,0,0,52,-
warf-like-yin,48000,weak-fundamental,medium,28,E1,2048,512,42.67,10.67,0,-1,none,-,0,0,0,52,0,0,0,52,-
warf-like-yin,48000,weak-fundamental,soft,28,E1,2048,512,42.67,10.67,0,-1,none,-,0,0,0,52,0,0,0,52,-
warf-like-yin,48000,full-fundamental,medium,29,F1,2048,512,42.67,10.67,0,-1,none,-,0,0,0,52,0,0,0,52,-
warf-like-yin,48000,full-fundamental,soft,29,F1,2048,512,42.67,10.67,0,-1,none,-,0,0,0,52,0,0,0,52,-
warf-like-yin,48000,weak-fundamental,medium,29,F1,2048,512,42.67,10.67,0,-1,none,-,0,0,0,52,0,0,0,52,-
warf-like-yin,48000,weak-fundamental,soft,29,F1,2048,512,42.67,10.67,0,-1,none,-,0,0,0,52,0,0,0,52,-
warf-like-yin,48000,full-fundamental,medium,30,F#1,2048,512,42.67,10.67,1,30,F#1,49.33,100,0,0,52,52,0,0,0,24.11
warf-like-yin,48000,full-fundamental,soft,30,F#1,2048,512,42.67,10.67,0,-1,none,-,0,0,0,52,52,0,0,0,24.11
warf-like-yin,48000,weak-fundamental,medium,30,F#1,2048,512,42.67,10.67,1,30,F#1,60.00,100,0,0,52,52,0,0,0,24.11
warf-like-yin,48000,weak-fundamental,soft,30,F#1,2048,512,42.67,10.67,0,-1,none,-,0,0,0,52,52,0,0,0,24.11
warf-like-yin,48000,full-fundamental,medium,31,G1,2048,512,42.67,10.67,1,31,G1,49.33,100,0,0,52,52,0,0,0,0.04
warf-like-yin,48000,full-fundamental,soft,31,G1,2048,512,42.67,10.67,0,-1,none,-,0,0,0,52,52,0,0,0,0.05
warf-like-yin,48000,weak-fundamental,medium,31,G1,2048,512,42.67,10.67,1,31,G1,49.33,100,0,0,52,52,0,0,0,0.03
warf-like-yin,48000,weak-fundamental,soft,31,G1,2048,512,42.67,10.67,0,-1,none,-,0,0,0,52,52,0,0,0,0.04
warf-like-yin,48000,full-fundamental,medium,32,G#1,2048,512,42.67,10.67,1,32,G#1,60.00,100,0,0,52,52,0,0,0,0.08
warf-like-yin,48000,full-fundamental,soft,32,G#1,2048,512,42.67,10.67,0,-1,none,-,0,0,0,52,52,0,0,0,0.08
warf-like-yin,48000,weak-fundamental,medium,32,G#1,2048,512,42.67,10.67,1,32,G#1,60.00,100,0,0,52,52,0,0,0,0.04
warf-like-yin,48000,weak-fundamental,soft,32,G#1,2048,512,42.67,10.67,0,-1,none,-,0,0,0,52,52,0,0,0,0.03
warf-like-yin,48000,full-fundamental,medium,33,A1,2048,512,42.67,10.67,1,33,A1,60.00,100,0,0,52,52,0,0,0,0.07
warf-like-yin,48000,full-fundamental,soft,33,A1,2048,512,42.67,10.67,0,-1,none,-,0,0,0,52,52,0,0,0,0.07
warf-like-yin,48000,weak-fundamental,medium,33,A1,2048,512,42.67,10.67,1,33,A1,49.33,100,0,0,52,52,0,0,0,0.03
warf-like-yin,48000,weak-fundamental,soft,33,A1,2048,512,42.67,10.67,0,-1,none,-,0,0,0,52,52,0,0,0,0.04
warf-like-yin,48000,full-fundamental,medium,34,A#1,2048,512,42.67,10.67,1,34,A#1,60.00,100,0,0,52,52,0,0,0,0.06
warf-like-yin,48000,full-fundamental,soft,34,A#1,2048,512,42.67,10.67,0,-1,none,-,0,0,0,52,52,0,0,0,0.07
warf-like-yin,48000,weak-fundamental,medium,34,A#1,2048,512,42.67,10.67,1,34,A#1,49.33,100,0,0,52,52,0,0,0,0.02
warf-like-yin,48000,weak-fundamental,soft,34,A#1,2048,512,42.67,10.67,0,-1,none,-,0,0,0,52,52,0,0,0,0.03
warf-like-yin,48000,full-fundamental,medium,35,B1,2048,512,42.67,10.67,1,35,B1,60.00,100,0,0,52,52,0,0,0,0.05
warf-like-yin,48000,full-fundamental,soft,35,B1,2048,512,42.67,10.67,0,-1,none,-,0,0,0,52,52,0,0,0,0.05
warf-like-yin,48000,weak-fundamental,medium,35,B1,2048,512,42.67,10.67,1,35,B1,49.33,100,0,0,52,52,0,0,0,0.02
warf-like-yin,48000,weak-fundamental,soft,35,B1,2048,512,42.67,10.67,0,-1,none,-,0,0,0,52,52,0,0,0,0.03
warf-like-yin,48000,full-fundamental,medium,36,C2,2048,512,42.67,10.67,1,36,C2,60.00,100,0,0,52,52,0,0,0,0.04
warf-like-yin,48000,full-fundamental,soft,36,C2,2048,512,42.67,10.67,0,-1,none,-,0,0,0,52,52,0,0,0,0.03
warf-like-yin,48000,weak-fundamental,medium,36,C2,2048,512,42.67,10.67,1,36,C2,49.33,100,0,0,52,52,0,0,0,0.01
warf-like-yin,48000,weak-fundamental,soft,36,C2,2048,512,42.67,10.67,0,-1,none,-,0,0,0,52,52,0,0,0,0.02
warf-like-yin,48000,full-fundamental,medium,37,C#2,2048,512,42.67,10.67,1,37,C#2,60.00,100,0,0,52,52,0,0,0,0.03
warf-like-yin,48000,full-fundamental,soft,37,C#2,2048,512,42.67,10.67,0,-1,none,-,0,0,0,52,52,0,0,0,0.03
warf-like-yin,48000,weak-fundamental,medium,37,C#2,2048,512,42.67,10.67,1,37,C#2,49.33,100,0,0,52,52,0,0,0,0.02
warf-like-yin,48000,weak-fundamental,soft,37,C#2,2048,512,42.67,10.67,0,-1,none,-,0,0,0,52,52,0,0,0,0.02
warf-like-yin,48000,full-fundamental,medium,38,D2,2048,512,42.67,10.67,1,38,D2,60.00,100,0,0,52,52,0,0,0,0.04
warf-like-yin,48000,full-fundamental,soft,38,D2,2048,512,42.67,10.67,0,-1,none,-,0,0,0,52,52,0,0,0,0.04
warf-like-yin,48000,weak-fundamental,medium,38,D2,2048,512,42.67,10.67,1,38,D2,49.33,100,0,0,52,52,0,0,0,0.02
warf-like-yin,48000,weak-fundamental,soft,38,D2,2048,512,42.67,10.67,0,-1,none,-,0,0,0,52,52,0,0,0,0.02
warf-like-yin,48000,full-fundamental,medium,39,D#2,2048,512,42.67,10.67,1,39,D#2,49.33,100,0,0,52,52,0,0,0,0.04
warf-like-yin,48000,full-fundamental,soft,39,D#2,2048,512,42.67,10.67,0,-1,none,-,0,0,0,52,52,0,0,0,0.04
warf-like-yin,48000,weak-fundamental,medium,39,D#2,2048,512,42.67,10.67,1,39,D#2,49.33,100,0,0,52,52,0,0,0,0.02
warf-like-yin,48000,weak-fundamental,soft,39,D#2,2048,512,42.67,10.67,0,-1,none,-,0,0,0,52,52,0,0,0,0.03
warf-like-yin,48000,full-fundamental,medium,40,E2,2048,512,42.67,10.67,1,40,E2,60.00,100,0,0,52,52,0,0,0,0.03
warf-like-yin,48000,full-fundamental,soft,40,E2,2048,512,42.67,10.67,0,-1,none,-,0,0,0,52,52,0,0,0,0.04
warf-like-yin,48000,weak-fundamental,medium,40,E2,2048,512,42.67,10.67,1,40,E2,49.33,100,0,0,52,52,0,0,0,0.01
warf-like-yin,48000,weak-fundamental,soft,40,E2,2048,512,42.67,10.67,0,-1,none,-,0,0,0,52,52,0,0,0,0.02
warf-like-yin,48000,full-fundamental,medium,41,F2,2048,512,42.67,10.67,1,41,F2,49.33,100,0,0,52,52,0,0,0,0.02
warf-like-yin,48000,full-fundamental,soft,41,F2,2048,512,42.67,10.67,0,-1,none,-,0,0,0,52,52,0,0,0,0.03
warf-like-yin,48000,weak-fundamental,medium,41,F2,2048,512,42.67,10.67,1,41,F2,49.33,100,0,0,52,52,0,0,0,0.01
warf-like-yin,48000,weak-fundamental,soft,41,F2,2048,512,42.67,10.67,0,-1,none,-,0,0,0,52,52,0,0,0,0.02
warf-like-yin,48000,full-fundamental,medium,42,F#2,2048,512,42.67,10.67,1,42,F#2,49.33,100,0,0,52,52,0,0,0,0.00
warf-like-yin,48000,full-fundamental,soft,42,F#2,2048,512,42.67,10.67,0,-1,none,-,0,0,0,52,52,0,0,0,0.02
warf-like-yin,48000,weak-fundamental,medium,42,F#2,2048,512,42.67,10.67,1,42,F#2,49.33,100,0,0,52,52,0,0,0,0.01
warf-like-yin,48000,weak-fundamental,soft,42,F#2,2048,512,42.67,10.67,0,-1,none,-,0,0,0,52,52,0,0,0,0.01
warf-like-yin,48000,full-fundamental,medium,43,G2,2048,512,42.67,10.67,1,43,G2,49.33,100,0,0,52,52,0,0,0,0.02
warf-like-yin,48000,full-fundamental,soft,43,G2,2048,512,42.67,10.67,0,-1,none,-,0,0,0,52,52,0,0,0,0.02
warf-like-yin,48000,weak-fundamental,medium,43,G2,2048,512,42.67,10.67,1,43,G2,49.33,100,0,0,52,52,0,0,0,0.01
warf-like-yin,48000,weak-fundamental,soft,43,G2,2048,512,42.67,10.67,0,-1,none,-,0,0,0,52,52,0,0,0,0.01
warf-like-yin,48000,full-fundamental,medium,44,G#2,2048,512,42.67,10.67,1,44,G#2,49.33,100,0,0,52,52,0,0,0,0.02
warf-like-yin,48000,full-fundamental,soft,44,G#2,2048,512,42.67,10.67,0,-1,none,-,0,0,0,52,52,0,0,0,0.03
warf-like-yin,48000,weak-fundamental,medium,44,G#2,2048,512,42.67,10.67,1,44,G#2,49.33,100,0,0,52,52,0,0,0,0.01
warf-like-yin,48000,weak-fundamental,soft,44,G#2,2048,512,42.67,10.67,0,-1,none,-,0,0,0,52,52,0,0,0,0.02
warf-like-yin,48000,full-fundamental,medium,45,A2,2048,512,42.67,10.67,1,45,A2,49.33,100,0,0,52,52,0,0,0,0.01
warf-like-yin,48000,full-fundamental,soft,45,A2,2048,512,42.67,10.67,0,-1,none,-,0,0,0,52,52,0,0,0,0.02
warf-like-yin,48000,weak-fundamental,medium,45,A2,2048,512,42.67,10.67,1,45,A2,49.33,100,0,0,52,52,0,0,0,0.01
warf-like-yin,48000,weak-fundamental,soft,45,A2,2048,512,42.67,10.67,0,-1,none,-,0,0,0,52,52,0,0,0,0.01
warf-like-yin,48000,full-fundamental,medium,46,A#2,2048,512,42.67,10.67,1,46,A#2,49.33,100,0,0,52,52,0,0,0,0.01
warf-like-yin,48000,full-fundamental,soft,46,A#2,2048,512,42.67,10.67,0,-1,none,-,0,0,0,52,52,0,0,0,0.01
warf-like-yin,48000,weak-fundamental,medium,46,A#2,2048,512,42.67,10.67,1,46,A#2,49.33,100,0,0,52,52,0,0,0,0.01
warf-like-yin,48000,weak-fundamental,soft,46,A#2,2048,512,42.67,10.67,0,-1,none,-,0,0,0,52,52,0,0,0,0.01
warf-like-yin,48000,full-fundamental,medium,47,B2,2048,512,42.67,10.67,1,47,B2,60.00,100,0,0,52,52,0,0,0,0.01
warf-like-yin,48000,full-fundamental,soft,47,B2,2048,512,42.67,10.67,0,-1,none,-,0,0,0,52,52,0,0,0,0.02
warf-like-yin,48000,weak-fundamental,medium,47,B2,2048,512,42.67,10.67,1,47,B2,60.00,100,0,0,52,52,0,0,0,0.01
warf-like-yin,48000,weak-fundamental,soft,47,B2,2048,512,42.67,10.67,0,-1,none,-,0,0,0,52,52,0,0,0,0.01
warf-like-yin,48000,full-fundamental,medium,48,C3,2048,512,42.67,10.67,1,48,C3,49.33,100,0,0,52,52,0,0,0,0.02
warf-like-yin,48000,full-fundamental,soft,48,C3,2048,512,42.67,10.67,0,-1,none,-,0,0,0,52,52,0,0,0,0.02
warf-like-yin,48000,weak-fundamental,medium,48,C3,2048,512,42.67,10.67,1,48,C3,60.00,100,0,0,52,52,0,0,0,0.01
warf-like-yin,48000,weak-fundamental,soft,48,C3,2048,512,42.67,10.67,0,-1,none,-,0,0,0,52,52,0,0,0,0.01
warf-like-yin,48000,full-fundamental,medium,49,C#3,2048,512,42.67,10.67,1,49,C#3,49.33,100,0,0,52,52,0,0,0,0.01
warf-like-yin,48000,full-fundamental,soft,49,C#3,2048,512,42.67,10.67,0,-1,none,-,0,0,0,52,52,0,0,0,0.02
warf-like-yin,48000,weak-fundamental,medium,49,C#3,2048,512,42.67,10.67,1,49,C#3,49.33,100,0,0,52,52,0,0,0,0.01
warf-like-yin,48000,weak-fundamental,soft,49,C#3,2048,512,42.67,10.67,0,-1,none,-,0,0,0,52,52,0,0,0,0.01
warf-like-yin,48000,full-fundamental,medium,50,D3,2048,512,42.67,10.67,1,50,D3,49.33,100,0,0,52,52,0,0,0,0.01
warf-like-yin,48000,full-fundamental,soft,50,D3,2048,512,42.67,10.67,0,-1,none,-,0,0,0,52,52,0,0,0,0.02
warf-like-yin,48000,weak-fundamental,medium,50,D3,2048,512,42.67,10.67,1,50,D3,49.33,100,0,0,52,52,0,0,0,0.01
warf-like-yin,48000,weak-fundamental,soft,50,D3,2048,512,42.67,10.67,0,-1,none,-,0,0,0,52,52,0,0,0,0.01
warf-like-yin,48000,full-fundamental,medium,51,D#3,2048,512,42.67,10.67,1,51,D#3,49.33,100,0,0,52,52,0,0,0,0.01
warf-like-yin,48000,full-fundamental,soft,51,D#3,2048,512,42.67,10.67,0,-1,none,-,0,0,0,52,52,0,0,0,0.02
warf-like-yin,48000,weak-fundamental,medium,51,D#3,2048,512,42.67,10.67,1,51,D#3,49.33,100,0,0,52,52,0,0,0,0.00
warf-like-yin,48000,weak-fundamental,soft,51,D#3,2048,512,42.67,10.67,0,-1,none,-,0,0,0,52,52,0,0,0,0.01
warf-like-yin,48000,full-fundamental,medium,52,E3,2048,512,42.67,10.67,1,52,E3,49.33,100,0,0,52,52,0,0,0,0.01
warf-like-yin,48000,full-fundamental,soft,52,E3,2048,512,42.67,10.67,0,-1,none,-,0,0,0,52,52,0,0,0,0.01
warf-like-yin,48000,weak-fundamental,medium,52,E3,2048,512,42.67,10.67,1,52,E3,49.33,100,0,0,52,52,0,0,0,0.01
warf-like-yin,48000,weak-fundamental,soft,52,E3,2048,512,42.67,10.67,0,-1,none,-,0,0,0,52,52,0,0,0,0.02
warf-like-yin,48000,full-fundamental,medium,53,F3,2048,512,42.67,10.67,1,53,F3,49.33,100,0,0,52,52,0,0,0,0.01
warf-like-yin,48000,full-fundamental,soft,53,F3,2048,512,42.67,10.67,0,-1,none,-,0,0,0,52,52,0,0,0,0.01
warf-like-yin,48000,weak-fundamental,medium,53,F3,2048,512,42.67,10.67,1,53,F3,49.33,100,0,0,52,52,0,0,0,0.01
warf-like-yin,48000,weak-fundamental,soft,53,F3,2048,512,42.67,10.67,0,-1,none,-,0,0,0,52,52,0,0,0,0.01
warf-like-yin,48000,full-fundamental,medium,54,F#3,2048,512,42.67,10.67,1,54,F#3,49.33,100,0,0,52,52,0,0,0,0.01
warf-like-yin,48000,full-fundamental,soft,54,F#3,2048,512,42.67,10.67,0,-1,none,-,0,0,0,52,52,0,0,0,0.02
warf-like-yin,48000,weak-fundamental,medium,54,F#3,2048,512,42.67,10.67,1,54,F#3,49.33,100,0,0,52,52,0,0,0,0.01
warf-like-yin,48000,weak-fundamental,soft,54,F#3,2048,512,42.67,10.67,0,-1,none,-,0,0,0,52,52,0,0,0,0.01
warf-like-yin,48000,full-fundamental,medium,55,G3,2048,512,42.67,10.67,1,55,G3,49.33,100,0,0,52,52,0,0,0,0.01
warf-like-yin,48000,full-fundamental,soft,55,G3,2048,512,42.67,10.67,0,-1,none,-,0,0,0,52,52,0,0,0,0.01
warf-like-yin,48000,weak-fundamental,medium,55,G3,2048,512,42.67,10.67,1,55,G3,49.33,100,0,0,52,52,0,0,0,0.01
warf-like-yin,48000,weak-fundamental,soft,55,G3,2048,512,42.67,10.67,0,-1,none,-,0,0,0,52,52,0,0,0,0.01
warf-like-yin,48000,full-fundamental,medium,56,G#3,2048,512,42.67,10.67,1,56,G#3,49.33,100,0,0,52,52,0,0,0,0.02
warf-like-yin,48000,full-fundamental,soft,56,G#3,2048,512,42.67,10.67,0,-1,none,-,0,0,0,52,52,0,0,0,0.02
warf-like-yin,48000,weak-fundamental,medium,56,G#3,2048,512,42.67,10.67,1,56,G#3,49.33,100,0,0,52,52,0,0,0,0.02
warf-like-yin,48000,weak-fundamental,soft,56,G#3,2048,512,42.67,10.67,0,-1,none,-,0,0,0,52,52,0,0,0,0.02
warf-like-yin,48000,full-fundamental,medium,57,A3,2048,512,42.67,10.67,1,57,A3,49.33,100,0,0,52,52,0,0,0,0.02
warf-like-yin,48000,full-fundamental,soft,57,A3,2048,512,42.67,10.67,0,-1,none,-,0,0,0,52,52,0,0,0,0.02
warf-like-yin,48000,weak-fundamental,medium,57,A3,2048,512,42.67,10.67,1,57,A3,49.33,100,0,0,52,52,0,0,0,0.02
warf-like-yin,48000,weak-fundamental,soft,57,A3,2048,512,42.67,10.67,0,-1,none,-,0,0,0,52,52,0,0,0,0.02
warf-like-yin,48000,full-fundamental,medium,58,A#3,2048,512,42.67,10.67,1,58,A#3,49.33,100,0,0,52,52,0,0,0,0.02
warf-like-yin,48000,full-fundamental,soft,58,A#3,2048,512,42.67,10.67,0,-1,none,-,0,0,0,52,52,0,0,0,0.02
warf-like-yin,48000,weak-fundamental,medium,58,A#3,2048,512,42.67,10.67,1,58,A#3,49.33,100,0,0,52,52,0,0,0,0.02
warf-like-yin,48000,weak-fundamental,soft,58,A#3,2048,512,42.67,10.67,0,-1,none,-,0,0,0,52,52,0,0,0,0.02
warf-like-yin,48000,full-fundamental,medium,59,B3,2048,512,42.67,10.67,1,59,B3,49.33,100,0,0,52,52,0,0,0,0.02
warf-like-yin,48000,full-fundamental,soft,59,B3,2048,512,42.67,10.67,0,-1,none,-,0,0,0,52,52,0,0,0,0.02
warf-like-yin,48000,weak-fundamental,medium,59,B3,2048,512,42.67,10.67,1,59,B3,49.33,100,0,0,52,52,0,0,0,0.02
warf-like-yin,48000,weak-fundamental,soft,59,B3,2048,512,42.67,10.67,0,-1,none,-,0,0,0,52,52,0,0,0,0.02
warf-like-yin,48000,full-fundamental,medium,60,C4,2048,512,42.67,10.67,1,60,C4,49.33,100,0,0,52,52,0,0,0,0.01
warf-like-yin,48000,full-fundamental,soft,60,C4,2048,512,42.67,10.67,0,-1,none,-,0,0,0,52,52,0,0,0,0.02
warf-like-yin,48000,weak-fundamental,medium,60,C4,2048,512,42.67,10.67,1,60,C4,49.33,100,0,0,52,52,0,0,0,0.01
warf-like-yin,48000,weak-fundamental,soft,60,C4,2048,512,42.67,10.67,0,-1,none,-,0,0,0,52,52,0,0,0,0.01
warf-like-yin,48000,full-fundamental,medium,61,C#4,2048,512,42.67,10.67,1,61,C#4,49.33,100,0,0,52,52,0,0,0,0.03
warf-like-yin,48000,full-fundamental,soft,61,C#4,2048,512,42.67,10.67,0,-1,none,-,0,0,0,52,52,0,0,0,0.04
warf-like-yin,48000,weak-fundamental,medium,61,C#4,2048,512,42.67,10.67,1,61,C#4,49.33,100,0,0,52,52,0,0,0,0.04
warf-like-yin,48000,weak-fundamental,soft,61,C#4,2048,512,42.67,10.67,0,-1,none,-,0,0,0,52,52,0,0,0,0.04
warf-like-yin,48000,full-fundamental,medium,62,D4,2048,512,42.67,10.67,1,62,D4,49.33,100,0,0,52,52,0,0,0,0.02
warf-like-yin,48000,full-fundamental,soft,62,D4,2048,512,42.67,10.67,0,-1,none,-,0,0,0,52,52,0,0,0,0.02
warf-like-yin,48000,weak-fundamental,medium,62,D4,2048,512,42.67,10.67,1,62,D4,49.33,100,0,0,52,52,0,0,0,0.02
warf-like-yin,48000,weak-fundamental,soft,62,D4,2048,512,42.67,10.67,0,-1,none,-,0,0,0,52,52,0,0,0,0.02
warf-like-yin,48000,full-fundamental,medium,63,D#4,2048,512,42.67,10.67,1,63,D#4,49.33,100,0,0,52,52,0,0,0,0.04
warf-like-yin,48000,full-fundamental,soft,63,D#4,2048,512,42.67,10.67,0,-1,none,-,0,0,0,52,52,0,0,0,0.04
warf-like-yin,48000,weak-fundamental,medium,63,D#4,2048,512,42.67,10.67,1,63,D#4,49.33,100,0,0,52,52,0,0,0,0.04
warf-like-yin,48000,weak-fundamental,soft,63,D#4,2048,512,42.67,10.67,0,-1,none,-,0,0,0,52,52,0,0,0,0.04
warf-like-yin,48000,full-fundamental,medium,64,E4,2048,512,42.67,10.67,1,64,E4,49.33,100,0,0,52,52,0,0,0,0.01
warf-like-yin,48000,full-fundamental,soft,64,E4,2048,512,42.67,10.67,0,-1,none,-,0,0,0,52,52,0,0,0,0.01
warf-like-yin,48000,weak-fundamental,medium,64,E4,2048,512,42.67,10.67,1,64,E4,49.33,100,0,0,52,52,0,0,0,0.01
warf-like-yin,48000,weak-fundamental,soft,64,E4,2048,512,42.67,10.67,0,-1,none,-,0,0,0,52,52,0,0,0,0.01
warf-like-yin,48000,full-fundamental,medium,65,F4,2048,512,42.67,10.67,1,65,F4,49.33,100,0,0,52,52,0,0,0,0.03
warf-like-yin,48000,full-fundamental,soft,65,F4,2048,512,42.67,10.67,0,-1,none,-,0,0,0,52,52,0,0,0,0.03
warf-like-yin,48000,weak-fundamental,medium,65,F4,2048,512,42.67,10.67,1,65,F4,49.33,100,0,0,52,52,0,0,0,0.03
warf-like-yin,48000,weak-fundamental,soft,65,F4,2048,512,42.67,10.67,0,-1,none,-,0,0,0,52,52,0,0,0,0.03
warf-like-yin,48000,full-fundamental,medium,66,F#4,2048,512,42.67,10.67,1,66,F#4,49.33,100,0,0,52,52,0,0,0,0.02
warf-like-yin,48000,full-fundamental,soft,66,F#4,2048,512,42.67,10.67,0,-1,none,-,0,0,0,52,52,0,0,0,0.01
warf-like-yin,48000,weak-fundamental,medium,66,F#4,2048,512,42.67,10.67,1,66,F#4,49.33,100,0,0,52,52,0,0,0,0.01
warf-like-yin,48000,weak-fundamental,soft,66,F#4,2048,512,42.67,10.67,0,-1,none,-,0,0,0,52,52,0,0,0,0.01
warf-like-yin,48000,full-fundamental,medium,67,G4,2048,512,42.67,10.67,1,67,G4,49.33,100,0,0,52,52,0,0,0,0.03
warf-like-yin,48000,full-fundamental,soft,67,G4,2048,512,42.67,10.67,0,-1,none,-,0,0,0,52,52,0,0,0,0.04
warf-like-yin,48000,weak-fundamental,medium,67,G4,2048,512,42.67,10.67,1,67,G4,49.33,100,0,0,52,52,0,0,0,0.04
warf-like-yin,48000,weak-fundamental,soft,67,G4,2048,512,42.67,10.67,0,-1,none,-,0,0,0,52,52,0,0,0,0.04
full-range-yin,48000,full-fundamental,medium,28,E1,2528,120,52.67,2.50,1,28,E1,45.17,100,0,0,219,219,0,0,0,0.07
full-range-yin,48000,full-fundamental,soft,28,E1,2528,120,52.67,2.50,0,-1,none,-,0,0,0,219,219,0,0,0,0.08
full-range-yin,48000,weak-fundamental,medium,28,E1,2528,120,52.67,2.50,1,28,E1,50.17,100,0,0,219,219,0,0,0,0.04
full-range-yin,48000,weak-fundamental,soft,28,E1,2528,120,52.67,2.50,0,-1,none,-,0,0,0,219,219,0,0,0,0.05
full-range-yin,48000,full-fundamental,medium,29,F1,2528,120,52.67,2.50,1,29,F1,45.17,100,0,0,219,219,0,0,0,0.09
full-range-yin,48000,full-fundamental,soft,29,F1,2528,120,52.67,2.50,0,-1,none,-,0,0,0,219,219,0,0,0,0.08
full-range-yin,48000,weak-fundamental,medium,29,F1,2528,120,52.67,2.50,1,29,F1,50.17,100,0,0,219,219,0,0,0,0.04
full-range-yin,48000,weak-fundamental,soft,29,F1,2528,120,52.67,2.50,0,-1,none,-,0,0,0,219,219,0,0,0,0.04
full-range-yin,48000,full-fundamental,medium,30,F#1,2528,120,52.67,2.50,1,30,F#1,47.67,100,0,0,219,219,0,0,0,0.07
full-range-yin,48000,full-fundamental,soft,30,F#1,2528,120,52.67,2.50,0,-1,none,-,0,0,0,219,219,0,0,0,0.07
full-range-yin,48000,weak-fundamental,medium,30,F#1,2528,120,52.67,2.50,1,30,F#1,50.17,100,0,0,219,219,0,0,0,0.03
full-range-yin,48000,weak-fundamental,soft,30,F#1,2528,120,52.67,2.50,0,-1,none,-,0,0,0,219,219,0,0,0,0.03
full-range-yin,48000,full-fundamental,medium,31,G1,2528,120,52.67,2.50,1,31,G1,47.67,100,0,0,219,219,0,0,0,0.03
full-range-yin,48000,full-fundamental,soft,31,G1,2528,120,52.67,2.50,0,-1,none,-,0,0,0,219,219,0,0,0,0.04
full-range-yin,48000,weak-fundamental,medium,31,G1,2528,120,52.67,2.50,1,31,G1,47.67,100,0,0,219,219,0,0,0,0.04
full-range-yin,48000,weak-fundamental,soft,31,G1,2528,120,52.67,2.50,0,-1,none,-,0,0,0,219,219,0,0,0,0.04
full-range-yin,48000,full-fundamental,medium,32,G#1,2528,120,52.67,2.50,1,32,G#1,55.17,100,0,0,219,219,0,0,0,0.05
full-range-yin,48000,full-fundamental,soft,32,G#1,2528,120,52.67,2.50,0,-1,none,-,0,0,0,219,219,0,0,0,0.05
full-range-yin,48000,weak-fundamental,medium,32,G#1,2528,120,52.67,2.50,1,32,G#1,50.17,100,0,0,219,219,0,0,0,0.02
full-range-yin,48000,weak-fundamental,soft,32,G#1,2528,120,52.67,2.50,0,-1,none,-,0,0,0,219,219,0,0,0,0.03
full-range-yin,48000,full-fundamental,medium,33,A1,2528,120,52.67,2.50,1,33,A1,50.17,100,0,0,219,219,0,0,0,0.05
full-range-yin,48000,full-fundamental,soft,33,A1,2528,120,52.67,2.50,0,-1,none,-,0,0,0,219,219,0,0,0,0.06
full-range-yin,48000,weak-fundamental,medium,33,A1,2528,120,52.67,2.50,1,33,A1,45.17,100,0,0,219,219,0,0,0,0.02
full-range-yin,48000,weak-fundamental,soft,33,A1,2528,120,52.67,2.50,0,-1,none,-,0,0,0,219,219,0,0,0,0.03
full-range-yin,48000,full-fundamental,medium,34,A#1,2528,120,52.67,2.50,1,34,A#1,55.17,100,0,0,219,219,0,0,0,0.05
full-range-yin,48000,full-fundamental,soft,34,A#1,2528,120,52.67,2.50,0,-1,none,-,0,0,0,219,219,0,0,0,0.05
full-range-yin,48000,weak-fundamental,medium,34,A#1,2528,120,52.67,2.50,1,34,A#1,50.17,100,0,0,219,219,0,0,0,0.02
full-range-yin,48000,weak-fundamental,soft,34,A#1,2528,120,52.67,2.50,0,-1,none,-,0,0,0,219,219,0,0,0,0.03
full-range-yin,48000,full-fundamental,medium,35,B1,2528,120,52.67,2.50,1,35,B1,50.17,100,0,0,219,219,0,0,0,0.03
full-range-yin,48000,full-fundamental,soft,35,B1,2528,120,52.67,2.50,0,-1,none,-,0,0,0,219,219,0,0,0,0.03
full-range-yin,48000,weak-fundamental,medium,35,B1,2528,120,52.67,2.50,1,35,B1,47.67,100,0,0,219,219,0,0,0,0.01
full-range-yin,48000,weak-fundamental,soft,35,B1,2528,120,52.67,2.50,0,-1,none,-,0,0,0,219,219,0,0,0,0.02
full-range-yin,48000,full-fundamental,medium,36,C2,2528,120,52.67,2.50,1,36,C2,52.67,100,0,0,219,219,0,0,0,0.03
full-range-yin,48000,full-fundamental,soft,36,C2,2528,120,52.67,2.50,0,-1,none,-,0,0,0,219,219,0,0,0,0.04
full-range-yin,48000,weak-fundamental,medium,36,C2,2528,120,52.67,2.50,1,36,C2,50.17,100,0,0,219,219,0,0,0,0.01
full-range-yin,48000,weak-fundamental,soft,36,C2,2528,120,52.67,2.50,0,-1,none,-,0,0,0,219,219,0,0,0,0.02
full-range-yin,48000,full-fundamental,medium,37,C#2,2528,120,52.67,2.50,1,37,C#2,50.17,100,0,0,219,219,0,0,0,0.05
full-range-yin,48000,full-fundamental,soft,37,C#2,2528,120,52.67,2.50,0,-1,none,-,0,0,0,219,219,0,0,0,0.05
full-range-yin,48000,weak-fundamental,medium,37,C#2,2528,120,52.67,2.50,1,37,C#2,50.17,100,0,0,219,219,0,0,0,0.01
full-range-yin,48000,weak-fundamental,soft,37,C#2,2528,120,52.67,2.50,0,-1,none,-,0,0,0,219,219,0,0,0,0.02
full-range-yin,48000,full-fundamental,medium,38,D2,2528,120,52.67,2.50,1,38,D2,52.67,100,0,0,219,219,0,0,0,0.02
full-range-yin,48000,full-fundamental,soft,38,D2,2528,120,52.67,2.50,0,-1,none,-,0,0,0,219,219,0,0,0,0.03
full-range-yin,48000,weak-fundamental,medium,38,D2,2528,120,52.67,2.50,1,38,D2,52.67,100,0,0,219,219,0,0,0,0.01
full-range-yin,48000,weak-fundamental,soft,38,D2,2528,120,52.67,2.50,0,-1,none,-,0,0,0,219,219,0,0,0,0.02
full-range-yin,48000,full-fundamental,medium,39,D#2,2528,120,52.67,2.50,1,39,D#2,50.17,100,0,0,219,219,0,0,0,0.01
full-range-yin,48000,full-fundamental,soft,39,D#2,2528,120,52.67,2.50,0,-1,none,-,0,0,0,219,219,0,0,0,0.02
full-range-yin,48000,weak-fundamental,medium,39,D#2,2528,120,52.67,2.50,1,39,D#2,50.17,100,0,0,219,219,0,0,0,0.01
full-range-yin,48000,weak-fundamental,soft,39,D#2,2528,120,52.67,2.50,0,-1,none,-,0,0,0,219,219,0,0,0,0.02
full-range-yin,48000,full-fundamental,medium,40,E2,2528,120,52.67,2.50,1,40,E2,52.67,100,0,0,219,219,0,0,0,0.03
full-range-yin,48000,full-fundamental,soft,40,E2,2528,120,52.67,2.50,0,-1,none,-,0,0,0,219,219,0,0,0,0.03
full-range-yin,48000,weak-fundamental,medium,40,E2,2528,120,52.67,2.50,1,40,E2,50.17,100,0,0,219,219,0,0,0,0.01
full-range-yin,48000,weak-fundamental,soft,40,E2,2528,120,52.67,2.50,0,-1,none,-,0,0,0,219,219,0,0,0,0.01
full-range-yin,48000,full-fundamental,medium,41,F2,2528,120,52.67,2.50,1,41,F2,52.67,100,0,0,219,219,0,0,0,0.02
full-range-yin,48000,full-fundamental,soft,41,F2,2528,120,52.67,2.50,0,-1,none,-,0,0,0,219,219,0,0,0,0.02
full-range-yin,48000,weak-fundamental,medium,41,F2,2528,120,52.67,2.50,1,41,F2,50.17,100,0,0,219,219,0,0,0,0.01
full-range-yin,48000,weak-fundamental,soft,41,F2,2528,120,52.67,2.50,0,-1,none,-,0,0,0,219,219,0,0,0,0.02
full-range-yin,48000,full-fundamental,medium,42,F#2,2528,120,52.67,2.50,1,42,F#2,52.67,100,0,0,219,219,0,0,0,0.02
full-range-yin,48000,full-fundamental,soft,42,F#2,2528,120,52.67,2.50,0,-1,none,-,0,0,0,219,219,0,0,0,0.02
full-range-yin,48000,weak-fundamental,medium,42,F#2,2528,120,52.67,2.50,1,42,F#2,50.17,100,0,0,219,219,0,0,0,0.01
full-range-yin,48000,weak-fundamental,soft,42,F#2,2528,120,52.67,2.50,0,-1,none,-,0,0,0,219,219,0,0,0,0.02
full-range-yin,48000,full-fundamental,medium,43,G2,2528,120,52.67,2.50,1,43,G2,50.17,100,0,0,219,219,0,0,0,0.01
full-range-yin,48000,full-fundamental,soft,43,G2,2528,120,52.67,2.50,0,-1,none,-,0,0,0,219,219,0,0,0,0.02
full-range-yin,48000,weak-fundamental,medium,43,G2,2528,120,52.67,2.50,1,43,G2,50.17,100,0,0,219,219,0,0,0,0.01
full-range-yin,48000,weak-fundamental,soft,43,G2,2528,120,52.67,2.50,0,-1,none,-,0,0,0,219,219,0,0,0,0.01
full-range-yin,48000,full-fundamental,medium,44,G#2,2528,120,52.67,2.50,1,44,G#2,50.17,100,0,0,219,219,0,0,0,0.01
full-range-yin,48000,full-fundamental,soft,44,G#2,2528,120,52.67,2.50,0,-1,none,-,0,0,0,219,219,0,0,0,0.02
full-range-yin,48000,weak-fundamental,medium,44,G#2,2528,120,52.67,2.50,1,44,G#2,50.17,100,0,0,219,219,0,0,0,0.01
full-range-yin,48000,weak-fundamental,soft,44,G#2,2528,120,52.67,2.50,0,-1,none,-,0,0,0,219,219,0,0,0,0.01
full-range-yin,48000,full-fundamental,medium,45,A2,2528,120,52.67,2.50,1,45,A2,50.17,100,0,0,219,219,0,0,0,0.01
full-range-yin,48000,full-fundamental,soft,45,A2,2528,120,52.67,2.50,0,-1,none,-,0,0,0,219,219,0,0,0,0.02
full-range-yin,48000,weak-fundamental,medium,45,A2,2528,120,52.67,2.50,1,45,A2,50.17,100,0,0,219,219,0,0,0,0.01
full-range-yin,48000,weak-fundamental,soft,45,A2,2528,120,52.67,2.50,0,-1,none,-,0,0,0,219,219,0,0,0,0.01
full-range-yin,48000,full-fundamental,medium,46,A#2,2528,120,52.67,2.50,1,46,A#2,50.17,100,0,0,219,219,0,0,0,0.01
full-range-yin,48000,full-fundamental,soft,46,A#2,2528,120,52.67,2.50,0,-1,none,-,0,0,0,219,219,0,0,0,0.02
full-range-yin,48000,weak-fundamental,medium,46,A#2,2528,120,52.67,2.50,1,46,A#2,50.17,100,0,0,219,219,0,0,0,0.01
full-range-yin,48000,weak-fundamental,soft,46,A#2,2528,120,52.67,2.50,0,-1,none,-,0,0,0,219,219,0,0,0,0.01
full-range-yin,48000,full-fundamental,medium,47,B2,2528,120,52.67,2.50,1,47,B2,52.67,100,0,0,219,219,0,0,0,0.01
full-range-yin,48000,full-fundamental,soft,47,B2,2528,120,52.67,2.50,0,-1,none,-,0,0,0,219,219,0,0,0,0.02
full-range-yin,48000,weak-fundamental,medium,47,B2,2528,120,52.67,2.50,1,47,B2,52.67,100,0,0,219,219,0,0,0,0.01
full-range-yin,48000,weak-fundamental,soft,47,B2,2528,120,52.67,2.50,0,-1,none,-,0,0,0,219,219,0,0,0,0.01
full-range-yin,48000,full-fundamental,medium,48,C3,2528,120,52.67,2.50,1,48,C3,50.17,100,0,0,219,219,0,0,0,0.01
full-range-yin,48000,full-fundamental,soft,48,C3,2528,120,52.67,2.50,0,-1,none,-,0,0,0,219,219,0,0,0,0.01
full-range-yin,48000,weak-fundamental,medium,48,C3,2528,120,52.67,2.50,1,48,C3,50.17,100,0,0,219,219,0,0,0,0.01
full-range-yin,48000,weak-fundamental,soft,48,C3,2528,120,52.67,2.50,0,-1,none,-,0,0,0,219,219,0,0,0,0.01
full-range-yin,48000,full-fundamental,medium,49,C#3,2528,120,52.67,2.50,1,49,C#3,50.17,100,0,0,219,219,0,0,0,0.01
full-range-yin,48000,full-fundamental,soft,49,C#3,2528,120,52.67,2.50,0,-1,none,-,0,0,0,219,219,0,0,0,0.01
full-range-yin,48000,weak-fundamental,medium,49,C#3,2528,120,52.67,2.50,1,49,C#3,50.17,100,0,0,219,219,0,0,0,0.01
full-range-yin,48000,weak-fundamental,soft,49,C#3,2528,120,52.67,2.50,0,-1,none,-,0,0,0,219,219,0,0,0,0.01
full-range-yin,48000,full-fundamental,medium,50,D3,2528,120,52.67,2.50,1,50,D3,50.17,100,0,0,219,219,0,0,0,0.01
full-range-yin,48000,full-fundamental,soft,50,D3,2528,120,52.67,2.50,0,-1,none,-,0,0,0,219,219,0,0,0,0.01
full-range-yin,48000,weak-fundamental,medium,50,D3,2528,120,52.67,2.50,1,50,D3,50.17,100,0,0,219,219,0,0,0,0.01
full-range-yin,48000,weak-fundamental,soft,50,D3,2528,120,52.67,2.50,0,-1,none,-,0,0,0,219,219,0,0,0,0.01
full-range-yin,48000,full-fundamental,medium,51,D#3,2528,120,52.67,2.50,1,51,D#3,50.17,100,0,0,219,219,0,0,0,0.01
full-range-yin,48000,full-fundamental,soft,51,D#3,2528,120,52.67,2.50,0,-1,none,-,0,0,0,219,219,0,0,0,0.01
full-range-yin,48000,weak-fundamental,medium,51,D#3,2528,120,52.67,2.50,1,51,D#3,50.17,100,0,0,219,219,0,0,0,0.00
full-range-yin,48000,weak-fundamental,soft,51,D#3,2528,120,52.67,2.50,0,-1,none,-,0,0,0,219,219,0,0,0,0.01
full-range-yin,48000,full-fundamental,medium,52,E3,2528,120,52.67,2.50,1,52,E3,50.17,100,0,0,219,219,0,0,0,0.01
full-range-yin,48000,full-fundamental,soft,52,E3,2528,120,52.67,2.50,0,-1,none,-,0,0,0,219,219,0,0,0,0.01
full-range-yin,48000,weak-fundamental,medium,52,E3,2528,120,52.67,2.50,1,52,E3,50.17,100,0,0,219,219,0,0,0,0.01
full-range-yin,48000,weak-fundamental,soft,52,E3,2528,120,52.67,2.50,0,-1,none,-,0,0,0,219,219,0,0,0,0.01
full-range-yin,48000,full-fundamental,medium,53,F3,2528,120,52.67,2.50,1,53,F3,47.67,100,0,0,219,219,0,0,0,0.01
full-range-yin,48000,full-fundamental,soft,53,F3,2528,120,52.67,2.50,0,-1,none,-,0,0,0,219,219,0,0,0,0.01
full-range-yin,48000,weak-fundamental,medium,53,F3,2528,120,52.67,2.50,1,53,F3,47.67,100,0,0,219,219,0,0,0,0.01
full-range-yin,48000,weak-fundamental,soft,53,F3,2528,120,52.67,2.50,0,-1,none,-,0,0,0,219,219,0,0,0,0.01
full-range-yin,48000,full-fundamental,medium,54,F#3,2528,120,52.67,2.50,1,54,F#3,47.67,100,0,0,219,219,0,0,0,0.01
full-range-yin,48000,full-fundamental,soft,54,F#3,2528,120,52.67,2.50,0,-1,none,-,0,0,0,219,219,0,0,0,0.01
full-range-yin,48000,weak-fundamental,medium,54,F#3,2528,120,52.67,2.50,1,54,F#3,47.67,100,0,0,219,219,0,0,0,0.01
full-range-yin,48000,weak-fundamental,soft,54,F#3,2528,120,52.67,2.50,0,-1,none,-,0,0,0,219,219,0,0,0,0.01
full-range-yin,48000,full-fundamental,medium,55,G3,2528,120,52.67,2.50,1,55,G3,47.67,100,0,0,219,219,0,0,0,0.01
full-range-yin,48000,full-fundamental,soft,55,G3,2528,120,52.67,2.50,0,-1,none,-,0,0,0,219,219,0,0,0,0.01
full-range-yin,48000,weak-fundamental,medium,55,G3,2528,120,52.67,2.50,1,55,G3,47.67,100,0,0,219,219,0,0,0,0.01
full-range-yin,48000,weak-fundamental,soft,55,G3,2528,120,52.67,2.50,0,-1,none,-,0,0,0,219,219,0,0,0,0.01
full-range-yin,48000,full-fundamental,medium,56,G#3,2528,120,52.67,2.50,1,56,G#3,45.17,100,0,0,219,219,0,0,0,0.02
full-range-yin,48000,full-fundamental,soft,56,G#3,2528,120,52.67,2.50,0,-1,none,-,0,0,0,219,219,0,0,0,0.02
full-range-yin,48000,weak-fundamental,medium,56,G#3,2528,120,52.67,2.50,1,56,G#3,45.17,100,0,0,219,219,0,0,0,0.02
full-range-yin,48000,weak-fundamental,soft,56,G#3,2528,120,52.67,2.50,0,-1,none,-,0,0,0,219,219,0,0,0,0.02
full-range-yin,48000,full-fundamental,medium,57,A3,2528,120,52.67,2.50,1,57,A3,45.17,100,0,0,219,219,0,0,0,0.02
full-range-yin,48000,full-fundamental,soft,57,A3,2528,120,52.67,2.50,0,-1,none,-,0,0,0,219,219,0,0,0,0.02
full-range-yin,48000,weak-fundamental,medium,57,A3,2528,120,52.67,2.50,1,57,A3,45.17,100,0,0,219,219,0,0,0,0.02
full-range-yin,48000,weak-fundamental,soft,57,A3,2528,120,52.67,2.50,0,-1,none,-,0,0,0,219,219,0,0,0,0.02
full-range-yin,48000,full-fundamental,medium,58,A#3,2528,120,52.67,2.50,1,58,A#3,42.67,100,0,0,219,219,0,0,0,0.02
full-range-yin,48000,full-fundamental,soft,58,A#3,2528,120,52.67,2.50,0,-1,none,-,0,0,0,219,219,0,0,0,0.02
full-range-yin,48000,weak-fundamental,medium,58,A#3,2528,120,52.67,2.50,1,58,A#3,42.67,100,0,0,219,219,0,0,0,0.02
full-range-yin,48000,weak-fundamental,soft,58,A#3,2528,120,52.67,2.50,0,-1,none,-,0,0,0,219,219,0,0,0,0.02
full-range-yin,48000,full-fundamental,medium,59,B3,2528,120,52.67,2.50,1,59,B3,42.67,100,0,0,219,219,0,0,0,0.02
full-range-yin,48000,full-fundamental,soft,59,B3,2528,120,52.67,2.50,0,-1,none,-,0,0,0,219,219,0,0,0,0.02
full-range-yin,48000,weak-fundamental,medium,59,B3,2528,120,52.67,2.50,1,59,B3,42.67,100,0,0,219,219,0,0,0,0.02
full-range-yin,48000,weak-fundamental,soft,59,B3,2528,120,52.67,2.50,0,-1,none,-,0,0,0,219,219,0,0,0,0.02
full-range-yin,48000,full-fundamental,medium,60,C4,2528,120,52.67,2.50,1,60,C4,42.67,100,0,0,219,219,0,0,0,0.01
full-range-yin,48000,full-fundamental,soft,60,C4,2528,120,52.67,2.50,0,-1,none,-,0,0,0,219,219,0,0,0,0.01
full-range-yin,48000,weak-fundamental,medium,60,C4,2528,120,52.67,2.50,1,60,C4,42.67,100,0,0,219,219,0,0,0,0.01
full-range-yin,48000,weak-fundamental,soft,60,C4,2528,120,52.67,2.50,0,-1,none,-,0,0,0,219,219,0,0,0,0.01
full-range-yin,48000,full-fundamental,medium,61,C#4,2528,120,52.67,2.50,1,61,C#4,42.67,100,0,0,219,219,0,0,0,0.03
full-range-yin,48000,full-fundamental,soft,61,C#4,2528,120,52.67,2.50,0,-1,none,-,0,0,0,219,219,0,0,0,0.04
full-range-yin,48000,weak-fundamental,medium,61,C#4,2528,120,52.67,2.50,1,61,C#4,42.67,100,0,0,219,219,0,0,0,0.04
full-range-yin,48000,weak-fundamental,soft,61,C#4,2528,120,52.67,2.50,0,-1,none,-,0,0,0,219,219,0,0,0,0.04
full-range-yin,48000,full-fundamental,medium,62,D4,2528,120,52.67,2.50,1,62,D4,40.17,100,0,0,219,219,0,0,0,0.02
full-range-yin,48000,full-fundamental,soft,62,D4,2528,120,52.67,2.50,0,-1,none,-,0,0,0,219,219,0,0,0,0.02
full-range-yin,48000,weak-fundamental,medium,62,D4,2528,120,52.67,2.50,1,62,D4,40.17,100,0,0,219,219,0,0,0,0.02
full-range-yin,48000,weak-fundamental,soft,62,D4,2528,120,52.67,2.50,0,-1,none,-,0,0,0,219,219,0,0,0,0.02
full-range-yin,48000,full-fundamental,medium,63,D#4,2528,120,52.67,2.50,1,63,D#4,40.17,100,0,0,219,219,0,0,0,0.04
full-range-yin,48000,full-fundamental,soft,63,D#4,2528,120,52.67,2.50,0,-1,none,-,0,0,0,219,219,0,0,0,0.04
full-range-yin,48000,weak-fundamental,medium,63,D#4,2528,120,52.67,2.50,1,63,D#4,40.17,100,0,0,219,219,0,0,0,0.04
full-range-yin,48000,weak-fundamental,soft,63,D#4,2528,120,52.67,2.50,0,-1,none,-,0,0,0,219,219,0,0,0,0.05
full-range-yin,48000,full-fundamental,medium,64,E4,2528,120,52.67,2.50,1,64,E4,37.67,100,0,0,219,219,0,0,0,0.01
full-range-yin,48000,full-fundamental,soft,64,E4,2528,120,52.67,2.50,0,-1,none,-,0,0,0,219,219,0,0,0,0.01
full-range-yin,48000,weak-fundamental,medium,64,E4,2528,120,52.67,2.50,1,64,E4,40.17,100,0,0,219,219,0,0,0,0.01
full-range-yin,48000,weak-fundamental,soft,64,E4,2528,120,52.67,2.50,0,-1,none,-,0,0,0,219,219,0,0,0,0.01
full-range-yin,48000,full-fundamental,medium,65,F4,2528,120,52.67,2.50,1,65,F4,37.67,100,0,0,219,219,0,0,0,0.03
full-range-yin,48000,full-fundamental,soft,65,F4,2528,120,52.67,2.50,0,-1,none,-,0,0,0,219,219,0,0,0,0.03
full-range-yin,48000,weak-fundamental,medium,65,F4,2528,120,52.67,2.50,1,65,F4,37.67,100,0,0,219,219,0,0,0,0.03
full-range-yin,48000,weak-fundamental,soft,65,F4,2528,120,52.67,2.50,0,-1,none,-,0,0,0,219,219,0,0,0,0.03
full-range-yin,48000,full-fundamental,medium,66,F#4,2528,120,52.67,2.50,1,66,F#4,37.67,100,0,0,219,219,0,0,0,0.02
full-range-yin,48000,full-fundamental,soft,66,F#4,2528,120,52.67,2.50,0,-1,none,-,0,0,0,219,219,0,0,0,0.01
full-range-yin,48000,weak-fundamental,medium,66,F#4,2528,120,52.67,2.50,1,66,F#4,37.67,100,0,0,219,219,0,0,0,0.01
full-range-yin,48000,weak-fundamental,soft,66,F#4,2528,120,52.67,2.50,0,-1,none,-,0,0,0,219,219,0,0,0,0.01
full-range-yin,48000,full-fundamental,medium,67,G4,2528,120,52.67,2.50,1,67,G4,37.67,100,0,0,219,219,0,0,0,0.04
full-range-yin,48000,full-fundamental,soft,67,G4,2528,120,52.67,2.50,0,-1,none,-,0,0,0,219,219,0,0,0,0.04
full-range-yin,48000,weak-fundamental,medium,67,G4,2528,120,52.67,2.50,1,67,G4,37.67,100,0,0,219,219,0,0,0,0.04
full-range-yin,48000,weak-fundamental,soft,67,G4,2528,120,52.67,2.50,0,-1,none,-,0,0,0,219,219,0,0,0,0.04
full-range-yin+nsm,48000,full-fundamental,medium,28,E1,2528,120,52.67,2.50,1,28,E1,45.17,98,0,0,219,219,0,0,0,0.07
full-range-yin+nsm,48000,full-fundamental,soft,28,E1,2528,120,52.67,2.50,1,28,E1,45.17,35,0,0,219,219,0,0,0,0.08
full-range-yin+nsm,48000,weak-fundamental,medium,28,E1,2528,120,52.67,2.50,1,28,E1,50.17,99,0,0,219,219,0,0,0,0.04
full-range-yin+nsm,48000,weak-fundamental,soft,28,E1,2528,120,52.67,2.50,1,28,E1,50.17,36,0,0,219,219,0,0,0,0.05
full-range-yin+nsm,48000,full-fundamental,medium,29,F1,2528,120,52.67,2.50,1,29,F1,45.17,99,0,0,219,219,0,0,0,0.09
full-range-yin+nsm,48000,full-fundamental,soft,29,F1,2528,120,52.67,2.50,1,29,F1,45.17,37,0,0,219,219,0,0,0,0.08
full-range-yin+nsm,48000,weak-fundamental,medium,29,F1,2528,120,52.67,2.50,1,29,F1,50.17,95,0,0,219,219,0,0,0,0.04
full-range-yin+nsm,48000,weak-fundamental,soft,29,F1,2528,120,52.67,2.50,1,29,F1,50.17,32,0,0,219,219,0,0,0,0.04
full-range-yin+nsm,48000,full-fundamental,medium,30,F#1,2528,120,52.67,2.50,1,30,F#1,47.67,96,0,0,219,219,0,0,0,0.07
full-range-yin+nsm,48000,full-fundamental,soft,30,F#1,2528,120,52.67,2.50,1,30,F#1,47.67,33,0,0,219,219,0,0,0,0.07
full-range-yin+nsm,48000,weak-fundamental,medium,30,F#1,2528,120,52.67,2.50,1,30,F#1,50.17,91,0,0,219,219,0,0,0,0.03
full-range-yin+nsm,48000,weak-fundamental,soft,30,F#1,2528,120,52.67,2.50,1,30,F#1,50.17,28,0,0,219,219,0,0,0,0.03
full-range-yin+nsm,48000,full-fundamental,medium,31,G1,2528,120,52.67,2.50,1,31,G1,47.67,100,0,0,219,219,0,0,0,0.03
full-range-yin+nsm,48000,full-fundamental,soft,31,G1,2528,120,52.67,2.50,1,31,G1,47.67,37,0,0,219,219,0,0,0,0.04
full-range-yin+nsm,48000,weak-fundamental,medium,31,G1,2528,120,52.67,2.50,1,31,G1,47.67,94,0,0,219,219,0,0,0,0.04
full-range-yin+nsm,48000,weak-fundamental,soft,31,G1,2528,120,52.67,2.50,1,31,G1,47.67,31,0,0,219,219,0,0,0,0.04
full-range-yin+nsm,48000,full-fundamental,medium,32,G#1,2528,120,52.67,2.50,1,32,G#1,55.17,99,0,0,219,219,0,0,0,0.05
full-range-yin+nsm,48000,full-fundamental,soft,32,G#1,2528,120,52.67,2.50,1,32,G#1,55.17,36,0,0,219,219,0,0,0,0.05
full-range-yin+nsm,48000,weak-fundamental,medium,32,G#1,2528,120,52.67,2.50,1,32,G#1,50.17,91,0,0,219,219,0,0,0,0.02
full-range-yin+nsm,48000,weak-fundamental,soft,32,G#1,2528,120,52.67,2.50,1,32,G#1,50.17,28,0,0,219,219,0,0,0,0.03
full-range-yin+nsm,48000,full-fundamental,medium,33,A1,2528,120,52.67,2.50,1,33,A1,50.17,95,0,0,219,219,0,0,0,0.05
full-range-yin+nsm,48000,full-fundamental,soft,33,A1,2528,120,52.67,2.50,1,33,A1,50.17,32,0,0,219,219,0,0,0,0.06
full-range-yin+nsm,48000,weak-fundamental,medium,33,A1,2528,120,52.67,2.50,1,33,A1,45.17,95,0,0,219,219,0,0,0,0.02
full-range-yin+nsm,48000,weak-fundamental,soft,33,A1,2528,120,52.67,2.50,1,33,A1,45.17,32,0,0,219,219,0,0,0,0.03
full-range-yin+nsm,48000,full-fundamental,medium,34,A#1,2528,120,52.67,2.50,1,34,A#1,55.17,99,0,0,219,219,0,0,0,0.05
full-range-yin+nsm,48000,full-fundamental,soft,34,A#1,2528,120,52.67,2.50,1,34,A#1,55.17,36,0,0,219,219,0,0,0,0.05
full-range-yin+nsm,48000,weak-fundamental,medium,34,A#1,2528,120,52.67,2.50,1,34,A#1,50.17,93,0,0,219,219,0,0,0,0.02
full-range-yin+nsm,48000,weak-fundamental,soft,34,A#1,2528,120,52.67,2.50,1,34,A#1,50.17,30,0,0,219,219,0,0,0,0.03
full-range-yin+nsm,48000,full-fundamental,medium,35,B1,2528,120,52.67,2.50,1,35,B1,50.17,92,0,0,219,219,0,0,0,0.03
full-range-yin+nsm,48000,full-fundamental,soft,35,B1,2528,120,52.67,2.50,1,35,B1,50.17,29,0,0,219,219,0,0,0,0.03
full-range-yin+nsm,48000,weak-fundamental,medium,35,B1,2528,120,52.67,2.50,1,35,B1,47.67,101,0,0,219,219,0,0,0,0.01
full-range-yin+nsm,48000,weak-fundamental,soft,35,B1,2528,120,52.67,2.50,1,35,B1,47.67,38,0,0,219,219,0,0,0,0.02
full-range-yin+nsm,48000,full-fundamental,medium,36,C2,2528,120,52.67,2.50,1,36,C2,52.67,91,0,0,219,219,0,0,0,0.03
full-range-yin+nsm,48000,full-fundamental,soft,36,C2,2528,120,52.67,2.50,1,36,C2,52.67,28,0,0,219,219,0,0,0,0.04
full-range-yin+nsm,48000,weak-fundamental,medium,36,C2,2528,120,52.67,2.50,1,36,C2,50.17,98,0,0,219,219,0,0,0,0.01
full-range-yin+nsm,48000,weak-fundamental,soft,36,C2,2528,120,52.67,2.50,1,36,C2,50.17,37,0,0,219,219,0,0,0,0.02
full-range-yin+nsm,48000,full-fundamental,medium,37,C#2,2528,120,52.67,2.50,1,37,C#2,50.17,94,0,0,219,219,0,0,0,0.05
full-range-yin+nsm,48000,full-fundamental,soft,37,C#2,2528,120,52.67,2.50,1,37,C#2,50.17,31,0,0,219,219,0,0,0,0.05
full-range-yin+nsm,48000,weak-fundamental,medium,37,C#2,2528,120,52.67,2.50,1,37,C#2,50.17,91,0,0,219,219,0,0,0,0.01
full-range-yin+nsm,48000,weak-fundamental,soft,37,C#2,2528,120,52.67,2.50,1,37,C#2,50.17,28,0,0,219,219,0,0,0,0.02
full-range-yin+nsm,48000,full-fundamental,medium,38,D2,2528,120,52.67,2.50,1,38,D2,52.67,93,0,0,219,219,0,0,0,0.02
full-range-yin+nsm,48000,full-fundamental,soft,38,D2,2528,120,52.67,2.50,1,38,D2,52.67,30,0,0,219,219,0,0,0,0.03
full-range-yin+nsm,48000,weak-fundamental,medium,38,D2,2528,120,52.67,2.50,1,38,D2,52.67,95,0,0,219,219,0,0,0,0.01
full-range-yin+nsm,48000,weak-fundamental,soft,38,D2,2528,120,52.67,2.50,1,38,D2,52.67,33,0,0,219,219,0,0,0,0.02
full-range-yin+nsm,48000,full-fundamental,medium,39,D#2,2528,120,52.67,2.50,1,39,D#2,50.17,96,0,0,219,219,0,0,0,0.01
full-range-yin+nsm,48000,full-fundamental,soft,39,D#2,2528,120,52.67,2.50,1,39,D#2,50.17,34,0,0,219,219,0,0,0,0.02
full-range-yin+nsm,48000,weak-fundamental,medium,39,D#2,2528,120,52.67,2.50,1,39,D#2,50.17,95,0,0,219,219,0,0,0,0.01
full-range-yin+nsm,48000,weak-fundamental,soft,39,D#2,2528,120,52.67,2.50,1,39,D#2,50.17,32,0,0,219,219,0,0,0,0.02
full-range-yin+nsm,48000,full-fundamental,medium,40,E2,2528,120,52.67,2.50,1,40,E2,52.67,96,0,0,219,219,0,0,0,0.03
full-range-yin+nsm,48000,full-fundamental,soft,40,E2,2528,120,52.67,2.50,1,40,E2,52.67,33,0,0,219,219,0,0,0,0.03
full-range-yin+nsm,48000,weak-fundamental,medium,40,E2,2528,120,52.67,2.50,1,40,E2,50.17,93,0,0,219,219,0,0,0,0.01
full-range-yin+nsm,48000,weak-fundamental,soft,40,E2,2528,120,52.67,2.50,1,40,E2,50.17,30,0,0,219,219,0,0,0,0.01
full-range-yin+nsm,48000,full-fundamental,medium,41,F2,2528,120,52.67,2.50,1,41,F2,52.67,97,0,0,219,219,0,0,0,0.02
full-range-yin+nsm,48000,full-fundamental,soft,41,F2,2528,120,52.67,2.50,1,41,F2,52.67,35,0,0,219,219,0,0,0,0.02
full-range-yin+nsm,48000,weak-fundamental,medium,41,F2,2528,120,52.67,2.50,1,41,F2,50.17,93,0,0,219,219,0,0,0,0.01
full-range-yin+nsm,48000,weak-fundamental,soft,41,F2,2528,120,52.67,2.50,1,41,F2,50.17,30,0,0,219,219,0,0,0,0.02
full-range-yin+nsm,48000,full-fundamental,medium,42,F#2,2528,120,52.67,2.50,1,42,F#2,52.67,96,0,0,219,219,0,0,0,0.02
full-range-yin+nsm,48000,full-fundamental,soft,42,F#2,2528,120,52.67,2.50,1,42,F#2,52.67,33,0,0,219,219,0,0,0,0.02
full-range-yin+nsm,48000,weak-fundamental,medium,42,F#2,2528,120,52.67,2.50,1,42,F#2,50.17,88,0,0,219,219,0,0,0,0.01
full-range-yin+nsm,48000,weak-fundamental,soft,42,F#2,2528,120,52.67,2.50,1,42,F#2,50.17,26,0,0,219,219,0,0,0,0.02
full-range-yin+nsm,48000,full-fundamental,medium,43,G2,2528,120,52.67,2.50,1,43,G2,50.17,97,0,0,219,219,0,0,0,0.01
full-range-yin+nsm,48000,full-fundamental,soft,43,G2,2528,120,52.67,2.50,1,43,G2,50.17,34,0,0,219,219,0,0,0,0.02
full-range-yin+nsm,48000,weak-fundamental,medium,43,G2,2528,120,52.67,2.50,1,43,G2,50.17,94,0,0,219,219,0,0,0,0.01
full-range-yin+nsm,48000,weak-fundamental,soft,43,G2,2528,120,52.67,2.50,1,43,G2,50.17,31,0,0,219,219,0,0,0,0.01
full-range-yin+nsm,48000,full-fundamental,medium,44,G#2,2528,120,52.67,2.50,1,44,G#2,50.17,92,0,0,219,219,0,0,0,0.01
full-range-yin+nsm,48000,full-fundamental,soft,44,G#2,2528,120,52.67,2.50,1,44,G#2,50.17,29,0,0,219,219,0,0,0,0.02
full-range-yin+nsm,48000,weak-fundamental,medium,44,G#2,2528,120,52.67,2.50,1,44,G#2,50.17,96,0,0,219,219,0,0,0,0.01
full-range-yin+nsm,48000,weak-fundamental,soft,44,G#2,2528,120,52.67,2.50,1,44,G#2,50.17,33,0,0,219,219,0,0,0,0.01
full-range-yin+nsm,48000,full-fundamental,medium,45,A2,2528,120,52.67,2.50,1,45,A2,50.17,92,0,0,219,219,0,0,0,0.01
full-range-yin+nsm,48000,full-fundamental,soft,45,A2,2528,120,52.67,2.50,1,45,A2,50.17,29,0,0,219,219,0,0,0,0.02
full-range-yin+nsm,48000,weak-fundamental,medium,45,A2,2528,120,52.67,2.50,1,45,A2,50.17,94,0,0,219,219,0,0,0,0.01
full-range-yin+nsm,48000,weak-fundamental,soft,45,A2,2528,120,52.67,2.50,1,45,A2,50.17,31,0,0,219,219,0,0,0,0.01
full-range-yin+nsm,48000,full-fundamental,medium,46,A#2,2528,120,52.67,2.50,1,46,A#2,50.17,91,0,0,219,219,0,0,0,0.01
full-range-yin+nsm,48000,full-fundamental,soft,46,A#2,2528,120,52.67,2.50,1,46,A#2,50.17,28,0,0,219,219,0,0,0,0.02
full-range-yin+nsm,48000,weak-fundamental,medium,46,A#2,2528,120,52.67,2.50,1,46,A#2,50.17,92,0,0,219,219,0,0,0,0.01
full-range-yin+nsm,48000,weak-fundamental,soft,46,A#2,2528,120,52.67,2.50,1,46,A#2,50.17,30,0,0,219,219,0,0,0,0.01
full-range-yin+nsm,48000,full-fundamental,medium,47,B2,2528,120,52.67,2.50,1,47,B2,52.67,96,0,0,219,219,0,0,0,0.01
full-range-yin+nsm,48000,full-fundamental,soft,47,B2,2528,120,52.67,2.50,1,47,B2,52.67,33,0,0,219,219,0,0,0,0.02
full-range-yin+nsm,48000,weak-fundamental,medium,47,B2,2528,120,52.67,2.50,1,47,B2,52.67,99,0,0,219,219,0,0,0,0.01
full-range-yin+nsm,48000,weak-fundamental,soft,47,B2,2528,120,52.67,2.50,1,47,B2,52.67,36,0,0,219,219,0,0,0,0.01
full-range-yin+nsm,48000,full-fundamental,medium,48,C3,2528,120,52.67,2.50,1,48,C3,50.17,93,0,0,219,219,0,0,0,0.01
full-range-yin+nsm,48000,full-fundamental,soft,48,C3,2528,120,52.67,2.50,1,48,C3,50.17,31,0,0,219,219,0,0,0,0.01
full-range-yin+nsm,48000,weak-fundamental,medium,48,C3,2528,120,52.67,2.50,1,48,C3,50.17,92,0,0,219,219,0,0,0,0.01
full-range-yin+nsm,48000,weak-fundamental,soft,48,C3,2528,120,52.67,2.50,1,48,C3,50.17,29,0,0,219,219,0,0,0,0.01
full-range-yin+nsm,48000,full-fundamental,medium,49,C#3,2528,120,52.67,2.50,1,49,C#3,50.17,92,0,0,219,219,0,0,0,0.01
full-range-yin+nsm,48000,full-fundamental,soft,49,C#3,2528,120,52.67,2.50,1,49,C#3,50.17,29,0,0,219,219,0,0,0,0.01
full-range-yin+nsm,48000,weak-fundamental,medium,49,C#3,2528,120,52.67,2.50,1,49,C#3,50.17,93,0,0,219,219,0,0,0,0.01
full-range-yin+nsm,48000,weak-fundamental,soft,49,C#3,2528,120,52.67,2.50,1,49,C#3,50.17,30,0,0,219,219,0,0,0,0.01
full-range-yin+nsm,48000,full-fundamental,medium,50,D3,2528,120,52.67,2.50,1,50,D3,50.17,100,0,0,219,219,0,0,0,0.01
full-range-yin+nsm,48000,full-fundamental,soft,50,D3,2528,120,52.67,2.50,1,50,D3,50.17,37,0,0,219,219,0,0,0,0.01
full-range-yin+nsm,48000,weak-fundamental,medium,50,D3,2528,120,52.67,2.50,1,50,D3,50.17,98,0,0,219,219,0,0,0,0.01
full-range-yin+nsm,48000,weak-fundamental,soft,50,D3,2528,120,52.67,2.50,1,50,D3,50.17,35,0,0,219,219,0,0,0,0.01
full-range-yin+nsm,48000,full-fundamental,medium,51,D#3,2528,120,52.67,2.50,1,51,D#3,50.17,95,0,0,219,219,0,0,0,0.01
full-range-yin+nsm,48000,full-fundamental,soft,51,D#3,2528,120,52.67,2.50,1,51,D#3,50.17,32,0,0,219,219,0,0,0,0.01
full-range-yin+nsm,48000,weak-fundamental,medium,51,D#3,2528,120,52.67,2.50,1,51,D#3,50.17,90,0,0,219,219,0,0,0,0.00
full-range-yin+nsm,48000,weak-fundamental,soft,51,D#3,2528,120,52.67,2.50,1,51,D#3,50.17,27,0,0,219,219,0,0,0,0.01
full-range-yin+nsm,48000,full-fundamental,medium,52,E3,2528,120,52.67,2.50,1,52,E3,50.17,97,0,0,219,219,0,0,0,0.01
full-range-yin+nsm,48000,full-fundamental,soft,52,E3,2528,120,52.67,2.50,1,52,E3,50.17,34,0,0,219,219,0,0,0,0.01
full-range-yin+nsm,48000,weak-fundamental,medium,52,E3,2528,120,52.67,2.50,1,52,E3,50.17,96,0,0,219,219,0,0,0,0.01
full-range-yin+nsm,48000,weak-fundamental,soft,52,E3,2528,120,52.67,2.50,1,52,E3,50.17,33,0,0,219,219,0,0,0,0.01
full-range-yin+nsm,48000,full-fundamental,medium,53,F3,2528,120,52.67,2.50,1,53,F3,47.67,94,0,0,219,219,0,0,0,0.01
full-range-yin+nsm,48000,full-fundamental,soft,53,F3,2528,120,52.67,2.50,1,53,F3,47.67,31,0,0,219,219,0,0,0,0.01
full-range-yin+nsm,48000,weak-fundamental,medium,53,F3,2528,120,52.67,2.50,1,53,F3,47.67,90,0,0,219,219,0,0,0,0.01
full-range-yin+nsm,48000,weak-fundamental,soft,53,F3,2528,120,52.67,2.50,1,53,F3,47.67,27,0,0,219,219,0,0,0,0.01
full-range-yin+nsm,48000,full-fundamental,medium,54,F#3,2528,120,52.67,2.50,1,54,F#3,47.67,96,0,0,219,219,0,0,0,0.01
full-range-yin+nsm,48000,full-fundamental,soft,54,F#3,2528,120,52.67,2.50,1,54,F#3,47.67,33,0,0,219,219,0,0,0,0.01
full-range-yin+nsm,48000,weak-fundamental,medium,54,F#3,2528,120,52.67,2.50,1,54,F#3,47.67,93,0,0,219,219,0,0,0,0.01
full-range-yin+nsm,48000,weak-fundamental,soft,54,F#3,2528,120,52.67,2.50,1,54,F#3,47.67,30,0,0,219,219,0,0,0,0.01
full-range-yin+nsm,48000,full-fundamental,medium,55,G3,2528,120,52.67,2.50,1,55,G3,47.67,97,0,0,219,219,0,0,0,0.01
full-range-yin+nsm,48000,full-fundamental,soft,55,G3,2528,120,52.67,2.50,1,55,G3,47.67,34,0,0,219,219,0,0,0,0.01
full-range-yin+nsm,48000,weak-fundamental,medium,55,G3,2528,120,52.67,2.50,1,55,G3,47.67,89,0,0,219,219,0,0,0,0.01
full-range-yin+nsm,48000,weak-fundamental,soft,55,G3,2528,120,52.67,2.50,1,55,G3,47.67,26,0,0,219,219,0,0,0,0.01
full-range-yin+nsm,48000,full-fundamental,medium,56,G#3,2528,120,52.67,2.50,1,56,G#3,45.17,99,0,0,219,219,0,0,0,0.02
full-range-yin+nsm,48000,full-fundamental,soft,56,G#3,2528,120,52.67,2.50,1,56,G#3,45.17,36,0,0,219,219,0,0,0,0.02
full-range-yin+nsm,48000,weak-fundamental,medium,56,G#3,2528,120,52.67,2.50,1,56,G#3,45.17,91,0,0,219,219,0,0,0,0.02
full-range-yin+nsm,48000,weak-fundamental,soft,56,G#3,2528,120,52.67,2.50,1,56,G#3,45.17,29,0,0,219,219,0,0,0,0.02
full-range-yin+nsm,48000,full-fundamental,medium,57,A3,2528,120,52.67,2.50,1,57,A3,45.17,102,0,0,219,219,0,0,0,0.02
full-range-yin+nsm,48000,full-fundamental,soft,57,A3,2528,120,52.67,2.50,1,57,A3,45.17,39,0,0,219,219,0,0,0,0.02
full-range-yin+nsm,48000,weak-fundamental,medium,57,A3,2528,120,52.67,2.50,1,57,A3,45.17,96,0,0,219,219,0,0,0,0.02
full-range-yin+nsm,48000,weak-fundamental,soft,57,A3,2528,120,52.67,2.50,1,57,A3,45.17,33,0,0,219,219,0,0,0,0.02
full-range-yin+nsm,48000,full-fundamental,medium,58,A#3,2528,120,52.67,2.50,1,58,A#3,42.67,97,0,0,219,219,0,0,0,0.02
full-range-yin+nsm,48000,full-fundamental,soft,58,A#3,2528,120,52.67,2.50,1,58,A#3,42.67,34,0,0,219,219,0,0,0,0.02
full-range-yin+nsm,48000,weak-fundamental,medium,58,A#3,2528,120,52.67,2.50,1,58,A#3,42.67,94,0,0,219,219,0,0,0,0.02
full-range-yin+nsm,48000,weak-fundamental,soft,58,A#3,2528,120,52.67,2.50,1,58,A#3,42.67,31,0,0,219,219,0,0,0,0.02
full-range-yin+nsm,48000,full-fundamental,medium,59,B3,2528,120,52.67,2.50,1,59,B3,42.67,94,0,0,219,219,0,0,0,0.02
full-range-yin+nsm,48000,full-fundamental,soft,59,B3,2528,120,52.67,2.50,1,59,B3,42.67,32,0,0,219,219,0,0,0,0.02
full-range-yin+nsm,48000,weak-fundamental,medium,59,B3,2528,120,52.67,2.50,1,59,B3,42.67,93,0,0,219,219,0,0,0,0.02
full-range-yin+nsm,48000,weak-fundamental,soft,59,B3,2528,120,52.67,2.50,1,59,B3,42.67,30,0,0,219,219,0,0,0,0.02
full-range-yin+nsm,48000,full-fundamental,medium,60,C4,2528,120,52.67,2.50,1,60,C4,42.67,100,0,0,219,219,0,0,0,0.01
full-range-yin+nsm,48000,full-fundamental,soft,60,C4,2528,120,52.67,2.50,1,60,C4,42.67,37,0,0,219,219,0,0,0,0.01
full-range-yin+nsm,48000,weak-fundamental,medium,60,C4,2528,120,52.67,2.50,1,60,C4,42.67,97,0,0,219,219,0,0,0,0.01
full-range-yin+nsm,48000,weak-fundamental,soft,60,C4,2528,120,52.67,2.50,1,60,C4,42.67,34,0,0,219,219,0,0,0,0.01
full-range-yin+nsm,48000,full-fundamental,medium,61,C#4,2528,120,52.67,2.50,1,61,C#4,42.67,99,0,0,219,219,0,0,0,0.03
full-range-yin+nsm,48000,full-fundamental,soft,61,C#4,2528,120,52.67,2.50,1,61,C#4,42.67,36,0,0,219,219,0,0,0,0.04
full-range-yin+nsm,48000,weak-fundamental,medium,61,C#4,2528,120,52.67,2.50,1,61,C#4,42.67,92,0,0,219,219,0,0,0,0.04
full-range-yin+nsm,48000,weak-fundamental,soft,61,C#4,2528,120,52.67,2.50,1,61,C#4,42.67,29,0,0,219,219,0,0,0,0.04
full-range-yin+nsm,48000,full-fundamental,medium,62,D4,2528,120,52.67,2.50,1,62,D4,40.17,100,0,0,219,219,0,0,0,0.02
full-range-yin+nsm,48000,full-fundamental,soft,62,D4,2528,120,52.67,2.50,1,62,D4,40.17,37,0,0,219,219,0,0,0,0.02
full-range-yin+nsm,48000,weak-fundamental,medium,62,D4,2528,120,52.67,2.50,1,62,D4,40.17,97,0,0,219,219,0,0,0,0.02
full-range-yin+nsm,48000,weak-fundamental,soft,62,D4,2528,120,52.67,2.50,1,62,D4,40.17,34,0,0,219,219,0,0,0,0.02
full-range-yin+nsm,48000,full-fundamental,medium,63,D#4,2528,120,52.67,2.50,1,63,D#4,40.17,94,0,0,219,219,0,0,0,0.04
full-range-yin+nsm,48000,full-fundamental,soft,63,D#4,2528,120,52.67,2.50,1,63,D#4,40.17,32,0,0,219,219,0,0,0,0.04
full-range-yin+nsm,48000,weak-fundamental,medium,63,D#4,2528,120,52.67,2.50,1,63,D#4,40.17,98,0,0,219,219,0,0,0,0.04
full-range-yin+nsm,48000,weak-fundamental,soft,63,D#4,2528,120,52.67,2.50,1,63,D#4,40.17,35,0,0,219,219,0,0,0,0.05
full-range-yin+nsm,48000,full-fundamental,medium,64,E4,2528,120,52.67,2.50,1,64,E4,37.67,95,0,0,219,219,0,0,0,0.01
full-range-yin+nsm,48000,full-fundamental,soft,64,E4,2528,120,52.67,2.50,1,64,E4,37.67,32,0,0,219,219,0,0,0,0.01
full-range-yin+nsm,48000,weak-fundamental,medium,64,E4,2528,120,52.67,2.50,1,64,E4,40.17,95,0,0,219,219,0,0,0,0.01
full-range-yin+nsm,48000,weak-fundamental,soft,64,E4,2528,120,52.67,2.50,1,64,E4,40.17,32,0,0,219,219,0,0,0,0.01
full-range-yin+nsm,48000,full-fundamental,medium,65,F4,2528,120,52.67,2.50,1,65,F4,37.67,101,0,0,219,219,0,0,0,0.03
full-range-yin+nsm,48000,full-fundamental,soft,65,F4,2528,120,52.67,2.50,1,65,F4,37.67,38,0,0,219,219,0,0,0,0.03
full-range-yin+nsm,48000,weak-fundamental,medium,65,F4,2528,120,52.67,2.50,1,65,F4,37.67,96,0,0,219,219,0,0,0,0.03
full-range-yin+nsm,48000,weak-fundamental,soft,65,F4,2528,120,52.67,2.50,1,65,F4,37.67,33,0,0,219,219,0,0,0,0.03
full-range-yin+nsm,48000,full-fundamental,medium,66,F#4,2528,120,52.67,2.50,1,66,F#4,37.67,99,0,0,219,219,0,0,0,0.02
full-range-yin+nsm,48000,full-fundamental,soft,66,F#4,2528,120,52.67,2.50,1,66,F#4,37.67,36,0,0,219,219,0,0,0,0.01
full-range-yin+nsm,48000,weak-fundamental,medium,66,F#4,2528,120,52.67,2.50,1,66,F#4,37.67,94,0,0,219,219,0,0,0,0.01
full-range-yin+nsm,48000,weak-fundamental,soft,66,F#4,2528,120,52.67,2.50,1,66,F#4,37.67,31,0,0,219,219,0,0,0,0.01
full-range-yin+nsm,48000,full-fundamental,medium,67,G4,2528,120,52.67,2.50,1,67,G4,37.67,95,0,0,219,219,0,0,0,0.04
full-range-yin+nsm,48000,full-fundamental,soft,67,G4,2528,120,52.67,2.50,1,67,G4,37.67,32,0,0,219,219,0,0,0,0.04
full-range-yin+nsm,48000,weak-fundamental,medium,67,G4,2528,120,52.67,2.50,1,67,G4,37.67,89,0,0,219,219,0,0,0,0.04
full-range-yin+nsm,48000,weak-fundamental,soft,67,G4,2528,120,52.67,2.50,1,67,G4,37.67,26,0,0,219,219,0,0,0,0.04
multires-yin+nsm,48000,full-fundamental,medium,28,E1,1896,120,39.50,2.50,1,28,E1,34.50,98,0,0,225,225,0,0,0,0.16
multires-yin+nsm,48000,full-fundamental,soft,28,E1,1896,120,39.50,2.50,1,28,E1,34.50,35,0,0,225,225,0,0,0,0.15
multires-yin+nsm,48000,weak-fundamental,medium,28,E1,1896,120,39.50,2.50,1,28,E1,39.50,99,0,0,225,225,0,0,0,0.06
multires-yin+nsm,48000,weak-fundamental,soft,28,E1,1896,120,39.50,2.50,1,28,E1,39.50,36,0,0,225,225,0,0,0,0.07
multires-yin+nsm,48000,full-fundamental,medium,29,F1,1896,120,39.50,2.50,1,29,F1,34.50,99,0,0,225,225,0,0,0,0.12
multires-yin+nsm,48000,full-fundamental,soft,29,F1,1896,120,39.50,2.50,1,29,F1,34.50,37,0,0,225,225,0,0,0,0.13
multires-yin+nsm,48000,weak-fundamental,medium,29,F1,1896,120,39.50,2.50,1,29,F1,39.50,95,0,0,225,225,0,0,0,0.07
multires-yin+nsm,48000,weak-fundamental,soft,29,F1,1896,120,39.50,2.50,1,29,F1,39.50,32,0,0,225,225,0,0,0,0.06
multires-yin+nsm,48000,full-fundamental,medium,30,F#1,1896,120,39.50,2.50,1,30,F#1,39.50,96,0,0,225,225,0,0,0,0.11
multires-yin+nsm,48000,full-fundamental,soft,30,F#1,1896,120,39.50,2.50,1,30,F#1,39.50,33,0,0,225,225,0,0,0,0.12
multires-yin+nsm,48000,weak-fundamental,medium,30,F#1,1896,120,39.50,2.50,1,30,F#1,39.50,91,0,0,225,225,0,0,0,0.07
multires-yin+nsm,48000,weak-fundamental,soft,30,F#1,1896,120,39.50,2.50,1,30,F#1,39.50,28,0,0,225,225,0,0,0,0.08
multires-yin+nsm,48000,full-fundamental,medium,31,G1,1896,120,39.50,2.50,1,31,G1,39.50,100,0,0,225,225,0,0,0,0.10
multires-yin+nsm,48000,full-fundamental,soft,31,G1,1896,120,39.50,2.50,1,31,G1,39.50,37,0,0,225,225,0,0,0,0.10
multires-yin+nsm,48000,weak-fundamental,medium,31,G1,1896,120,39.50,2.50,1,31,G1,39.50,94,0,0,225,225,0,0,0,0.06
multires-yin+nsm,48000,weak-fundamental,soft,31,G1,1896,120,39.50,2.50,1,31,G1,39.50,31,0,0,225,225,0,0,0,0.06
multires-yin+nsm,48000,full-fundamental,medium,32,G#1,1896,120,39.50,2.50,1,32,G#1,34.50,99,0,0,225,225,0,0,0,0.14
multires-yin+nsm,48000,full-fundamental,soft,32,G#1,1896,120,39.50,2.50,1,32,G#1,34.50,36,0,0,225,225,0,0,0,0.15
multires-yin+nsm,48000,weak-fundamental,medium,32,G#1,1896,120,39.50,2.50,1,32,G#1,34.50,91,0,0,225,225,0,0,0,0.06
multires-yin+nsm,48000,weak-fundamental,soft,32,G#1,1896,120,39.50,2.50,1,32,G#1,34.50,28,0,0,225,225,0,0,0,0.07
multires-yin+nsm,48000,full-fundamental,medium,33,A1,1896,120,39.50,2.50,1,33,A1,34.50,95,0,0,225,225,0,0,0,0.12
multires-yin+nsm,48000,full-fundamental,soft,33,A1,1896,120,39.50,2.50,1,33,A1,34.50,32,0,0,225,225,0,0,0,0.12
multires-yin+nsm,48000,weak-fundamental,medium,33,A1,1896,120,39.50,2.50,1,33,A1,32.00,95,0,0,225,225,0,0,0,0.06
multires-yin+nsm,48000,weak-fundamental,soft,33,A1,1896,120,39.50,2.50,1,33,A1,32.00,32,0,0,225,225,0,0,0,0.07
multires-yin+nsm,48000,full-fundamental,medium,34,A#1,1896,120,39.50,2.50,1,34,A#1,34.50,99,0,0,225,225,0,0,0,0.09
multires-yin+nsm,48000,full-fundamental,soft,34,A#1,1896,120,39.50,2.50,1,34,A#1,34.50,36,0,0,225,225,0,0,0,0.09
multires-yin+nsm,48000,weak-fundamental,medium,34,A#1,1896,120,39.50,2.50,1,34,A#1,34.50,93,0,0,225,225,0,0,0,0.05
multires-yin+nsm,48000,weak-fundamental,soft,34,A#1,1896,120,39.50,2.50,1,34,A#1,34.50,30,0,0,225,225,0,0,0,0.05
multires-yin+nsm,48000,full-fundamental,medium,35,B1,1896,120,39.50,2.50,1,35,B1,34.50,92,0,0,225,225,0,0,0,0.08
multires-yin+nsm,48000,full-fundamental,soft,35,B1,1896,120,39.50,2.50,1,35,B1,34.50,29,0,0,225,225,0,0,0,0.08
multires-yin+nsm,48000,weak-fundamental,medium,35,B1,1896,120,39.50,2.50,1,35,B1,32.00,101,0,0,225,225,0,0,0,0.03
multires-yin+nsm,48000,weak-fundamental,soft,35,B1,1896,120,39.50,2.50,1,35,B1,32.00,38,0,0,225,225,0,0,0,0.04
multires-yin+nsm,48000,full-fundamental,medium,36,C2,1896,120,39.50,2.50,1,36,C2,29.50,91,0,0,225,225,0,0,0,0.12
multires-yin+nsm,48000,full-fundamental,soft,36,C2,1896,120,39.50,2.50,1,36,C2,29.50,28,0,0,225,225,0,0,0,0.12
multires-yin+nsm,48000,weak-fundamental,medium,36,C2,1896,120,39.50,2.50,1,36,C2,27.00,99,0,0,225,225,0,0,0,0.05
multires-yin+nsm,48000,weak-fundamental,soft,36,C2,1896,120,39.50,2.50,1,36,C2,27.00,37,0,0,225,225,0,0,0,0.07
multires-yin+nsm,48000,full-fundamental,medium,37,C#2,1896,120,39.50,2.50,1,37,C#2,27.00,94,0,0,225,225,0,0,0,0.08
multires-yin+nsm,48000,full-fundamental,soft,37,C#2,1896,120,39.50,2.50,1,37,C#2,27.00,31,0,0,225,225,0,0,0,0.10
multires-yin+nsm,48000,weak-fundamental,medium,37,C#2,1896,120,39.50,2.50,1,37,C#2,27.00,91,0,0,225,225,0,0,0,0.05
multires-yin+nsm,48000,weak-fundamental,soft,37,C#2,1896,120,39.50,2.50,1,37,C#2,27.00,28,0,0,225,225,0,0,0,0.07
multires-yin+nsm,48000,full-fundamental,medium,38,D2,1896,120,39.50,2.50,1,38,D2,27.00,93,0,0,225,225,0,0,0,0.12
multires-yin+nsm,48000,full-fundamental,soft,38,D2,1896,120,39.50,2.50,1,38,D2,27.00,30,0,0,225,225,0,0,0,0.11
multires-yin+nsm,48000,weak-fundamental,medium,38,D2,1896,120,39.50,2.50,1,38,D2,27.00,95,0,0,225,225,0,0,0,0.04
multires-yin+nsm,48000,weak-fundamental,soft,38,D2,1896,120,39.50,2.50,1,38,D2,27.00,33,0,0,225,225,0,0,0,0.04
multires-yin+nsm,48000,full-fundamental,medium,39,D#2,1896,120,39.50,2.50,1,39,D#2,39.50,97,0,0,225,225,0,0,0,0.02
multires-yin+nsm,48000,full-fundamental,soft,39,D#2,1896,120,39.50,2.50,1,39,D#2,39.50,34,0,0,225,225,0,0,0,0.03
multires-yin+nsm,48000,weak-fundamental,medium,39,D#2,1896,120,39.50,2.50,1,39,D#2,37.00,95,0,0,225,225,0,0,0,0.02
multires-yin+nsm,48000,weak-fundamental,soft,39,D#2,1896,120,39.50,2.50,1,39,D#2,37.00,32,0,0,225,225,0,0,0,0.03
multires-yin+nsm,48000,full-fundamental,medium,40,E2,1896,120,39.50,2.50,1,40,E2,42.00,96,0,0,225,225,0,0,0,0.03
multires-yin+nsm,48000,full-fundamental,soft,40,E2,1896,120,39.50,2.50,1,40,E2,42.00,33,0,0,225,225,0,0,0,0.05
multires-yin+nsm,48000,weak-fundamental,medium,40,E2,1896,120,39.50,2.50,1,40,E2,39.50,93,0,0,225,225,0,0,0,0.03
multires-yin+nsm,48000,weak-fundamental,soft,40,E2,1896,120,39.50,2.50,1,40,E2,39.50,30,0,0,225,225,0,0,0,0.03
multires-yin+nsm,48000,full-fundamental,medium,41,F2,1896,120,39.50,2.50,1,41,F2,42.00,97,0,0,225,225,0,0,0,0.05
multires-yin+nsm,48000,full-fundamental,soft,41,F2,1896,120,39.50,2.50,1,41,F2,42.00,35,0,0,225,225,0,0,0,0.05
multires-yin+nsm,48000,weak-fundamental,medium,41,F2,1896,120,39.50,2.50,1,41,F2,39.50,93,0,0,225,225,0,0,0,0.02
multires-yin+nsm,48000,weak-fundamental,soft,41,F2,1896,120,39.50,2.50,1,41,F2,39.50,30,0,0,225,225,0,0,0,0.03
multires-yin+nsm,48000,full-fundamental,medium,42,F#2,1896,120,39.50,2.50,1,42,F#2,42.00,96,0,0,225,225,0,0,0,0.04
multires-yin+nsm,48000,full-fundamental,soft,42,F#2,1896,120,39.50,2.50,1,42,F#2,42.00,33,0,0,225,225,0,0,0,0.05
multires-yin+nsm,48000,weak-fundamental,medium,42,F#2,1896,120,39.50,2.50,1,42,F#2,39.50,88,0,0,225,225,0,0,0,0.02
multires-yin+nsm,48000,weak-fundamental,soft,42,F#2,1896,120,39.50,2.50,1,42,F#2,39.50,26,0,0,225,225,0,0,0,0.03
multires-yin+nsm,48000,full-fundamental,medium,43,G2,1896,120,39.50,2.50,1,43,G2,39.50,97,0,0,225,225,0,0,0,0.03
multires-yin+nsm,48000,full-fundamental,soft,43,G2,1896,120,39.50,2.50,1,43,G2,39.50,34,0,0,225,225,0,0,0,0.05
multires-yin+nsm,48000,weak-fundamental,medium,43,G2,1896,120,39.50,2.50,1,43,G2,39.50,94,0,0,225,225,0,0,0,0.02
multires-yin+nsm,48000,weak-fundamental,soft,43,G2,1896,120,39.50,2.50,1,43,G2,39.50,31,0,0,225,225,0,0,0,0.02
multires-yin+nsm,48000,full-fundamental,medium,44,G#2,1896,120,39.50,2.50,1,44,G#2,34.50,92,0,0,225,225,0,0,0,0.03
multires-yin+nsm,48000,full-fundamental,soft,44,G#2,1896,120,39.50,2.50,1,44,G#2,34.50,29,0,0,225,225,0,0,0,0.04
multires-yin+nsm,48000,weak-fundamental,medium,44,G#2,1896,120,39.50,2.50,1,44,G#2,34.50,96,0,0,225,225,0,0,0,0.02
multires-yin+nsm,48000,weak-fundamental,soft,44,G#2,1896,120,39.50,2.50,1,44,G#2,34.50,33,0,0,225,225,0,0,0,0.03
multires-yin+nsm,48000,full-fundamental,medium,45,A2,1896,120,39.50,2.50,1,45,A2,32.00,92,0,0,225,225,0,0,0,0.03
multires-yin+nsm,48000,full-fundamental,soft,45,A2,1896,120,39.50,2.50,1,45,A2,32.00,29,0,0,225,225,0,0,0,0.04
multires-yin+nsm,48000,weak-fundamental,medium,45,A2,1896,120,39.50,2.50,1,45,A2,32.00,94,0,0,225,225,0,0,0,0.02
multires-yin+nsm,48000,weak-fundamental,soft,45,A2,1896,120,39.50,2.50,1,45,A2,32.00,31,0,0,225,225,0,0,0,0.03
multires-yin+nsm,48000,full-fundamental,medium,46,A#2,1896,120,39.50,2.50,1,46,A#2,34.50,91,0,0,225,225,0,0,0,0.04
multires-yin+nsm,48000,full-fundamental,soft,46,A#2,1896,120,39.50,2.50,1,46,A#2,34.50,28,0,0,225,225,0,0,0,0.04
multires-yin+nsm,48000,weak-fundamental,medium,46,A#2,1896,120,39.50,2.50,1,46,A#2,34.50,92,0,0,225,225,0,0,0,0.01
multires-yin+nsm,48000,weak-fundamental,soft,46,A#2,1896,120,39.50,2.50,1,46,A#2,34.50,30,0,0,225,225,0,0,0,0.03
multires-yin+nsm,48000,full-fundamental,medium,47,B2,1896,120,39.50,2.50,1,47,B2,34.50,96,0,0,225,225,0,0,0,0.03
multires-yin+nsm,48000,full-fundamental,soft,47,B2,1896,120,39.50,2.50,1,47,B2,34.50,33,0,0,225,225,0,0,0,0.04
multires-yin+nsm,48000,weak-fundamental,medium,47,B2,1896,120,39.50,2.50,1,47,B2,34.50,99,0,0,225,225,0,0,0,0.01
multires-yin+nsm,48000,weak-fundamental,soft,47,B2,1896,120,39.50,2.50,1,47,B2,34.50,36,0,0,225,225,0,0,0,0.03
multires-yin+nsm,48000,full-fundamental,medium,48,C3,1896,120,39.50,2.50,1,48,C3,29.50,93,0,0,225,225,0,0,0,0.03
multires-yin+nsm,48000,full-fundamental,soft,48,C3,1896,120,39.50,2.50,1,48,C3,29.50,31,0,0,225,225,0,0,0,0.04
multires-yin+nsm,48000,weak-fundamental,medium,48,C3,1896,120,39.50,2.50,1,48,C3,27.00,92,0,0,225,225,0,0,0,0.02
multires-yin+nsm,48000,weak-fundamental,soft,48,C3,1896,120,39.50,2.50,1,48,C3,27.00,29,0,0,225,225,0,0,0,0.03
multires-yin+nsm,48000,full-fundamental,medium,49,C#3,1896,120,39.50,2.50,1,49,C#3,29.50,92,0,0,225,225,0,0,0,0.03
multires-yin+nsm,48000,full-fundamental,soft,49,C#3,1896,120,39.50,2.50,1,49,C#3,29.50,29,0,0,225,225,0,0,0,0.04
multires-yin+nsm,48000,weak-fundamental,medium,49,C#3,1896,120,39.50,2.50,1,49,C#3,27.00,93,0,0,225,225,0,0,0,0.01
multires-yin+nsm,48000,weak-fundamental,soft,49,C#3,1896,120,39.50,2.50,1,49,C#3,27.00,30,0,0,225,225,0,0,0,0.03
multires-yin+nsm,48000,full-fundamental,medium,50,D3,1896,120,39.50,2.50,1,50,D3,29.50,100,0,0,225,225,0,0,0,0.02
multires-yin+nsm,48000,full-fundamental,soft,50,D3,1896,120,39.50,2.50,1,50,D3,29.50,37,0,0,225,225,0,0,0,0.04
multires-yin+nsm,48000,weak-fundamental,medium,50,D3,1896,120,39.50,2.50,1,50,D3,29.50,98,0,0,225,225,0,0,0,0.01
multires-yin+nsm,48000,weak-fundamental,soft,50,D3,1896,120,39.50,2.50,1,50,D3,29.50,35,0,0,225,225,0,0,0,0.03
multires-yin+nsm,48000,full-fundamental,medium,51,D#3,1896,120,39.50,2.50,1,51,D#3,29.50,95,0,0,225,225,0,0,0,0.02
multires-yin+nsm,48000,full-fundamental,soft,51,D#3,1896,120,39.50,2.50,1,51,D#3,29.50,32,0,0,225,225,0,0,0,0.04
multires-yin+nsm,48000,weak-fundamental,medium,51,D#3,1896,120,39.50,2.50,1,51,D#3,29.50,90,0,0,225,225,0,0,0,0.01
multires-yin+nsm,48000,weak-fundamental,soft,51,D#3,1896,120,39.50,2.50,1,51,D#3,29.50,27,0,0,225,225,0,0,0,0.02
multires-yin+nsm,48000,full-fundamental,medium,52,E3,1896,120,39.50,2.50,1,52,E3,22.00,97,0,0,225,225,0,0,0,0.02
multires-yin+nsm,48000,full-fundamental,soft,52,E3,1896,120,39.50,2.50,1,52,E3,22.00,34,0,0,225,225,0,0,0,0.04
multires-yin+nsm,48000,weak-fundamental,medium,52,E3,1896,120,39.50,2.50,1,52,E3,22.00,96,0,0,225,225,0,0,0,0.02
multires-yin+nsm,48000,weak-fundamental,soft,52,E3,1896,120,39.50,2.50,1,52,E3,22.00,33,0,0,225,225,0,0,0,0.03
multires-yin+nsm,48000,full-fundamental,medium,53,F3,1896,120,39.50,2.50,1,53,F3,22.00,94,0,0,225,225,0,0,0,0.03
multires-yin+nsm,48000,full-fundamental,soft,53,F3,1896,120,39.50,2.50,1,53,F3,22.00,31,0,0,225,225,0,0,0,0.05
multires-yin+nsm,48000,weak-fundamental,medium,53,F3,1896,120,39.50,2.50,1,53,F3,22.00,90,0,0,225,225,0,0,0,0.02
multires-yin+nsm,48000,weak-fundamental,soft,53,F3,1896,120,39.50,2.50,1,53,F3,22.00,27,0,0,225,225,0,0,0,0.03
multires-yin+nsm,48000,full-fundamental,medium,54,F#3,1896,120,39.50,2.50,1,54,F#3,22.00,96,0,0,225,225,0,0,0,0.02
multires-yin+nsm,48000,full-fundamental,soft,54,F#3,1896,120,39.50,2.50,1,54,F#3,22.00,33,0,0,225,225,0,0,0,0.04
multires-yin+nsm,48000,weak-fundamental,medium,54,F#3,1896,120,39.50,2.50,1,54,F#3,22.00,93,0,0,225,225,0,0,0,0.01
multires-yin+nsm,48000,weak-fundamental,soft,54,F#3,1896,120,39.50,2.50,1,54,F#3,22.00,30,0,0,225,225,0,0,0,0.03
multires-yin+nsm,48000,full-fundamental,medium,55,G3,1896,120,39.50,2.50,1,55,G3,22.00,97,0,0,225,225,0,0,0,0.02
multires-yin+nsm,48000,full-fundamental,soft,55,G3,1896,120,39.50,2.50,1,55,G3,22.00,34,0,0,225,225,0,0,0,0.04
multires-yin+nsm,48000,weak-fundamental,medium,55,G3,1896,120,39.50,2.50,1,55,G3,22.00,89,0,0,225,225,0,0,0,0.01
multires-yin+nsm,48000,weak-fundamental,soft,55,G3,1896,120,39.50,2.50,1,55,G3,22.00,26,0,0,225,225,0,0,0,0.03
multires-yin+nsm,48000,full-fundamental,medium,56,G#3,1896,120,39.50,2.50,1,56,G#3,19.50,99,0,0,225,225,0,0,0,0.03
multires-yin+nsm,48000,full-fundamental,soft,56,G#3,1896,120,39.50,2.50,1,56,G#3,19.50,36,0,0,225,225,0,0,0,0.06
multires-yin+nsm,48000,weak-fundamental,medium,56,G#3,1896,120,39.50,2.50,1,56,G#3,19.50,91,0,0,225,225,0,0,0,0.02
multires-yin+nsm,48000,weak-fundamental,soft,56,G#3,1896,120,39.50,2.50,1,56,G#3,19.50,29,0,0,225,225,0,0,0,0.04
multires-yin+nsm,48000,full-fundamental,medium,57,A3,1896,120,39.50,2.50,1,57,A3,17.00,102,0,0,225,225,0,0,0,0.02
multires-yin+nsm,48000,full-fundamental,soft,57,A3,1896,120,39.50,2.50,1,57,A3,17.00,39,0,0,225,225,0,0,0,0.05
multires-yin+nsm,48000,weak-fundamental,medium,57,A3,1896,120,39.50,2.50,1,57,A3,19.50,96,0,0,225,225,0,0,0,0.03
multires-yin+nsm,48000,weak-fundamental,soft,57,A3,1896,120,39.50,2.50,1,57,A3,19.50,33,0,0,225,225,0,0,0,0.04
multires-yin+nsm,48000,full-fundamental,medium,58,A#3,1896,120,39.50,2.50,1,58,A#3,19.50,97,0,0,225,225,0,0,0,0.03
multires-yin+nsm,48000,full-fundamental,soft,58,A#3,1896,120,39.50,2.50,1,58,A#3,19.50,34,0,0,225,225,0,0,0,0.04
multires-yin+nsm,48000,weak-fundamental,medium,58,A#3,1896,120,39.50,2.50,1,58,A#3,19.50,94,0,0,225,225,0,0,0,0.02
multires-yin+nsm,48000,weak-fundamental,soft,58,A#3,1896,120,39.50,2.50,1,58,A#3,19.50,31,0,0,225,225,0,0,0,0.03
multires-yin+nsm,48000,full-fundamental,medium,59,B3,1896,120,39.50,2.50,1,59,B3,19.50,94,0,0,225,225,0,0,0,0.02
multires-yin+nsm,48000,full-fundamental,soft,59,B3,1896,120,39.50,2.50,1,59,B3,19.50,32,0,0,225,225,0,0,0,0.04
multires-yin+nsm,48000,weak-fundamental,medium,59,B3,1896,120,39.50,2.50,1,59,B3,19.50,93,0,0,225,225,0,0,0,0.02
multires-yin+nsm,48000,weak-fundamental,soft,59,B3,1896,120,39.50,2.50,1,59,B3,19.50,30,0,0,225,225,0,0,0,0.04
multires-yin+nsm,48000,full-fundamental,medium,60,C4,1896,120,39.50,2.50,1,60,C4,14.50,100,0,0,225,225,0,0,0,0.02
multires-yin+nsm,48000,full-fundamental,soft,60,C4,1896,120,39.50,2.50,1,60,C4,14.50,37,0,0,225,225,0,0,0,0.05
multires-yin+nsm,48000,weak-fundamental,medium,60,C4,1896,120,39.50,2.50,1,60,C4,14.50,97,0,0,225,225,0,0,0,0.01
multires-yin+nsm,48000,weak-fundamental,soft,60,C4,1896,120,39.50,2.50,1,60,C4,14.50,34,0,0,225,225,0,0,0,0.04
multires-yin+nsm,48000,full-fundamental,medium,61,C#4,1896,120,39.50,2.50,1,61,C#4,14.50,99,0,0,225,225,0,0,0,0.04
multires-yin+nsm,48000,full-fundamental,soft,61,C#4,1896,120,39.50,2.50,1,61,C#4,14.50,36,0,0,225,225,0,0,0,0.06
multires-yin+nsm,48000,weak-fundamental,medium,61,C#4,1896,120,39.50,2.50,1,61,C#4,14.50,92,0,0,225,225,0,0,0,0.04
multires-yin+nsm,48000,weak-fundamental,soft,61,C#4,1896,120,39.50,2.50,1,61,C#4,14.50,29,0,0,225,225,0,0,0,0.05
multires-yin+nsm,48000,full-fundamental,medium,62,D4,1896,120,39.50,2.50,1,62,D4,17.00,100,0,0,225,225,0,0,0,0.02
multires-yin+nsm,48000,full-fundamental,soft,62,D4,1896,120,39.50,2.50,1,62,D4,17.00,37,0,0,225,225,0,0,0,0.05
multires-yin+nsm,48000,weak-fundamental,medium,62,D4,1896,120,39.50,2.50,1,62,D4,17.00,97,0,0,225,225,0,0,0,0.02
multires-yin+nsm,48000,weak-fundamental,soft,62,D4,1896,120,39.50,2.50,1,62,D4,17.00,34,0,0,225,225,0,0,0,0.04
multires-yin+nsm,48000,full-fundamental,medium,63,D#4,1896,120,39.50,2.50,1,63,D#4,17.00,94,0,0,225,225,0,0,0,0.04
multires-yin+nsm,48000,full-fundamental,soft,63,D#4,1896,120,39.50,2.50,1,63,D#4,17.00,32,0,0,225,225,0,0,0,0.06
multires-yin+nsm,48000,weak-fundamental,medium,63,D#4,1896,120,39.50,2.50,1,63,D#4,17.00,98,0,0,225,225,0,0,0,0.04
multires-yin+nsm,48000,weak-fundamental,soft,63,D#4,1896,120,39.50,2.50,1,63,D#4,17.00,35,0,0,225,225,0,0,0,0.05
multires-yin+nsm,48000,full-fundamental,medium,64,E4,1896,120,39.50,2.50,1,64,E4,14.50,95,0,0,225,225,0,0,0,0.02
multires-yin+nsm,48000,full-fundamental,soft,64,E4,1896,120,39.50,2.50,1,64,E4,14.50,32,0,0,225,225,0,0,0,0.06
multires-yin+nsm,48000,weak-fundamental,medium,64,E4,1896,120,39.50,2.50,1,64,E4,14.50,95,0,0,225,225,0,0,0,0.01
multires-yin+nsm,48000,weak-fundamental,soft,64,E4,1896,120,39.50,2.50,1,64,E4,14.50,32,0,0,225,225,0,0,0,0.05
multires-yin+nsm,48000,full-fundamental,medium,65,F4,1896,120,39.50,2.50,1,65,F4,14.50,101,0,0,225,225,0,0,0,0.03
multires-yin+nsm,48000,full-fundamental,soft,65,F4,1896,120,39.50,2.50,1,65,F4,14.50,38,0,0,225,225,0,0,0,0.06
multires-yin+nsm,48000,weak-fundamental,medium,65,F4,1896,120,39.50,2.50,1,65,F4,14.50,96,0,0,225,225,0,0,0,0.03
multires-yin+nsm,48000,weak-fundamental,soft,65,F4,1896,120,39.50,2.50,1,65,F4,14.50,33,0,0,225,225,0,0,0,0.05
multires-yin+nsm,48000,full-fundamental,medium,66,F#4,1896,120,39.50,2.50,1,66,F#4,14.50,99,0,0,225,225,0,0,0,0.03
multires-yin+nsm,48000,full-fundamental,soft,66,F#4,1896,120,39.50,2.50,1,66,F#4,14.50,36,0,0,225,225,0,0,0,0.05
multires-yin+nsm,48000,weak-fundamental,medium,66,F#4,1896,120,39.50,2.50,1,66,F#4,14.50,94,0,0,225,225,0,0,0,0.02
multires-yin+nsm,48000,weak-fundamental,soft,66,F#4,1896,120,39.50,2.50,1,66,F#4,14.50,31,0,0,225,225,0,0,0,0.05
multires-yin+nsm,48000,full-fundamental,medium,67,G4,1896,120,39.50,2.50,1,67,G4,14.50,95,0,0,225,225,0,0,0,0.04
multires-yin+nsm,48000,full-fundamental,soft,67,G4,1896,120,39.50,2.50,1,67,G4,14.50,32,0,0,225,225,0,0,0,0.07
multires-yin+nsm,48000,weak-fundamental,medium,67,G4,1896,120,39.50,2.50,1,67,G4,14.50,89,0,0,225,225,0,0,0,0.04
multires-yin+nsm,48000,weak-fundamental,soft,67,G4,1896,120,39.50,2.50,1,67,G4,14.50,26,0,0,225,225,0,0,0,0.05
warf-like-yin,96000,full-fundamental,medium,28,E1,4096,1024,42.67,10.67,0,-1,none,-,0,0,0,52,0,0,0,52,-
warf-like-yin,96000,full-fundamental,soft,28,E1,4096,1024,42.67,10.67,0,-1,none,-,0,0,0,52,0,0,0,52,-
warf-like-yin,96000,weak-fundamental,medium,28,E1,4096,1024,42.67,10.67,0,-1,none,-,0,0,0,52,0,0,0,52,-
warf-like-yin,96000,weak-fundamental,soft,28,E1,4096,1024,42.67,10.67,0,-1,none,-,0,0,0,52,0,0,0,52,-
warf-like-yin,96000,full-fundamental,medium,29,F1,4096,1024,42.67,10.67,0,-1,none,-,0,0,0,52,0,0,1,51,-
warf-like-yin,96000,full-fundamental,soft,29,F1,4096,1024,42.67,10.67,0,-1,none,-,0,0,0,52,0,0,0,52,-
warf-like-yin,96000,weak-fundamental,medium,29,F1,4096,1024,42.67,10.67,0,-1,none,-,0,0,0,52,0,0,0,52,-
warf-like-yin,96000,weak-fundamental,soft,29,F1,4096,1024,42.67,10.67,0,-1,none,-,0,0,0,52,0,0,0,52,-
warf-like-yin,96000,full-fundamental,medium,30,F#1,4096,1024,42.67,10.67,1,30,F#1,49.33,100,0,0,52,52,0,0,0,23.69
warf-like-yin,96000,full-fundamental,soft,30,F#1,4096,1024,42.67,10.67,0,-1,none,-,0,0,0,52,52,0,0,0,23.69
warf-like-yin,96000,weak-fundamental,medium,30,F#1,4096,1024,42.67,10.67,1,30,F#1,60.00,100,0,0,52,52,0,0,0,23.69
warf-like-yin,96000,weak-fundamental,soft,30,F#1,4096,1024,42.67,10.67,0,-1,none,-,0,0,0,52,52,0,0,0,23.69
warf-like-yin,96000,full-fundamental,medium,31,G1,4096,1024,42.67,10.67,1,31,G1,49.33,100,0,0,52,52,0,0,0,0.04
warf-like-yin,96000,full-fundamental,soft,31,G1,4096,1024,42.67,10.67,0,-1,none,-,0,0,0,52,52,0,0,0,0.05
warf-like-yin,96000,weak-fundamental,medium,31,G1,4096,1024,42.67,10.67,1,31,G1,49.33,100,0,0,52,52,0,0,0,0.03
warf-like-yin,96000,weak-fundamental,soft,31,G1,4096,1024,42.67,10.67,0,-1,none,-,0,0,0,52,52,0,0,0,0.03
warf-like-yin,96000,full-fundamental,medium,32,G#1,4096,1024,42.67,10.67,1,32,G#1,60.00,100,0,0,52,52,0,0,0,0.08
warf-like-yin,96000,full-fundamental,soft,32,G#1,4096,1024,42.67,10.67,0,-1,none,-,0,0,0,52,52,0,0,0,0.09
warf-like-yin,96000,weak-fundamental,medium,32,G#1,4096,1024,42.67,10.67,1,32,G#1,60.00,100,0,0,52,52,0,0,0,0.04
warf-like-yin,96000,weak-fundamental,soft,32,G#1,4096,1024,42.67,10.67,0,-1,none,-,0,0,0,52,52,0,0,0,0.04
warf-like-yin,96000,full-fundamental,medium,33,A1,4096,1024,42.67,10.67,1,33,A1,49.33,100,0,0,52,52,0,0,0,0.07
warf-like-yin,96000,full-fundamental,soft,33,A1,4096,1024,42.67,10.67,0,-1,none,-,0,0,0,52,52,0,0,0,0.07
warf-like-yin,96000,weak-fundamental,medium,33,A1,4096,1024,42.67,10.67,1,33,A1,49.33,100,0,0,52,52,0,0,0,0.03
warf-like-yin,96000,weak-fundamental,soft,33,A1,4096,1024,42.67,10.67,0,-1,none,-,0,0,0,52,52,0,0,0,0.04
warf-like-yin,96000,full-fundamental,medium,34,A#1,4096,1024,42.67,10.67,1,34,A#1,60.00,100,0,0,52,52,0,0,0,0.06
warf-like-yin,96000,full-fundamental,soft,34,A#1,4096,1024,42.67,10.67,0,-1,none,-,0,0,0,52,52,0,0,0,0.05
warf-like-yin,96000,weak-fundamental,medium,34,A#1,4096,1024,42.67,10.67,1,34,A#1,60.00,100,0,0,52,52,0,0,0,0.03
warf-like-yin,96000,weak-fundamental,soft,34,A#1,4096,1024,42.67,10.67,0,-1,none,-,0,0,0,52,52,0,0,0,0.02
warf-like-yin,96000,full-fundamental,medium,35,B1,4096,1024,42.67,10.67,1,35,B1,60.00,100,0,0,52,52,0,0,0,0.05
warf-like-yin,96000,full-fundamental,soft,35,B1,4096,1024,42.67,10.67,0,-1,none,-,0,0,0,52,52,0,0,0,0.06
warf-like-yin,96000,weak-fundamental,medium,35,B1,4096,1024,42.67,10.67,1,35,B1,49.33,100,0,0,52,52,0,0,0,0.01
warf-like-yin,96000,weak-fundamental,soft,35,B1,4096,1024,42.67,10.67,0,-1,none,-,0,0,0,52,52,0,0,0,0.02
warf-like-yin,96000,full-fundamental,medium,36,C2,4096,1024,42.67,10.67,1,36,C2,60.00,100,0,0,52,52,0,0,0,0.03
warf-like-yin,96000,full-fundamental,soft,36,C2,4096,1024,42.67,10.67,0,-1,none,-,0,0,0,52,52,0,0,0,0.03
warf-like-yin,96000,weak-fundamental,medium,36,C2,4096,1024,42.67,10.67,1,36,C2,49.33,100,0,0,52,52,0,0,0,0.01
warf-like-yin,96000,weak-fundamental,soft,36,C2,4096,1024,42.67,10.67,0,-1,none,-,0,0,0,52,52,0,0,0,0.01
warf-like-yin,96000,full-fundamental,medium,37,C#2,4096,1024,42.67,10.67,1,37,C#2,60.00,100,0,0,52,52,0,0,0,0.04
warf-like-yin,96000,full-fundamental,soft,37,C#2,4096,1024,42.67,10.67,0,-1,none,-,0,0,0,52,52,0,0,0,0.04
warf-like-yin,96000,weak-fundamental,medium,37,C#2,4096,1024,42.67,10.67,1,37,C#2,49.33,100,0,0,52,52,0,0,0,0.02
warf-like-yin,96000,weak-fundamental,soft,37,C#2,4096,1024,42.67,10.67,0,-1,none,-,0,0,0,52,52,0,0,0,0.02
warf-like-yin,96000,full-fundamental,medium,38,D2,4096,1024,42.67,10.67,1,38,D2,60.00,100,0,0,52,52,0,0,0,0.04
warf-like-yin,96000,full-fundamental,soft,38,D2,4096,1024,42.67,10.67,0,-1,none,-,0,0,0,52,52,0,0,0,0.04
warf-like-yin,96000,weak-fundamental,medium,38,D2,4096,1024,42.67,10.67,1,38,D2,49.33,100,0,0,52,52,0,0,0,0.02
warf-like-yin,96000,weak-fundamental,soft,38,D2,4096,1024,42.67,10.67,0,-1,none,-,0,0,0,52,52,0,0,0,0.02
warf-like-yin,96000,full-fundamental,medium,39,D#2,4096,1024,42.67,10.67,1,39,D#2,49.33,100,0,0,52,52,0,0,0,0.04
warf-like-yin,96000,full-fundamental,soft,39,D#2,4096,1024,42.67,10.67,0,-1,none,-,0,0,0,52,52,0,0,0,0.04
warf-like-yin,96000,weak-fundamental,medium,39,D#2,4096,1024,42.67,10.67,1,39,D#2,49.33,100,0,0,52,52,0,0,0,0.02
warf-like-yin,96000,weak-fundamental,soft,39,D#2,4096,1024,42.67,10.67,0,-1,none,-,0,0,0,52,52,0,0,0,0.02
warf-like-yin,96000,full-fundamental,medium,40,E2,4096,1024,42.67,10.67,1,40,E2,60.00,100,0,0,52,52,0,0,0,0.03
warf-like-yin,96000,full-fundamental,soft,40,E2,4096,1024,42.67,10.67,0,-1,none,-,0,0,0,52,52,0,0,0,0.03
warf-like-yin,96000,weak-fundamental,medium,40,E2,4096,1024,42.67,10.67,1,40,E2,49.33,100,0,0,52,52,0,0,0,0.01
warf-like-yin,96000,weak-fundamental,soft,40,E2,4096,1024,42.67,10.67,0,-1,none,-,0,0,0,52,52,0,0,0,0.01
warf-like-yin,96000,full-fundamental,medium,41,F2,4096,1024,42.67,10.67,1,41,F2,49.33,100,0,0,52,52,0,0,0,0.02
warf-like-yin,96000,full-fundamental,soft,41,F2,4096,1024,42.67,10.67,0,-1,none,-,0,0,0,52,52,0,0,0,0.03
warf-like-yin,96000,weak-fundamental,medium,41,F2,4096,1024,42.67,10.67,1,41,F2,49.33,100,0,0,52,52,0,0,0,0.01
warf-like-yin,96000,weak-fundamental,soft,41,F2,4096,1024,42.67,10.67,0,-1,none,-,0,0,0,52,52,0,0,0,0.02
warf-like-yin,96000,full-fundamental,medium,42,F#2,4096,1024,42.67,10.67,1,42,F#2,49.33,100,0,0,52,52,0,0,0,0.00
warf-like-yin,96000,full-fundamental,soft,42,F#2,4096,1024,42.67,10.67,0,-1,none,-,0,0,0,52,52,0,0,0,0.01
warf-like-yin,96000,weak-fundamental,medium,42,F#2,4096,1024,42.67,10.67,1,42,F#2,49.33,100,0,0,52,52,0,0,0,0.01
warf-like-yin,96000,weak-fundamental,soft,42,F#2,4096,1024,42.67,10.67,0,-1,none,-,0,0,0,52,52,0,0,0,0.01
warf-like-yin,96000,full-fundamental,medium,43,G2,4096,1024,42.67,10.67,1,43,G2,49.33,100,0,0,52,52,0,0,0,0.01
warf-like-yin,96000,full-fundamental,soft,43,G2,4096,1024,42.67,10.67,0,-1,none,-,0,0,0,52,52,0,0,0,0.02
warf-like-yin,96000,weak-fundamental,medium,43,G2,4096,1024,42.67,10.67,1,43,G2,49.33,100,0,0,52,52,0,0,0,0.01
warf-like-yin,96000,weak-fundamental,soft,43,G2,4096,1024,42.67,10.67,0,-1,none,-,0,0,0,52,52,0,0,0,0.02
warf-like-yin,96000,full-fundamental,medium,44,G#2,4096,1024,42.67,10.67,1,44,G#2,49.33,100,0,0,52,52,0,0,0,0.02
warf-like-yin,96000,full-fundamental,soft,44,G#2,4096,1024,42.67,10.67,0,-1,none,-,0,0,0,52,52,0,0,0,0.02
warf-like-yin,96000,weak-fundamental,medium,44,G#2,4096,1024,42.67,10.67,1,44,G#2,49.33,100,0,0,52,52,0,0,0,0.01
warf-like-yin,96000,weak-fundamental,soft,44,G#2,4096,1024,42.67,10.67,0,-1,none,-,0,0,0,52,52,0,0,0,0.01
warf-like-yin,96000,full-fundamental,medium,45,A2,4096,1024,42.67,10.67,1,45,A2,49.33,100,0,0,52,52,0,0,0,0.02
warf-like-yin,96000,full-fundamental,soft,45,A2,4096,1024,42.67,10.67,0,-1,none,-,0,0,0,52,52,0,0,0,0.02
warf-like-yin,96000,weak-fundamental,medium,45,A2,4096,1024,42.67,10.67,1,45,A2,49.33,100,0,0,52,52,0,0,0,0.01
warf-like-yin,96000,weak-fundamental,soft,45,A2,4096,1024,42.67,10.67,0,-1,none,-,0,0,0,52,52,0,0,0,0.01
warf-like-yin,96000,full-fundamental,medium,46,A#2,4096,1024,42.67,10.67,1,46,A#2,49.33,100,0,0,52,52,0,0,0,0.01
warf-like-yin,96000,full-fundamental,soft,46,A#2,4096,1024,42.67,10.67,0,-1,none,-,0,0,0,52,52,0,0,0,0.01
warf-like-yin,96000,weak-fundamental,medium,46,A#2,4096,1024,42.67,10.67,1,46,A#2,49.33,100,0,0,52,52,0,0,0,0.01
warf-like-yin,96000,weak-fundamental,soft,46,A#2,4096,1024,42.67,10.67,0,-1,none,-,0,0,0,52,52,0,0,0,0.01
warf-like-yin,96000,full-fundamental,medium,47,B2,4096,1024,42.67,10.67,1,47,B2,60.00,100,0,0,52,52,0,0,0,0.01
warf-like-yin,96000,full-fundamental,soft,47,B2,4096,1024,42.67,10.67,0,-1,none,-,0,0,0,52,52,0,0,0,0.01
warf-like-yin,96000,weak-fundamental,medium,47,B2,4096,1024,42.67,10.67,1,47,B2,60.00,100,0,0,52,52,0,0,0,0.01
warf-like-yin,96000,weak-fundamental,soft,47,B2,4096,1024,42.67,10.67,0,-1,none,-,0,0,0,52,52,0,0,0,0.01
warf-like-yin,96000,full-fundamental,medium,48,C3,4096,1024,42.67,10.67,1,48,C3,49.33,100,0,0,52,52,0,0,0,0.01
warf-like-yin,96000,full-fundamental,soft,48,C3,4096,1024,42.67,10.67,0,-1,none,-,0,0,0,52,52,0,0,0,0.02
warf-like-yin,96000,weak-fundamental,medium,48,C3,4096,1024,42.67,10.67,1,48,C3,60.00,100,0,0,52,52,0,0,0,0.00
warf-like-yin,96000,weak-fundamental,soft,48,C3,4096,1024,42.67,10.67,0,-1,none,-,0,0,0,52,52,0,0,0,0.01
warf-like-yin,96000,full-fundamental,medium,49,C#3,4096,1024,42.67,10.67,1,49,C#3,49.33,100,0,0,52,52,0,0,0,0.01
warf-like-yin,96000,full-fundamental,soft,49,C#3,4096,1024,42.67,10.67,0,-1,none,-,0,0,0,52,52,0,0,0,0.01
warf-like-yin,96000,weak-fundamental,medium,49,C#3,4096,1024,42.67,10.67,1,49,C#3,49.33,100,0,0,52,52,0,0,0,0.00
warf-like-yin,96000,weak-fundamental,soft,49,C#3,4096,1024,42.67,10.67,0,-1,none,-,0,0,0,52,52,0,0,0,0.01
warf-like-yin,96000,full-fundamental,medium,50,D3,4096,1024,42.67,10.67,1,50,D3,49.33,100,0,0,52,52,0,0,0,0.01
warf-like-yin,96000,full-fundamental,soft,50,D3,4096,1024,42.67,10.67,0,-1,none,-,0,0,0,52,52,0,0,0,0.01
warf-like-yin,96000,weak-fundamental,medium,50,D3,4096,1024,42.67,10.67,1,50,D3,49.33,100,0,0,52,52,0,0,0,0.00
warf-like-yin,96000,weak-fundamental,soft,50,D3,4096,1024,42.67,10.67,0,-1,none,-,0,0,0,52,52,0,0,0,0.01
warf-like-yin,96000,full-fundamental,medium,51,D#3,4096,1024,42.67,10.67,1,51,D#3,49.33,100,0,0,52,52,0,0,0,0.01
warf-like-yin,96000,full-fundamental,soft,51,D#3,4096,1024,42.67,10.67,0,-1,none,-,0,0,0,52,52,0,0,0,0.01
warf-like-yin,96000,weak-fundamental,medium,51,D#3,4096,1024,42.67,10.67,1,51,D#3,49.33,100,0,0,52,52,0,0,0,0.00
warf-like-yin,96000,weak-fundamental,soft,51,D#3,4096,1024,42.67,10.67,0,-1,none,-,0,0,0,52,52,0,0,0,0.01
warf-like-yin,96000,full-fundamental,medium,52,E3,4096,1024,42.67,10.67,1,52,E3,49.33,100,0,0,52,52,0,0,0,0.01
warf-like-yin,96000,full-fundamental,soft,52,E3,4096,1024,42.67,10.67,0,-1,none,-,0,0,0,52,52,0,0,0,0.01
warf-like-yin,96000,weak-fundamental,medium,52,E3,4096,1024,42.67,10.67,1,52,E3,49.33,100,0,0,52,52,0,0,0,0.00
warf-like-yin,96000,weak-fundamental,soft,52,E3,4096,1024,42.67,10.67,0,-1,none,-,0,0,0,52,52,0,0,0,0.01
warf-like-yin,96000,full-fundamental,medium,53,F3,4096,1024,42.67,10.67,1,53,F3,49.33,100,0,0,52,52,0,0,0,0.01
warf-like-yin,96000,full-fundamental,soft,53,F3,4096,1024,42.67,10.67,0,-1,none,-,0,0,0,52,52,0,0,0,0.01
warf-like-yin,96000,weak-fundamental,medium,53,F3,4096,1024,42.67,10.67,1,53,F3,49.33,100,0,0,52,52,0,0,0,0.00
warf-like-yin,96000,weak-fundamental,soft,53,F3,4096,1024,42.67,10.67,0,-1,none,-,0,0,0,52,52,0,0,0,0.01
warf-like-yin,96000,full-fundamental,medium,54,F#3,4096,1024,42.67,10.67,1,54,F#3,49.33,100,0,0,52,52,0,0,0,0.00
warf-like-yin,96000,full-fundamental,soft,54,F#3,4096,1024,42.67,10.67,0,-1,none,-,0,0,0,52,52,0,0,0,0.01
warf-like-yin,96000,weak-fundamental,medium,54,F#3,4096,1024,42.67,10.67,1,54,F#3,49.33,100,0,0,52,52,0,0,0,0.00
warf-like-yin,96000,weak-fundamental,soft,54,F#3,4096,1024,42.67,10.67,0,-1,none,-,0,0,0,52,52,0,0,0,0.01
warf-like-yin,96000,full-fundamental,medium,55,G3,4096,1024,42.67,10.67,1,55,G3,49.33,100,0,0,52,52,0,0,0,0.01
warf-like-yin,96000,full-fundamental,soft,55,G3,4096,1024,42.67,10.67,0,-1,none,-,0,0,0,52,52,0,0,0,0.01
warf-like-yin,96000,weak-fundamental,medium,55,G3,4096,1024,42.67,10.67,1,55,G3,49.33,100,0,0,52,52,0,0,0,0.00
warf-like-yin,96000,weak-fundamental,soft,55,G3,4096,1024,42.67,10.67,0,-1,none,-,0,0,0,52,52,0,0,0,0.01
warf-like-yin,96000,full-fundamental,medium,56,G#3,4096,1024,42.67,10.67,1,56,G#3,49.33,100,0,0,52,52,0,0,0,0.01
warf-like-yin,96000,full-fundamental,soft,56,G#3,4096,1024,42.67,10.67,0,-1,none,-,0,0,0,52,52,0,0,0,0.01
warf-like-yin,96000,weak-fundamental,medium,56,G#3,4096,1024,42.67,10.67,1,56,G#3,49.33,100,0,0,52,52,0,0,0,0.00
warf-like-yin,96000,weak-fundamental,soft,56,G#3,4096,1024,42.67,10.67,0,-1,none,-,0,0,0,52,52,0,0,0,0.01
warf-like-yin,96000,full-fundamental,medium,57,A3,4096,1024,42.67,10.67,1,57,A3,49.33,100,0,0,52,52,0,0,0,0.00
warf-like-yin,96000,full-fundamental,soft,57,A3,4096,1024,42.67,10.67,0,-1,none,-,0,0,0,52,52,0,0,0,0.01
warf-like-yin,96000,weak-fundamental,medium,57,A3,4096,1024,42.67,10.67,1,57,A3,49.33,100,0,0,52,52,0,0,0,0.00
warf-like-yin,96000,weak-fundamental,soft,57,A3,4096,1024,42.67,10.67,0,-1,none,-,0,0,0,52,52,0,0,0,0.01
warf-like-yin,96000,full-fundamental,medium,58,A#3,4096,1024,42.67,10.67,1,58,A#3,49.33,100,0,0,52,52,0,0,0,0.00
warf-like-yin,96000,full-fundamental,soft,58,A#3,4096,1024,42.67,10.67,0,-1,none,-,0,0,0,52,52,0,0,0,0.01
warf-like-yin,96000,weak-fundamental,medium,58,A#3,4096,1024,42.67,10.67,1,58,A#3,49.33,100,0,0,52,52,0,0,0,0.00
warf-like-yin,96000,weak-fundamental,soft,58,A#3,4096,1024,42.67,10.67,0,-1,none,-,0,0,0,52,52,0,0,0,0.01
warf-like-yin,96000,full-fundamental,medium,59,B3,4096,1024,42.67,10.67,1,59,B3,49.33,100,0,0,52,52,0,0,0,0.00
warf-like-yin,96000,full-fundamental,soft,59,B3,4096,1024,42.67,10.67,0,-1,none,-,0,0,0,52,52,0,0,0,0.01
warf-like-yin,96000,weak-fundamental,medium,59,B3,4096,1024,42.67,10.67,1,59,B3,49.33,100,0,0,52,52,0,0,0,0.00
warf-like-yin,96000,weak-fundamental,soft,59,B3,4096,1024,42.67,10.67,0,-1,none,-,0,0,0,52,52,0,0,0,0.01
warf-like-yin,96000,full-fundamental,medium,60,C4,4096,1024,42.67,10.67,1,60,C4,49.33,100,0,0,52,52,0,0,0,0.01
warf-like-yin,96000,full-fundamental,soft,60,C4,4096,1024,42.67,10.67,0,-1,none,-,0,0,0,52,52,0,0,0,0.01
warf-like-yin,96000,weak-fundamental,medium,60,C4,4096,1024,42.67,10.67,1,60,C4,49.33,100,0,0,52,52,0,0,0,0.01
warf-like-yin,96000,weak-fundamental,soft,60,C4,4096,1024,42.67,10.67,0,-1,none,-,0,0,0,52,52,0,0,0,0.01
warf-like-yin,96000,full-fundamental,medium,61,C#4,4096,1024,42.67,10.67,1,61,C#4,49.33,100,0,0,52,52,0,0,0,0.01
warf-like-yin,96000,full-fundamental,soft,61,C#4,4096,1024,42.67,10.67,0,-1,none,-,0,0,0,52,52,0,0,0,0.01
warf-like-yin,96000,weak-fundamental,medium,61,C#4,4096,1024,42.67,10.67,1,61,C#4,49.33,100,0,0,52,52,0,0,0,0.01
warf-like-yin,96000,weak-fundamental,soft,61,C#4,4096,1024,42.67,10.67,0,-1,none,-,0,0,0,52,52,0,0,0,0.01
warf-like-yin,96000,full-fundamental,medium,62,D4,4096,1024,42.67,10.67,1,62,D4,49.33,100,0,0,52,52,0,0,0,0.01
warf-like-yin,96000,full-fundamental,soft,62,D4,4096,1024,42.67,10.67,0,-1,none,-,0,0,0,52,52,0,0,0,0.01
warf-like-yin,96000,weak-fundamental,medium,62,D4,4096,1024,42.67,10.67,1,62,D4,49.33,100,0,0,52,52,0,0,0,0.01
warf-like-yin,96000,weak-fundamental,soft,62,D4,4096,1024,42.67,10.67,0,-1,none,-,0,0,0,52,52,0,0,0,0.01
warf-like-yin,96000,full-fundamental,medium,63,D#4,4096,1024,42.67,10.67,1,63,D#4,49.33,100,0,0,52,52,0,0,0,0.00
warf-like-yin,96000,full-fundamental,soft,63,D#4,4096,1024,42.67,10.67,0,-1,none,-,0,0,0,52,52,0,0,0,0.01
warf-like-yin,96000,weak-fundamental,medium,63,D#4,4096,1024,42.67,10.67,1,63,D#4,49.33,100,0,0,52,52,0,0,0,0.00
warf-like-yin,96000,weak-fundamental,soft,63,D#4,4096,1024,42.67,10.67,0,-1,none,-,0,0,0,52,52,0,0,0,0.00
warf-like-yin,96000,full-fundamental,medium,64,E4,4096,1024,42.67,10.67,1,64,E4,49.33,100,0,0,52,52,0,0,0,0.01
warf-like-yin,96000,full-fundamental,soft,64,E4,4096,1024,42.67,10.67,0,-1,none,-,0,0,0,52,52,0,0,0,0.01
warf-like-yin,96000,weak-fundamental,medium,64,E4,4096,1024,42.67,10.67,1,64,E4,49.33,100,0,0,52,52,0,0,0,0.01
warf-like-yin,96000,weak-fundamental,soft,64,E4,4096,1024,42.67,10.67,0,-1,none,-,0,0,0,52,52,0,0,0,0.01
warf-like-yin,96000,full-fundamental,medium,65,F4,4096,1024,42.67,10.67,1,65,F4,49.33,100,0,0,52,52,0,0,0,0.01
warf-like-yin,96000,full-fundamental,soft,65,F4,4096,1024,42.67,10.67,0,-1,none,-,0,0,0,52,52,0,0,0,0.01
warf-like-yin,96000,weak-fundamental,medium,65,F4,4096,1024,42.67,10.67,1,65,F4,49.33,100,0,0,52,52,0,0,0,0.01
warf-like-yin,96000,weak-fundamental,soft,65,F4,4096,1024,42.67,10.67,0,-1,none,-,0,0,0,52,52,0,0,0,0.01
warf-like-yin,96000,full-fundamental,medium,66,F#4,4096,1024,42.67,10.67,1,66,F#4,49.33,100,0,0,52,52,0,0,0,0.01
warf-like-yin,96000,full-fundamental,soft,66,F#4,4096,1024,42.67,10.67,0,-1,none,-,0,0,0,52,52,0,0,0,0.01
warf-like-yin,96000,weak-fundamental,medium,66,F#4,4096,1024,42.67,10.67,1,66,F#4,49.33,100,0,0,52,52,0,0,0,0.01
warf-like-yin,96000,weak-fundamental,soft,66,F#4,4096,1024,42.67,10.67,0,-1,none,-,0,0,0,52,52,0,0,0,0.01
warf-like-yin,96000,full-fundamental,medium,67,G4,4096,1024,42.67,10.67,1,67,G4,49.33,100,0,0,52,52,0,0,0,0.01
warf-like-yin,96000,full-fundamental,soft,67,G4,4096,1024,42.67,10.67,0,-1,none,-,0,0,0,52,52,0,0,0,0.01
warf-like-yin,96000,weak-fundamental,medium,67,G4,4096,1024,42.67,10.67,1,67,G4,49.33,100,0,0,52,52,0,0,0,0.01
warf-like-yin,96000,weak-fundamental,soft,67,G4,4096,1024,42.67,10.67,0,-1,none,-,0,0,0,52,52,0,0,0,0.01
full-range-yin,96000,full-fundamental,medium,28,E1,5054,240,52.65,2.50,1,28,E1,45.15,100,0,0,219,219,0,0,0,0.07
full-range-yin,96000,full-fundamental,soft,28,E1,5054,240,52.65,2.50,0,-1,none,-,0,0,0,219,219,0,0,0,0.07
full-range-yin,96000,weak-fundamental,medium,28,E1,5054,240,52.65,2.50,1,28,E1,50.15,100,0,0,219,219,0,0,0,0.04
full-range-yin,96000,weak-fundamental,soft,28,E1,5054,240,52.65,2.50,0,-1,none,-,0,0,0,219,219,0,0,0,0.04
full-range-yin,96000,full-fundamental,medium,29,F1,5054,240,52.65,2.50,1,29,F1,45.15,100,0,0,219,219,0,0,0,0.09
full-range-yin,96000,full-fundamental,soft,29,F1,5054,240,52.65,2.50,0,-1,none,-,0,0,0,219,219,0,0,0,0.09
full-range-yin,96000,weak-fundamental,medium,29,F1,5054,240,52.65,2.50,1,29,F1,50.15,100,0,0,219,219,0,0,0,0.04
full-range-yin,96000,weak-fundamental,soft,29,F1,5054,240,52.65,2.50,0,-1,none,-,0,0,0,219,219,0,0,0,0.04
full-range-yin,96000,full-fundamental,medium,30,F#1,5054,240,52.65,2.50,1,30,F#1,47.65,100,0,0,219,219,0,0,0,0.07
full-range-yin,96000,full-fundamental,soft,30,F#1,5054,240,52.65,2.50,0,-1,none,-,0,0,0,219,219,0,0,0,0.07
full-range-yin,96000,weak-fundamental,medium,30,F#1,5054,240,52.65,2.50,1,30,F#1,50.15,100,0,0,219,219,0,0,0,0.03
full-range-yin,96000,weak-fundamental,soft,30,F#1,5054,240,52.65,2.50,0,-1,none,-,0,0,0,219,219,0,0,0,0.03
full-range-yin,96000,full-fundamental,medium,31,G1,5054,240,52.65,2.50,1,31,G1,47.65,100,0,0,219,219,0,0,0,0.03
full-range-yin,96000,full-fundamental,soft,31,G1,5054,240,52.65,2.50,0,-1,none,-,0,0,0,219,219,0,0,0,0.03
full-range-yin,96000,weak-fundamental,medium,31,G1,5054,240,52.65,2.50,1,31,G1,47.65,100,0,0,219,219,0,0,0,0.04
full-range-yin,96000,weak-fundamental,soft,31,G1,5054,240,52.65,2.50,0,-1,none,-,0,0,0,219,219,0,0,0,0.03
full-range-yin,96000,full-fundamental,medium,32,G#1,5054,240,52.65,2.50,1,32,G#1,55.15,100,0,0,219,219,0,0,0,0.05
full-range-yin,96000,full-fundamental,soft,32,G#1,5054,240,52.65,2.50,0,-1,none,-,0,0,0,219,219,0,0,0,0.05
full-range-yin,96000,weak-fundamental,medium,32,G#1,5054,240,52.65,2.50,1,32,G#1,50.15,100,0,0,219,219,0,0,0,0.02
full-range-yin,96000,weak-fundamental,soft,32,G#1,5054,240,52.65,2.50,0,-1,none,-,0,0,0,219,219,0,0,0,0.03
full-range-yin,96000,full-fundamental,medium,33,A1,5054,240,52.65,2.50,1,33,A1,50.15,100,0,0,219,219,0,0,0,0.05
full-range-yin,96000,full-fundamental,soft,33,A1,5054,240,52.65,2.50,0,-1,none,-,0,0,0,219,219,0,0,0,0.05
full-range-yin,96000,weak-fundamental,medium,33,A1,5054,240,52.65,2.50,1,33,A1,45.15,100,0,0,219,219,0,0,0,0.02
full-range-yin,96000,weak-fundamental,soft,33,A1,5054,240,52.65,2.50,0,-1,none,-,0,0,0,219,219,0,0,0,0.03
full-range-yin,96000,full-fundamental,medium,34,A#1,5054,240,52.65,2.50,1,34,A#1,55.15,100,0,0,219,219,0,0,0,0.04
full-range-yin,96000,full-fundamental,soft,34,A#1,5054,240,52.65,2.50,0,-1,none,-,0,0,0,219,219,0,0,0,0.04
full-range-yin,96000,weak-fundamental,medium,34,A#1,5054,240,52.65,2.50,1,34,A#1,50.15,100,0,0,219,219,0,0,0,0.02
full-range-yin,96000,weak-fundamental,soft,34,A#1,5054,240,52.65,2.50,0,-1,none,-,0,0,0,219,219,0,0,0,0.02
full-range-yin,96000,full-fundamental,medium,35,B1,5054,240,52.65,2.50,1,35,B1,50.15,100,0,0,219,219,0,0,0,0.03
full-range-yin,96000,full-fundamental,soft,35,B1,5054,240,52.65,2.50,0,-1,none,-,0,0,0,219,219,0,0,0,0.03
full-range-yin,96000,weak-fundamental,medium,35,B1,5054,240,52.65,2.50,1,35,B1,47.65,100,0,0,219,219,0,0,0,0.01
full-range-yin,96000,weak-fundamental,soft,35,B1,5054,240,52.65,2.50,0,-1,none,-,0,0,0,219,219,0,0,0,0.02
full-range-yin,96000,full-fundamental,medium,36,C2,5054,240,52.65,2.50,1,36,C2,52.65,100,0,0,219,219,0,0,0,0.03
full-range-yin,96000,full-fundamental,soft,36,C2,5054,240,52.65,2.50,0,-1,none,-,0,0,0,219,219,0,0,0,0.03
full-range-yin,96000,weak-fundamental,medium,36,C2,5054,240,52.65,2.50,1,36,C2,50.15,100,0,0,219,219,0,0,0,0.01
full-range-yin,96000,weak-fundamental,soft,36,C2,5054,240,52.65,2.50,0,-1,none,-,0,0,0,219,219,0,0,0,0.02
full-range-yin,96000,full-fundamental,medium,37,C#2,5054,240,52.65,2.50,1,37,C#2,50.15,100,0,0,219,219,0,0,0,0.05
full-range-yin,96000,full-fundamental,soft,37,C#2,5054,240,52.65,2.50,0,-1,none,-,0,0,0,219,219,0,0,0,0.05
full-range-yin,96000,weak-fundamental,medium,37,C#2,5054,240,52.65,2.50,1,37,C#2,50.15,100,0,0,219,219,0,0,0,0.01
full-range-yin,96000,weak-fundamental,soft,37,C#2,5054,240,52.65,2.50,0,-1,none,-,0,0,0,219,219,0,0,0,0.02
full-range-yin,96000,full-fundamental,medium,38,D2,5054,240,52.65,2.50,1,38,D2,52.65,100,0,0,219,219,0,0,0,0.02
full-range-yin,96000,full-fundamental,soft,38,D2,5054,240,52.65,2.50,0,-1,none,-,0,0,0,219,219,0,0,0,0.03
full-range-yin,96000,weak-fundamental,medium,38,D2,5054,240,52.65,2.50,1,38,D2,52.65,100,0,0,219,219,0,0,0,0.01
full-range-yin,96000,weak-fundamental,soft,38,D2,5054,240,52.65,2.50,0,-1,none,-,0,0,0,219,219,0,0,0,0.02
full-range-yin,96000,full-fundamental,medium,39,D#2,5054,240,52.65,2.50,1,39,D#2,50.15,100,0,0,219,219,0,0,0,0.01
full-range-yin,96000,full-fundamental,soft,39,D#2,5054,240,52.65,2.50,0,-1,none,-,0,0,0,219,219,0,0,0,0.02
full-range-yin,96000,weak-fundamental,medium,39,D#2,5054,240,52.65,2.50,1,39,D#2,50.15,100,0,0,219,219,0,0,0,0.01
full-range-yin,96000,weak-fundamental,soft,39,D#2,5054,240,52.65,2.50,0,-1,none,-,0,0,0,219,219,0,0,0,0.02
full-range-yin,96000,full-fundamental,medium,40,E2,5054,240,52.65,2.50,1,40,E2,52.65,100,0,0,219,219,0,0,0,0.03
full-range-yin,96000,full-fundamental,soft,40,E2,5054,240,52.65,2.50,0,-1,none,-,0,0,0,219,219,0,0,0,0.03
full-range-yin,96000,weak-fundamental,medium,40,E2,5054,240,52.65,2.50,1,40,E2,50.15,100,0,0,219,219,0,0,0,0.01
full-range-yin,96000,weak-fundamental,soft,40,E2,5054,240,52.65,2.50,0,-1,none,-,0,0,0,219,219,0,0,0,0.01
full-range-yin,96000,full-fundamental,medium,41,F2,5054,240,52.65,2.50,1,41,F2,52.65,100,0,0,219,219,0,0,0,0.02
full-range-yin,96000,full-fundamental,soft,41,F2,5054,240,52.65,2.50,0,-1,none,-,0,0,0,219,219,0,0,0,0.02
full-range-yin,96000,weak-fundamental,medium,41,F2,5054,240,52.65,2.50,1,41,F2,50.15,100,0,0,219,219,0,0,0,0.01
full-range-yin,96000,weak-fundamental,soft,41,F2,5054,240,52.65,2.50,0,-1,none,-,0,0,0,219,219,0,0,0,0.01
full-range-yin,96000,full-fundamental,medium,42,F#2,5054,240,52.65,2.50,1,42,F#2,52.65,100,0,0,219,219,0,0,0,0.02
full-range-yin,96000,full-fundamental,soft,42,F#2,5054,240,52.65,2.50,0,-1,none,-,0,0,0,219,219,0,0,0,0.02
full-range-yin,96000,weak-fundamental,medium,42,F#2,5054,240,52.65,2.50,1,42,F#2,50.15,100,0,0,219,219,0,0,0,0.01
full-range-yin,96000,weak-fundamental,soft,42,F#2,5054,240,52.65,2.50,0,-1,none,-,0,0,0,219,219,0,0,0,0.01
full-range-yin,96000,full-fundamental,medium,43,G2,5054,240,52.65,2.50,1,43,G2,50.15,100,0,0,219,219,0,0,0,0.01
full-range-yin,96000,full-fundamental,soft,43,G2,5054,240,52.65,2.50,0,-1,none,-,0,0,0,219,219,0,0,0,0.02
full-range-yin,96000,weak-fundamental,medium,43,G2,5054,240,52.65,2.50,1,43,G2,50.15,100,0,0,219,219,0,0,0,0.01
full-range-yin,96000,weak-fundamental,soft,43,G2,5054,240,52.65,2.50,0,-1,none,-,0,0,0,219,219,0,0,0,0.01
full-range-yin,96000,full-fundamental,medium,44,G#2,5054,240,52.65,2.50,1,44,G#2,50.15,100,0,0,219,219,0,0,0,0.01
full-range-yin,96000,full-fundamental,soft,44,G#2,5054,240,52.65,2.50,0,-1,none,-,0,0,0,219,219,0,0,0,0.01
full-range-yin,96000,weak-fundamental,medium,44,G#2,5054,240,52.65,2.50,1,44,G#2,50.15,100,0,0,219,219,0,0,0,0.00
full-range-yin,96000,weak-fundamental,soft,44,G#2,5054,240,52.65,2.50,0,-1,none,-,0,0,0,219,219,0,0,0,0.01
full-range-yin,96000,full-fundamental,medium,45,A2,5054,240,52.65,2.50,1,45,A2,50.15,100,0,0,219,219,0,0,0,0.01
full-range-yin,96000,full-fundamental,soft,45,A2,5054,240,52.65,2.50,0,-1,none,-,0,0,0,219,219,0,0,0,0.02
full-range-yin,96000,weak-fundamental,medium,45,A2,5054,240,52.65,2.50,1,45,A2,50.15,100,0,0,219,219,0,0,0,0.01
full-range-yin,96000,weak-fundamental,soft,45,A2,5054,240,52.65,2.50,0,-1,none,-,0,0,0,219,219,0,0,0,0.01
full-range-yin,96000,full-fundamental,medium,46,A#2,5054,240,52.65,2.50,1,46,A#2,50.15,100,0,0,219,219,0,0,0,0.01
full-range-yin,96000,full-fundamental,soft,46,A#2,5054,240,52.65,2.50,0,-1,none,-,0,0,0,219,219,0,0,0,0.01
full-range-yin,96000,weak-fundamental,medium,46,A#2,5054,240,52.65,2.50,1,46,A#2,50.15,100,0,0,219,219,0,0,0,0.01
full-range-yin,96000,weak-fundamental,soft,46,A#2,5054,240,52.65,2.50,0,-1,none,-,0,0,0,219,219,0,0,0,0.01
full-range-yin,96000,full-fundamental,medium,47,B2,5054,240,52.65,2.50,1,47,B2,52.65,100,0,0,219,219,0,0,0,0.01
full-range-yin,96000,full-fundamental,soft,47,B2,5054,240,52.65,2.50,0,-1,none,-,0,0,0,219,219,0,0,0,0.01
full-range-yin,96000,weak-fundamental,medium,47,B2,5054,240,52.65,2.50,1,47,B2,52.65,100,0,0,219,219,0,0,0,0.00
full-range-yin,96000,weak-fundamental,soft,47,B2,5054,240,52.65,2.50,0,-1,none,-,0,0,0,219,219,0,0,0,0.01
full-range-yin,96000,full-fundamental,medium,48,C3,5054,240,52.65,2.50,1,48,C3,50.15,100,0,0,219,219,0,0,0,0.01
full-range-yin,96000,full-fundamental,soft,48,C3,5054,240,52.65,2.50,0,-1,none,-,0,0,0,219,219,0,0,0,0.01
full-range-yin,96000,weak-fundamental,medium,48,C3,5054,240,52.65,2.50,1,48,C3,50.15,100,0,0,219,219,0,0,0,0.01
full-range-yin,96000,weak-fundamental,soft,48,C3,5054,240,52.65,2.50,0,-1,none,-,0,0,0,219,219,0,0,0,0.01
full-range-yin,96000,full-fundamental,medium,49,C#3,5054,240,52.65,2.50,1,49,C#3,50.15,100,0,0,219,219,0,0,0,0.01
full-range-yin,96000,full-fundamental,soft,49,C#3,5054,240,52.65,2.50,0,-1,none,-,0,0,0,219,219,0,0,0,0.01
full-range-yin,96000,weak-fundamental,medium,49,C#3,5054,240,52.65,2.50,1,49,C#3,50.15,100,0,0,219,219,0,0,0,0.00
full-range-yin,96000,weak-fundamental,soft,49,C#3,5054,240,52.65,2.50,0,-1,none,-,0,0,0,219,219,0,0,0,0.01
full-range-yin,96000,full-fundamental,medium,50,D3,5054,240,52.65,2.50,1,50,D3,50.15,100,0,0,219,219,0,0,0,0.00
full-range-yin,96000,full-fundamental,soft,50,D3,5054,240,52.65,2.50,0,-1,none,-,0,0,0,219,219,0,0,0,0.01
full-range-yin,96000,weak-fundamental,medium,50,D3,5054,240,52.65,2.50,1,50,D3,50.15,100,0,0,219,219,0,0,0,0.00
full-range-yin,96000,weak-fundamental,soft,50,D3,5054,240,52.65,2.50,0,-1,none,-,0,0,0,219,219,0,0,0,0.01
full-range-yin,96000,full-fundamental,medium,51,D#3,5054,240,52.65,2.50,1,51,D#3,50.15,100,0,0,219,219,0,0,0,0.01
full-range-yin,96000,full-fundamental,soft,51,D#3,5054,240,52.65,2.50,0,-1,none,-,0,0,0,219,219,0,0,0,0.01
full-range-yin,96000,weak-fundamental,medium,51,D#3,5054,240,52.65,2.50,1,51,D#3,50.15,100,0,0,219,219,0,0,0,0.00
full-range-yin,96000,weak-fundamental,soft,51,D#3,5054,240,52.65,2.50,0,-1,none,-,0,0,0,219,219,0,0,0,0.01
full-range-yin,96000,full-fundamental,medium,52,E3,5054,240,52.65,2.50,1,52,E3,50.15,100,0,0,219,219,0,0,0,0.01
full-range-yin,96000,full-fundamental,soft,52,E3,5054,240,52.65,2.50,0,-1,none,-,0,0,0,219,219,0,0,0,0.01
full-range-yin,96000,weak-fundamental,medium,52,E3,5054,240,52.65,2.50,1,52,E3,50.15,100,0,0,219,219,0,0,0,0.00
full-range-yin,96000,weak-fundamental,soft,52,E3,5054,240,52.65,2.50,0,-1,none,-,0,0,0,219,219,0,0,0,0.01
full-range-yin,96000,full-fundamental,medium,53,F3,5054,240,52.65,2.50,1,53,F3,47.65,100,0,0,219,219,0,0,0,0.01
full-range-yin,96000,full-fundamental,soft,53,F3,5054,240,52.65,2.50,0,-1,none,-,0,0,0,219,219,0,0,0,0.01
full-range-yin,96000,weak-fundamental,medium,53,F3,5054,240,52.65,2.50,1,53,F3,47.65,100,0,0,219,219,0,0,0,0.00
full-range-yin,96000,weak-fundamental,soft,53,F3,5054,240,52.65,2.50,0,-1,none,-,0,0,0,219,219,0,0,0,0.01
full-range-yin,96000,full-fundamental,medium,54,F#3,5054,240,52.65,2.50,1,54,F#3,47.65,100,0,0,219,219,0,0,0,0.00
full-range-yin,96000,full-fundamental,soft,54,F#3,5054,240,52.65,2.50,0,-1,none,-,0,0,0,219,219,0,0,0,0.01
full-range-yin,96000,weak-fundamental,medium,54,F#3,5054,240,52.65,2.50,1,54,F#3,47.65,100,0,0,219,219,0,0,0,0.00
full-range-yin,96000,weak-fundamental,soft,54,F#3,5054,240,52.65,2.50,0,-1,none,-,0,0,0,219,219,0,0,0,0.01
full-range-yin,96000,full-fundamental,medium,55,G3,5054,240,52.65,2.50,1,55,G3,47.65,100,0,0,219,219,0,0,0,0.01
full-range-yin,96000,full-fundamental,soft,55,G3,5054,240,52.65,2.50,0,-1,none,-,0,0,0,219,219,0,0,0,0.01
full-range-yin,96000,weak-fundamental,medium,55,G3,5054,240,52.65,2.50,1,55,G3,47.65,100,0,0,219,219,0,0,0,0.00
full-range-yin,96000,weak-fundamental,soft,55,G3,5054,240,52.65,2.50,0,-1,none,-,0,0,0,219,219,0,0,0,0.01
full-range-yin,96000,full-fundamental,medium,56,G#3,5054,240,52.65,2.50,1,56,G#3,45.15,100,0,0,219,219,0,0,0,0.00
full-range-yin,96000,full-fundamental,soft,56,G#3,5054,240,52.65,2.50,0,-1,none,-,0,0,0,219,219,0,0,0,0.01
full-range-yin,96000,weak-fundamental,medium,56,G#3,5054,240,52.65,2.50,1,56,G#3,45.15,100,0,0,219,219,0,0,0,0.00
full-range-yin,96000,weak-fundamental,soft,56,G#3,5054,240,52.65,2.50,0,-1,none,-,0,0,0,219,219,0,0,0,0.01
full-range-yin,96000,full-fundamental,medium,57,A3,5054,240,52.65,2.50,1,57,A3,45.15,100,0,0,219,219,0,0,0,0.00
full-range-yin,96000,full-fundamental,soft,57,A3,5054,240,52.65,2.50,0,-1,none,-,0,0,0,219,219,0,0,0,0.01
full-range-yin,96000,weak-fundamental,medium,57,A3,5054,240,52.65,2.50,1,57,A3,45.15,100,0,0,219,219,0,0,0,0.00
full-range-yin,96000,weak-fundamental,soft,57,A3,5054,240,52.65,2.50,0,-1,none,-,0,0,0,219,219,0,0,0,0.00
full-range-yin,96000,full-fundamental,medium,58,A#3,5054,240,52.65,2.50,1,58,A#3,42.65,100,0,0,219,219,0,0,0,0.01
full-range-yin,96000,full-fundamental,soft,58,A#3,5054,240,52.65,2.50,0,-1,none,-,0,0,0,219,219,0,0,0,0.01
full-range-yin,96000,weak-fundamental,medium,58,A#3,5054,240,52.65,2.50,1,58,A#3,45.15,100,0,0,219,219,0,0,0,0.00
full-range-yin,96000,weak-fundamental,soft,58,A#3,5054,240,52.65,2.50,0,-1,none,-,0,0,0,219,219,0,0,0,0.01
full-range-yin,96000,full-fundamental,medium,59,B3,5054,240,52.65,2.50,1,59,B3,42.65,100,0,0,219,219,0,0,0,0.00
full-range-yin,96000,full-fundamental,soft,59,B3,5054,240,52.65,2.50,0,-1,none,-,0,0,0,219,219,0,0,0,0.01
full-range-yin,96000,weak-fundamental,medium,59,B3,5054,240,52.65,2.50,1,59,B3,42.65,100,0,0,219,219,0,0,0,0.00
full-range-yin,96000,weak-fundamental,soft,59,B3,5054,240,52.65,2.50,0,-1,none,-,0,0,0,219,219,0,0,0,0.01
full-range-yin,96000,full-fundamental,medium,60,C4,5054,240,52.65,2.50,1,60,C4,42.65,100,0,0,219,219,0,0,0,0.01
full-range-yin,96000,full-fundamental,soft,60,C4,5054,240,52.65,2.50,0,-1,none,-,0,0,0,219,219,0,0,0,0.01
full-range-yin,96000,weak-fundamental,medium,60,C4,5054,240,52.65,2.50,1,60,C4,42.65,100,0,0,219,219,0,0,0,0.01
full-range-yin,96000,weak-fundamental,soft,60,C4,5054,240,52.65,2.50,0,-1,none,-,0,0,0,219,219,0,0,0,0.01
full-range-yin,96000,full-fundamental,medium,61,C#4,5054,240,52.65,2.50,1,61,C#4,40.15,100,0,0,219,219,0,0,0,0.01
full-range-yin,96000,full-fundamental,soft,61,C#4,5054,240,52.65,2.50,0,-1,none,-,0,0,0,219,219,0,0,0,0.01
full-range-yin,96000,weak-fundamental,medium,61,C#4,5054,240,52.65,2.50,1,61,C#4,42.65,100,0,0,219,219,0,0,0,0.01
full-range-yin,96000,weak-fundamental,soft,61,C#4,5054,240,52.65,2.50,0,-1,none,-,0,0,0,219,219,0,0,0,0.01
full-range-yin,96000,full-fundamental,medium,62,D4,5054,240,52.65,2.50,1,62,D4,40.15,100,0,0,219,219,0,0,0,0.01
full-range-yin,96000,full-fundamental,soft,62,D4,5054,240,52.65,2.50,0,-1,none,-,0,0,0,219,219,0,0,0,0.01
full-range-yin,96000,weak-fundamental,medium,62,D4,5054,240,52.65,2.50,1,62,D4,40.15,100,0,0,219,219,0,0,0,0.01
full-range-yin,96000,weak-fundamental,soft,62,D4,5054,240,52.65,2.50,0,-1,none,-,0,0,0,219,219,0,0,0,0.01
full-range-yin,96000,full-fundamental,medium,63,D#4,5054,240,52.65,2.50,1,63,D#4,40.15,100,0,0,219,219,0,0,0,0.00
full-range-yin,96000,full-fundamental,soft,63,D#4,5054,240,52.65,2.50,0,-1,none,-,0,0,0,219,219,0,0,0,0.01
full-range-yin,96000,weak-fundamental,medium,63,D#4,5054,240,52.65,2.50,1,63,D#4,40.15,100,0,0,219,219,0,0,0,0.00
full-range-yin,96000,weak-fundamental,soft,63,D#4,5054,240,52.65,2.50,0,-1,none,-,0,0,0,219,219,0,0,0,0.00
full-range-yin,96000,full-fundamental,medium,64,E4,5054,240,52.65,2.50,1,64,E4,37.65,100,0,0,219,219,0,0,0,0.01
full-range-yin,96000,full-fundamental,soft,64,E4,5054,240,52.65,2.50,0,-1,none,-,0,0,0,219,219,0,0,0,0.01
full-range-yin,96000,weak-fundamental,medium,64,E4,5054,240,52.65,2.50,1,64,E4,40.15,100,0,0,219,219,0,0,0,0.01
full-range-yin,96000,weak-fundamental,soft,64,E4,5054,240,52.65,2.50,0,-1,none,-,0,0,0,219,219,0,0,0,0.01
full-range-yin,96000,full-fundamental,medium,65,F4,5054,240,52.65,2.50,1,65,F4,37.65,100,0,0,219,219,0,0,0,0.01
full-range-yin,96000,full-fundamental,soft,65,F4,5054,240,52.65,2.50,0,-1,none,-,0,0,0,219,219,0,0,0,0.01
full-range-yin,96000,weak-fundamental,medium,65,F4,5054,240,52.65,2.50,1,65,F4,37.65,100,0,0,219,219,0,0,0,0.01
full-range-yin,96000,weak-fundamental,soft,65,F4,5054,240,52.65,2.50,0,-1,none,-,0,0,0,219,219,0,0,0,0.01
full-range-yin,96000,full-fundamental,medium,66,F#4,5054,240,52.65,2.50,1,66,F#4,37.65,100,0,0,219,219,0,0,0,0.01
full-range-yin,96000,full-fundamental,soft,66,F#4,5054,240,52.65,2.50,0,-1,none,-,0,0,0,219,219,0,0,0,0.01
full-range-yin,96000,weak-fundamental,medium,66,F#4,5054,240,52.65,2.50,1,66,F#4,37.65,100,0,0,219,219,0,0,0,0.01
full-range-yin,96000,weak-fundamental,soft,66,F#4,5054,240,52.65,2.50,0,-1,none,-,0,0,0,219,219,0,0,0,0.01
full-range-yin,96000,full-fundamental,medium,67,G4,5054,240,52.65,2.50,1,67,G4,37.65,100,0,0,219,219,0,0,0,0.01
full-range-yin,96000,full-fundamental,soft,67,G4,5054,240,52.65,2.50,0,-1,none,-,0,0,0,219,219,0,0,0,0.01
full-range-yin,96000,weak-fundamental,medium,67,G4,5054,240,52.65,2.50,1,67,G4,37.65,100,0,0,219,219,0,0,0,0.01
full-range-yin,96000,weak-fundamental,soft,67,G4,5054,240,52.65,2.50,0,-1,none,-,0,0,0,219,219,0,0,0,0.01
full-range-yin+nsm,96000,full-fundamental,medium,28,E1,5054,240,52.65,2.50,1,28,E1,45.15,98,0,0,219,219,0,0,0,0.07
full-range-yin+nsm,96000,full-fundamental,soft,28,E1,5054,240,52.65,2.50,1,28,E1,45.15,35,0,0,219,219,0,0,0,0.07
full-range-yin+nsm,96000,weak-fundamental,medium,28,E1,5054,240,52.65,2.50,1,28,E1,50.15,99,0,0,219,219,0,0,0,0.04
full-range-yin+nsm,96000,weak-fundamental,soft,28,E1,5054,240,52.65,2.50,1,28,E1,50.15,36,0,0,219,219,0,0,0,0.04
full-range-yin+nsm,96000,full-fundamental,medium,29,F1,5054,240,52.65,2.50,1,29,F1,45.15,99,0,0,219,219,0,0,0,0.09
full-range-yin+nsm,96000,full-fundamental,soft,29,F1,5054,240,52.65,2.50,1,29,F1,45.15,37,0,0,219,219,0,0,0,0.09
full-range-yin+nsm,96000,weak-fundamental,medium,29,F1,5054,240,52.65,2.50,1,29,F1,50.15,95,0,0,219,219,0,0,0,0.04
full-range-yin+nsm,96000,weak-fundamental,soft,29,F1,5054,240,52.65,2.50,1,29,F1,50.15,32,0,0,219,219,0,0,0,0.04
full-range-yin+nsm,96000,full-fundamental,medium,30,F#1,5054,240,52.65,2.50,1,30,F#1,47.65,96,0,0,219,219,0,0,0,0.07
full-range-yin+nsm,96000,full-fundamental,soft,30,F#1,5054,240,52.65,2.50,1,30,F#1,47.65,33,0,0,219,219,0,0,0,0.07
full-range-yin+nsm,96000,weak-fundamental,medium,30,F#1,5054,240,52.65,2.50,1,30,F#1,50.15,91,0,0,219,219,0,0,0,0.03
full-range-yin+nsm,96000,weak-fundamental,soft,30,F#1,5054,240,52.65,2.50,1,30,F#1,50.15,28,0,0,219,219,0,0,0,0.03
full-range-yin+nsm,96000,full-fundamental,medium,31,G1,5054,240,52.65,2.50,1,31,G1,47.65,100,0,0,219,219,0,0,0,0.03
full-range-yin+nsm,96000,full-fundamental,soft,31,G1,5054,240,52.65,2.50,1,31,G1,47.65,37,0,0,219,219,0,0,0,0.03
full-range-yin+nsm,96000,weak-fundamental,medium,31,G1,5054,240,52.65,2.50,1,31,G1,47.65,94,0,0,219,219,0,0,0,0.04
full-range-yin+nsm,96000,weak-fundamental,soft,31,G1,5054,240,52.65,2.50,1,31,G1,47.65,31,0,0,219,219,0,0,0,0.03
full-range-yin+nsm,96000,full-fundamental,medium,32,G#1,5054,240,52.65,2.50,1,32,G#1,55.15,99,0,0,219,219,0,0,0,0.05
full-range-yin+nsm,96000,full-fundamental,soft,32,G#1,5054,240,52.65,2.50,1,32,G#1,55.15,36,0,0,219,219,0,0,0,0.05
full-range-yin+nsm,96000,weak-fundamental,medium,32,G#1,5054,240,52.65,2.50,1,32,G#1,50.15,91,0,0,219,219,0,0,0,0.02
full-range-yin+nsm,96000,weak-fundamental,soft,32,G#1,5054,240,52.65,2.50,1,32,G#1,50.15,28,0,0,219,219,0,0,0,0.03
full-range-yin+nsm,96000,full-fundamental,medium,33,A1,5054,240,52.65,2.50,1,33,A1,50.15,95,0,0,219,219,0,0,0,0.05
full-range-yin+nsm,96000,full-fundamental,soft,33,A1,5054,240,52.65,2.50,1,33,A1,50.15,32,0,0,219,219,0,0,0,0.05
full-range-yin+nsm,96000,weak-fundamental,medium,33,A1,5054,240,52.65,2.50,1,33,A1,45.15,95,0,0,219,219,0,0,0,0.02
full-range-yin+nsm,96000,weak-fundamental,soft,33,A1,5054,240,52.65,2.50,1,33,A1,45.15,32,0,0,219,219,0,0,0,0.03
full-range-yin+nsm,96000,full-fundamental,medium,34,A#1,5054,240,52.65,2.50,1,34,A#1,55.15,99,0,0,219,219,0,0,0,0.04
full-range-yin+nsm,96000,full-fundamental,soft,34,A#1,5054,240,52.65,2.50,1,34,A#1,55.15,36,0,0,219,219,0,0,0,0.04
full-range-yin+nsm,96000,weak-fundamental,medium,34,A#1,5054,240,52.65,2.50,1,34,A#1,50.15,93,0,0,219,219,0,0,0,0.02
full-range-yin+nsm,96000,weak-fundamental,soft,34,A#1,5054,240,52.65,2.50,1,34,A#1,50.15,30,0,0,219,219,0,0,0,0.02
full-range-yin+nsm,96000,full-fundamental,medium,35,B1,5054,240,52.65,2.50,1,35,B1,50.15,92,0,0,219,219,0,0,0,0.03
full-range-yin+nsm,96000,full-fundamental,soft,35,B1,5054,240,52.65,2.50,1,35,B1,50.15,29,0,0,219,219,0,0,0,0.03
full-range-yin+nsm,96000,weak-fundamental,medium,35,B1,5054,240,52.65,2.50,1,35,B1,47.65,101,0,0,219,219,0,0,0,0.01
full-range-yin+nsm,96000,weak-fundamental,soft,35,B1,5054,240,52.65,2.50,1,35,B1,47.65,38,0,0,219,219,0,0,0,0.02
full-range-yin+nsm,96000,full-fundamental,medium,36,C2,5054,240,52.65,2.50,1,36,C2,52.65,91,0,0,219,219,0,0,0,0.03
full-range-yin+nsm,96000,full-fundamental,soft,36,C2,5054,240,52.65,2.50,1,36,C2,52.65,28,0,0,219,219,0,0,0,0.03
full-range-yin+nsm,96000,weak-fundamental,medium,36,C2,5054,240,52.65,2.50,1,36,C2,50.15,98,0,0,219,219,0,0,0,0.01
full-range-yin+nsm,96000,weak-fundamental,soft,36,C2,5054,240,52.65,2.50,1,36,C2,50.15,37,0,0,219,219,0,0,0,0.02
full-range-yin+nsm,96000,full-fundamental,medium,37,C#2,5054,240,52.65,2.50,1,37,C#2,50.15,94,0,0,219,219,0,0,0,0.05
full-range-yin+nsm,96000,full-fundamental,soft,37,C#2,5054,240,52.65,2.50,1,37,C#2,50.15,31,0,0,219,219,0,0,0,0.05
full-range-yin+nsm,96000,weak-fundamental,medium,37,C#2,5054,240,52.65,2.50,1,37,C#2,50.15,91,0,0,219,219,0,0,0,0.01
full-range-yin+nsm,96000,weak-fundamental,soft,37,C#2,5054,240,52.65,2.50,1,37,C#2,50.15,28,0,0,219,219,0,0,0,0.02
full-range-yin+nsm,96000,full-fundamental,medium,38,D2,5054,240,52.65,2.50,1,38,D2,52.65,93,0,0,219,219,0,0,0,0.02
full-range-yin+nsm,96000,full-fundamental,soft,38,D2,5054,240,52.65,2.50,1,38,D2,52.65,30,0,0,219,219,0,0,0,0.03
full-range-yin+nsm,96000,weak-fundamental,medium,38,D2,5054,240,52.65,2.50,1,38,D2,52.65,95,0,0,219,219,0,0,0,0.01
full-range-yin+nsm,96000,weak-fundamental,soft,38,D2,5054,240,52.65,2.50,1,38,D2,52.65,33,0,0,219,219,0,0,0,0.02
full-range-yin+nsm,96000,full-fundamental,medium,39,D#2,5054,240,52.65,2.50,1,39,D#2,50.15,96,0,0,219,219,0,0,0,0.01
full-range-yin+nsm,96000,full-fundamental,soft,39,D#2,5054,240,52.65,2.50,1,39,D#2,50.15,34,0,0,219,219,0,0,0,0.02
full-range-yin+nsm,96000,weak-fundamental,medium,39,D#2,5054,240,52.65,2.50,1,39,D#2,50.15,95,0,0,219,219,0,0,0,0.01
full-range-yin+nsm,96000,weak-fundamental,soft,39,D#2,5054,240,52.65,2.50,1,39,D#2,50.15,32,0,0,219,219,0,0,0,0.02
full-range-yin+nsm,96000,full-fundamental,medium,40,E2,5054,240,52.65,2.50,1,40,E2,52.65,96,0,0,219,219,0,0,0,0.03
full-range-yin+nsm,96000,full-fundamental,soft,40,E2,5054,240,52.65,2.50,1,40,E2,52.65,33,0,0,219,219,0,0,0,0.03
full-range-yin+nsm,96000,weak-fundamental,medium,40,E2,5054,240,52.65,2.50,1,40,E2,50.15,93,0,0,219,219,0,0,0,0.01
full-range-yin+nsm,96000,weak-fundamental,soft,40,E2,5054,240,52.65,2.50,1,40,E2,50.15,30,0,0,219,219,0,0,0,0.01
full-range-yin+nsm,96000,full-fundamental,medium,41,F2,5054,240,52.65,2.50,1,41,F2,52.65,97,0,0,219,219,0,0,0,0.02
full-range-yin+nsm,96000,full-fundamental,soft,41,F2,5054,240,52.65,2.50,1,41,F2,52.65,34,0,0,219,219,0,0,0,0.02
full-range-yin+nsm,96000,weak-fundamental,medium,41,F2,5054,240,52.65,2.50,1,41,F2,50.15,93,0,0,219,219,0,0,0,0.01
full-range-yin+nsm,96000,weak-fundamental,soft,41,F2,5054,240,52.65,2.50,1,41,F2,50.15,30,0,0,219,219,0,0,0,0.01
full-range-yin+nsm,96000,full-fundamental,medium,42,F#2,5054,240,52.65,2.50,1,42,F#2,52.65,96,0,0,219,219,0,0,0,0.02
full-range-yin+nsm,96000,full-fundamental,soft,42,F#2,5054,240,52.65,2.50,1,42,F#2,52.65,33,0,0,219,219,0,0,0,0.02
full-range-yin+nsm,96000,weak-fundamental,medium,42,F#2,5054,240,52.65,2.50,1,42,F#2,50.15,88,0,0,219,219,0,0,0,0.01
full-range-yin+nsm,96000,weak-fundamental,soft,42,F#2,5054,240,52.65,2.50,1,42,F#2,50.15,26,0,0,219,219,0,0,0,0.01
full-range-yin+nsm,96000,full-fundamental,medium,43,G2,5054,240,52.65,2.50,1,43,G2,50.15,97,0,0,219,219,0,0,0,0.01
full-range-yin+nsm,96000,full-fundamental,soft,43,G2,5054,240,52.65,2.50,1,43,G2,50.15,34,0,0,219,219,0,0,0,0.02
full-range-yin+nsm,96000,weak-fundamental,medium,43,G2,5054,240,52.65,2.50,1,43,G2,50.15,94,0,0,219,219,0,0,0,0.01
full-range-yin+nsm,96000,weak-fundamental,soft,43,G2,5054,240,52.65,2.50,1,43,G2,50.15,31,0,0,219,219,0,0,0,0.01
full-range-yin+nsm,96000,full-fundamental,medium,44,G#2,5054,240,52.65,2.50,1,44,G#2,50.15,92,0,0,219,219,0,0,0,0.01
full-range-yin+nsm,96000,full-fundamental,soft,44,G#2,5054,240,52.65,2.50,1,44,G#2,50.15,29,0,0,219,219,0,0,0,0.01
full-range-yin+nsm,96000,weak-fundamental,medium,44,G#2,5054,240,52.65,2.50,1,44,G#2,50.15,96,0,0,219,219,0,0,0,0.00
full-range-yin+nsm,96000,weak-fundamental,soft,44,G#2,5054,240,52.65,2.50,1,44,G#2,50.15,33,0,0,219,219,0,0,0,0.01
full-range-yin+nsm,96000,full-fundamental,medium,45,A2,5054,240,52.65,2.50,1,45,A2,50.15,92,0,0,219,219,0,0,0,0.01
full-range-yin+nsm,96000,full-fundamental,soft,45,A2,5054,240,52.65,2.50,1,45,A2,50.15,29,0,0,219,219,0,0,0,0.02
full-range-yin+nsm,96000,weak-fundamental,medium,45,A2,5054,240,52.65,2.50,1,45,A2,50.15,94,0,0,219,219,0,0,0,0.01
full-range-yin+nsm,96000,weak-fundamental,soft,45,A2,5054,240,52.65,2.50,1,45,A2,50.15,31,0,0,219,219,0,0,0,0.01
full-range-yin+nsm,96000,full-fundamental,medium,46,A#2,5054,240,52.65,2.50,1,46,A#2,50.15,91,0,0,219,219,0,0,0,0.01
full-range-yin+nsm,96000,full-fundamental,soft,46,A#2,5054,240,52.65,2.50,1,46,A#2,50.15,28,0,0,219,219,0,0,0,0.01
full-range-yin+nsm,96000,weak-fundamental,medium,46,A#2,5054,240,52.65,2.50,1,46,A#2,50.15,93,0,0,219,219,0,0,0,0.01
full-range-yin+nsm,96000,weak-fundamental,soft,46,A#2,5054,240,52.65,2.50,1,46,A#2,50.15,30,0,0,219,219,0,0,0,0.01
full-range-yin+nsm,96000,full-fundamental,medium,47,B2,5054,240,52.65,2.50,1,47,B2,52.65,96,0,0,219,219,0,0,0,0.01
full-range-yin+nsm,96000,full-fundamental,soft,47,B2,5054,240,52.65,2.50,1,47,B2,52.65,33,0,0,219,219,0,0,0,0.01
full-range-yin+nsm,96000,weak-fundamental,medium,47,B2,5054,240,52.65,2.50,1,47,B2,52.65,99,0,0,219,219,0,0,0,0.00
full-range-yin+nsm,96000,weak-fundamental,soft,47,B2,5054,240,52.65,2.50,1,47,B2,52.65,36,0,0,219,219,0,0,0,0.01
full-range-yin+nsm,96000,full-fundamental,medium,48,C3,5054,240,52.65,2.50,1,48,C3,50.15,94,0,0,219,219,0,0,0,0.01
full-range-yin+nsm,96000,full-fundamental,soft,48,C3,5054,240,52.65,2.50,1,48,C3,50.15,31,0,0,219,219,0,0,0,0.01
full-range-yin+nsm,96000,weak-fundamental,medium,48,C3,5054,240,52.65,2.50,1,48,C3,50.15,92,0,0,219,219,0,0,0,0.01
full-range-yin+nsm,96000,weak-fundamental,soft,48,C3,5054,240,52.65,2.50,1,48,C3,50.15,29,0,0,219,219,0,0,0,0.01
full-range-yin+nsm,96000,full-fundamental,medium,49,C#3,5054,240,52.65,2.50,1,49,C#3,50.15,92,0,0,219,219,0,0,0,0.01
full-range-yin+nsm,96000,full-fundamental,soft,49,C#3,5054,240,52.65,2.50,1,49,C#3,50.15,29,0,0,219,219,0,0,0,0.01
full-range-yin+nsm,96000,weak-fundamental,medium,49,C#3,5054,240,52.65,2.50,1,49,C#3,50.15,93,0,0,219,219,0,0,0,0.00
full-range-yin+nsm,96000,weak-fundamental,soft,49,C#3,5054,240,52.65,2.50,1,49,C#3,50.15,30,0,0,219,219,0,0,0,0.01
full-range-yin+nsm,96000,full-fundamental,medium,50,D3,5054,240,52.65,2.50,1,50,D3,50.15,100,0,0,219,219,0,0,0,0.00
full-range-yin+nsm,96000,full-fundamental,soft,50,D3,5054,240,52.65,2.50,1,50,D3,50.15,37,0,0,219,219,0,0,0,0.01
full-range-yin+nsm,96000,weak-fundamental,medium,50,D3,5054,240,52.65,2.50,1,50,D3,50.15,98,0,0,219,219,0,0,0,0.00
full-range-yin+nsm,96000,weak-fundamental,soft,50,D3,5054,240,52.65,2.50,1,50,D3,50.15,35,0,0,219,219,0,0,0,0.01
full-range-yin+nsm,96000,full-fundamental,medium,51,D#3,5054,240,52.65,2.50,1,51,D#3,50.15,95,0,0,219,219,0,0,0,0.01
full-range-yin+nsm,96000,full-fundamental,soft,51,D#3,5054,240,52.65,2.50,1,51,D#3,50.15,32,0,0,219,219,0,0,0,0.01
full-range-yin+nsm,96000,weak-fundamental,medium,51,D#3,5054,240,52.65,2.50,1,51,D#3,50.15,90,0,0,219,219,0,0,0,0.00
full-range-yin+nsm,96000,weak-fundamental,soft,51,D#3,5054,240,52.65,2.50,1,51,D#3,50.15,27,0,0,219,219,0,0,0,0.01
full-range-yin+nsm,96000,full-fundamental,medium,52,E3,5054,240,52.65,2.50,1,52,E3,50.15,97,0,0,219,219,0,0,0,0.01
full-range-yin+nsm,96000,full-fundamental,soft,52,E3,5054,240,52.65,2.50,1,52,E3,50.15,34,0,0,219,219,0,0,0,0.01
full-range-yin+nsm,96000,weak-fundamental,medium,52,E3,5054,240,52.65,2.50,1,52,E3,50.15,96,0,0,219,219,0,0,0,0.00
full-range-yin+nsm,96000,weak-fundamental,soft,52,E3,5054,240,52.65,2.50,1,52,E3,50.15,33,0,0,219,219,0,0,0,0.01
full-range-yin+nsm,96000,full-fundamental,medium,53,F3,5054,240,52.65,2.50,1,53,F3,47.65,95,0,0,219,219,0,0,0,0.01
full-range-yin+nsm,96000,full-fundamental,soft,53,F3,5054,240,52.65,2.50,1,53,F3,47.65,32,0,0,219,219,0,0,0,0.01
full-range-yin+nsm,96000,weak-fundamental,medium,53,F3,5054,240,52.65,2.50,1,53,F3,47.65,90,0,0,219,219,0,0,0,0.00
full-range-yin+nsm,96000,weak-fundamental,soft,53,F3,5054,240,52.65,2.50,1,53,F3,47.65,27,0,0,219,219,0,0,0,0.01
full-range-yin+nsm,96000,full-fundamental,medium,54,F#3,5054,240,52.65,2.50,1,54,F#3,47.65,95,0,0,219,219,0,0,0,0.00
full-range-yin+nsm,96000,full-fundamental,soft,54,F#3,5054,240,52.65,2.50,1,54,F#3,47.65,32,0,0,219,219,0,0,0,0.01
full-range-yin+nsm,96000,weak-fundamental,medium,54,F#3,5054,240,52.65,2.50,1,54,F#3,47.65,93,0,0,219,219,0,0,0,0.00
full-range-yin+nsm,96000,weak-fundamental,soft,54,F#3,5054,240,52.65,2.50,1,54,F#3,47.65,30,0,0,219,219,0,0,0,0.01
full-range-yin+nsm,96000,full-fundamental,medium,55,G3,5054,240,52.65,2.50,1,55,G3,47.65,97,0,0,219,219,0,0,0,0.01
full-range-yin+nsm,96000,full-fundamental,soft,55,G3,5054,240,52.65,2.50,1,55,G3,47.65,34,0,0,219,219,0,0,0,0.01
full-range-yin+nsm,96000,weak-fundamental,medium,55,G3,5054,240,52.65,2.50,1,55,G3,47.65,90,0,0,219,219,0,0,0,0.00
full-range-yin+nsm,96000,weak-fundamental,soft,55,G3,5054,240,52.65,2.50,1,55,G3,47.65,27,0,0,219,219,0,0,0,0.01
full-range-yin+nsm,96000,full-fundamental,medium,56,G#3,5054,240,52.65,2.50,1,56,G#3,45.15,99,0,0,219,219,0,0,0,0.00
full-range-yin+nsm,96000,full-fundamental,soft,56,G#3,5054,240,52.65,2.50,1,56,G#3,45.15,36,0,0,219,219,0,0,0,0.01
full-range-yin+nsm,96000,weak-fundamental,medium,56,G#3,5054,240,52.65,2.50,1,56,G#3,45.15,91,0,0,219,219,0,0,0,0.00
full-range-yin+nsm,96000,weak-fundamental,soft,56,G#3,5054,240,52.65,2.50,1,56,G#3,45.15,28,0,0,219,219,0,0,0,0.01
full-range-yin+nsm,96000,full-fundamental,medium,57,A3,5054,240,52.65,2.50,1,57,A3,45.15,101,0,0,219,219,0,0,0,0.00
full-range-yin+nsm,96000,full-fundamental,soft,57,A3,5054,240,52.65,2.50,1,57,A3,45.15,38,0,0,219,219,0,0,0,0.01
full-range-yin+nsm,96000,weak-fundamental,medium,57,A3,5054,240,52.65,2.50,1,57,A3,45.15,97,0,0,219,219,0,0,0,0.00
full-range-yin+nsm,96000,weak-fundamental,soft,57,A3,5054,240,52.65,2.50,1,57,A3,45.15,34,0,0,219,219,0,0,0,0.00
full-range-yin+nsm,96000,full-fundamental,medium,58,A#3,5054,240,52.65,2.50,1,58,A#3,42.65,98,0,0,219,219,0,0,0,0.01
full-range-yin+nsm,96000,full-fundamental,soft,58,A#3,5054,240,52.65,2.50,1,58,A#3,42.65,35,0,0,219,219,0,0,0,0.01
full-range-yin+nsm,96000,weak-fundamental,medium,58,A#3,5054,240,52.65,2.50,1,58,A#3,45.15,95,0,0,219,219,0,0,0,0.00
full-range-yin+nsm,96000,weak-fundamental,soft,58,A#3,5054,240,52.65,2.50,1,58,A#3,45.15,32,0,0,219,219,0,0,0,0.01
full-range-yin+nsm,96000,full-fundamental,medium,59,B3,5054,240,52.65,2.50,1,59,B3,42.65,95,0,0,219,219,0,0,0,0.00
full-range-yin+nsm,96000,full-fundamental,soft,59,B3,5054,240,52.65,2.50,1,59,B3,42.65,32,0,0,219,219,0,0,0,0.01
full-range-yin+nsm,96000,weak-fundamental,medium,59,B3,5054,240,52.65,2.50,1,59,B3,42.65,94,0,0,219,219,0,0,0,0.00
full-range-yin+nsm,96000,weak-fundamental,soft,59,B3,5054,240,52.65,2.50,1,59,B3,42.65,31,0,0,219,219,0,0,0,0.01
full-range-yin+nsm,96000,full-fundamental,medium,60,C4,5054,240,52.65,2.50,1,60,C4,42.65,101,0,0,219,219,0,0,0,0.01
full-range-yin+nsm,96000,full-fundamental,soft,60,C4,5054,240,52.65,2.50,1,60,C4,42.65,38,0,0,219,219,0,0,0,0.01
full-range-yin+nsm,96000,weak-fundamental,medium,60,C4,5054,240,52.65,2.50,1,60,C4,42.65,97,0,0,219,219,0,0,0,0.01
full-range-yin+nsm,96000,weak-fundamental,soft,60,C4,5054,240,52.65,2.50,1,60,C4,42.65,34,0,0,219,219,0,0,0,0.01
full-range-yin+nsm,96000,full-fundamental,medium,61,C#4,5054,240,52.65,2.50,1,61,C#4,40.15,99,0,0,219,219,0,0,0,0.01
full-range-yin+nsm,96000,full-fundamental,soft,61,C#4,5054,240,52.65,2.50,1,61,C#4,40.15,37,0,0,219,219,0,0,0,0.01
full-range-yin+nsm,96000,weak-fundamental,medium,61,C#4,5054,240,52.65,2.50,1,61,C#4,42.65,93,0,0,219,219,0,0,0,0.01
full-range-yin+nsm,96000,weak-fundamental,soft,61,C#4,5054,240,52.65,2.50,1,61,C#4,42.65,30,0,0,219,219,0,0,0,0.01
full-range-yin+nsm,96000,full-fundamental,medium,62,D4,5054,240,52.65,2.50,1,62,D4,40.15,99,0,0,219,219,0,0,0,0.01
full-range-yin+nsm,96000,full-fundamental,soft,62,D4,5054,240,52.65,2.50,1,62,D4,40.15,37,0,0,219,219,0,0,0,0.01
full-range-yin+nsm,96000,weak-fundamental,medium,62,D4,5054,240,52.65,2.50,1,62,D4,40.15,96,0,0,219,219,0,0,0,0.01
full-range-yin+nsm,96000,weak-fundamental,soft,62,D4,5054,240,52.65,2.50,1,62,D4,40.15,33,0,0,219,219,0,0,0,0.01
full-range-yin+nsm,96000,full-fundamental,medium,63,D#4,5054,240,52.65,2.50,1,63,D#4,40.15,95,0,0,219,219,0,0,0,0.00
full-range-yin+nsm,96000,full-fundamental,soft,63,D#4,5054,240,52.65,2.50,1,63,D#4,40.15,32,0,0,219,219,0,0,0,0.01
full-range-yin+nsm,96000,weak-fundamental,medium,63,D#4,5054,240,52.65,2.50,1,63,D#4,40.15,98,0,0,219,219,0,0,0,0.00
full-range-yin+nsm,96000,weak-fundamental,soft,63,D#4,5054,240,52.65,2.50,1,63,D#4,40.15,35,0,0,219,219,0,0,0,0.00
full-range-yin+nsm,96000,full-fundamental,medium,64,E4,5054,240,52.65,2.50,1,64,E4,37.65,95,0,0,219,219,0,0,0,0.01
full-range-yin+nsm,96000,full-fundamental,soft,64,E4,5054,240,52.65,2.50,1,64,E4,37.65,32,0,0,219,219,0,0,0,0.01
full-range-yin+nsm,96000,weak-fundamental,medium,64,E4,5054,240,52.65,2.50,1,64,E4,40.15,95,0,0,219,219,0,0,0,0.01
full-range-yin+nsm,96000,weak-fundamental,soft,64,E4,5054,240,52.65,2.50,1,64,E4,40.15,32,0,0,219,219,0,0,0,0.01
full-range-yin+nsm,96000,full-fundamental,medium,65,F4,5054,240,52.65,2.50,1,65,F4,37.65,101,0,0,219,219,0,0,0,0.01
full-range-yin+nsm,96000,full-fundamental,soft,65,F4,5054,240,52.65,2.50,1,65,F4,37.65,38,0,0,219,219,0,0,0,0.01
full-range-yin+nsm,96000,weak-fundamental,medium,65,F4,5054,240,52.65,2.50,1,65,F4,37.65,96,0,0,219,219,0,0,0,0.01
full-range-yin+nsm,96000,weak-fundamental,soft,65,F4,5054,240,52.65,2.50,1,65,F4,37.65,33,0,0,219,219,0,0,0,0.01
full-range-yin+nsm,96000,full-fundamental,medium,66,F#4,5054,240,52.65,2.50,1,66,F#4,37.65,99,0,0,219,219,0,0,0,0.01
full-range-yin+nsm,96000,full-fundamental,soft,66,F#4,5054,240,52.65,2.50,1,66,F#4,37.65,37,0,0,219,219,0,0,0,0.01
full-range-yin+nsm,96000,weak-fundamental,medium,66,F#4,5054,240,52.65,2.50,1,66,F#4,37.65,95,0,0,219,219,0,0,0,0.01
full-range-yin+nsm,96000,weak-fundamental,soft,66,F#4,5054,240,52.65,2.50,1,66,F#4,37.65,32,0,0,219,219,0,0,0,0.01
full-range-yin+nsm,96000,full-fundamental,medium,67,G4,5054,240,52.65,2.50,1,67,G4,37.65,96,0,0,219,219,0,0,0,0.01
full-range-yin+nsm,96000,full-fundamental,soft,67,G4,5054,240,52.65,2.50,1,67,G4,37.65,33,0,0,219,219,0,0,0,0.01
full-range-yin+nsm,96000,weak-fundamental,medium,67,G4,5054,240,52.65,2.50,1,67,G4,37.65,90,0,0,219,219,0,0,0,0.01
full-range-yin+nsm,96000,weak-fundamental,soft,67,G4,5054,240,52.65,2.50,1,67,G4,37.65,27,0,0,219,219,0,0,0,0.01
multires-yin+nsm,96000,full-fundamental,medium,28,E1,3791,240,39.49,2.50,1,28,E1,34.49,98,0,0,225,225,0,0,0,0.15
multires-yin+nsm,96000,full-fundamental,soft,28,E1,3791,240,39.49,2.50,1,28,E1,34.49,35,0,0,225,225,0,0,0,0.15
multires-yin+nsm,96000,weak-fundamental,medium,28,E1,3791,240,39.49,2.50,1,28,E1,39.49,99,0,0,225,225,0,0,0,0.06
multires-yin+nsm,96000,weak-fundamental,soft,28,E1,3791,240,39.49,2.50,1,28,E1,39.49,36,0,0,225,225,0,0,0,0.08
multires-yin+nsm,96000,full-fundamental,medium,29,F1,3791,240,39.49,2.50,1,29,F1,34.49,99,0,0,225,225,0,0,0,0.12
multires-yin+nsm,96000,full-fundamental,soft,29,F1,3791,240,39.49,2.50,1,29,F1,34.49,37,0,0,225,225,0,0,0,0.12
multires-yin+nsm,96000,weak-fundamental,medium,29,F1,3791,240,39.49,2.50,1,29,F1,39.49,95,0,0,225,225,0,0,0,0.06
multires-yin+nsm,96000,weak-fundamental,soft,29,F1,3791,240,39.49,2.50,1,29,F1,39.49,32,0,0,225,225,0,0,0,0.07
multires-yin+nsm,96000,full-fundamental,medium,30,F#1,3791,240,39.49,2.50,1,30,F#1,39.49,96,0,0,225,225,0,0,0,0.11
multires-yin+nsm,96000,full-fundamental,soft,30,F#1,3791,240,39.49,2.50,1,30,F#1,39.49,33,0,0,225,225,0,0,0,0.12
multires-yin+nsm,96000,weak-fundamental,medium,30,F#1,3791,240,39.49,2.50,1,30,F#1,39.49,91,0,0,225,225,0,0,0,0.07
multires-yin+nsm,96000,weak-fundamental,soft,30,F#1,3791,240,39.49,2.50,1,30,F#1,39.49,28,0,0,225,225,0,0,0,0.07
multires-yin+nsm,96000,full-fundamental,medium,31,G1,3791,240,39.49,2.50,1,31,G1,39.49,100,0,0,225,225,0,0,0,0.10
multires-yin+nsm,96000,full-fundamental,soft,31,G1,3791,240,39.49,2.50,1,31,G1,39.49,37,0,0,225,225,0,0,0,0.10
multires-yin+nsm,96000,weak-fundamental,medium,31,G1,3791,240,39.49,2.50,1,31,G1,39.49,94,0,0,225,225,0,0,0,0.05
multires-yin+nsm,96000,weak-fundamental,soft,31,G1,3791,240,39.49,2.50,1,31,G1,39.49,31,0,0,225,225,0,0,0,0.06
multires-yin+nsm,96000,full-fundamental,medium,32,G#1,3791,240,39.49,2.50,1,32,G#1,34.49,99,0,0,225,225,0,0,0,0.14
multires-yin+nsm,96000,full-fundamental,soft,32,G#1,3791,240,39.49,2.50,1,32,G#1,34.49,36,0,0,225,225,0,0,0,0.13
multires-yin+nsm,96000,weak-fundamental,medium,32,G#1,3791,240,39.49,2.50,1,32,G#1,34.49,91,0,0,225,225,0,0,0,0.06
multires-yin+nsm,96000,weak-fundamental,soft,32,G#1,3791,240,39.49,2.50,1,32,G#1,34.49,28,0,0,225,225,0,0,0,0.07
multires-yin+nsm,96000,full-fundamental,medium,33,A1,3791,240,39.49,2.50,1,33,A1,34.49,95,0,0,225,225,0,0,0,0.12
multires-yin+nsm,96000,full-fundamental,soft,33,A1,3791,240,39.49,2.50,1,33,A1,34.49,32,0,0,225,225,0,0,0,0.13
multires-yin+nsm,96000,weak-fundamental,medium,33,A1,3791,240,39.49,2.50,1,33,A1,31.99,95,0,0,225,225,0,0,0,0.06
multires-yin+nsm,96000,weak-fundamental,soft,33,A1,3791,240,39.49,2.50,1,33,A1,31.99,32,0,0,225,225,0,0,0,0.07
multires-yin+nsm,96000,full-fundamental,medium,34,A#1,3791,240,39.49,2.50,1,34,A#1,34.49,99,0,0,225,225,0,0,0,0.09
multires-yin+nsm,96000,full-fundamental,soft,34,A#1,3791,240,39.49,2.50,1,34,A#1,34.49,36,0,0,225,225,0,0,0,0.09
multires-yin+nsm,96000,weak-fundamental,medium,34,A#1,3791,240,39.49,2.50,1,34,A#1,34.49,93,0,0,225,225,0,0,0,0.04
multires-yin+nsm,96000,weak-fundamental,soft,34,A#1,3791,240,39.49,2.50,1,34,A#1,34.49,30,0,0,225,225,0,0,0,0.05
multires-yin+nsm,96000,full-fundamental,medium,35,B1,3791,240,39.49,2.50,1,35,B1,34.49,92,0,0,225,225,0,0,0,0.08
multires-yin+nsm,96000,full-fundamental,soft,35,B1,3791,240,39.49,2.50,1,35,B1,34.49,29,0,0,225,225,0,0,0,0.08
multires-yin+nsm,96000,weak-fundamental,medium,35,B1,3791,240,39.49,2.50,1,35,B1,31.99,101,0,0,225,225,0,0,0,0.03
multires-yin+nsm,96000,weak-fundamental,soft,35,B1,3791,240,39.49,2.50,1,35,B1,31.99,38,0,0,225,225,0,0,0,0.04
multires-yin+nsm,96000,full-fundamental,medium,36,C2,3791,240,39.49,2.50,1,36,C2,29.49,91,0,0,225,225,0,0,0,0.11
multires-yin+nsm,96000,full-fundamental,soft,36,C2,3791,240,39.49,2.50,1,36,C2,29.49,28,0,0,225,225,0,0,0,0.12
multires-yin+nsm,96000,weak-fundamental,medium,36,C2,3791,240,39.49,2.50,1,36,C2,26.99,99,0,0,225,225,0,0,0,0.05
multires-yin+nsm,96000,weak-fundamental,soft,36,C2,3791,240,39.49,2.50,1,36,C2,26.99,37,0,0,225,225,0,0,0,0.06
multires-yin+nsm,96000,full-fundamental,medium,37,C#2,3791,240,39.49,2.50,1,37,C#2,26.99,94,0,0,225,225,0,0,0,0.08
multires-yin+nsm,96000,full-fundamental,soft,37,C#2,3791,240,39.49,2.50,1,37,C#2,26.99,31,0,0,225,225,0,0,0,0.09
multires-yin+nsm,96000,weak-fundamental,medium,37,C#2,3791,240,39.49,2.50,1,37,C#2,26.99,91,0,0,225,225,0,0,0,0.05
multires-yin+nsm,96000,weak-fundamental,soft,37,C#2,3791,240,39.49,2.50,1,37,C#2,26.99,28,0,0,225,225,0,0,0,0.05
multires-yin+nsm,96000,full-fundamental,medium,38,D2,3791,240,39.49,2.50,1,38,D2,26.99,93,0,0,225,225,0,0,0,0.11
multires-yin+nsm,96000,full-fundamental,soft,38,D2,3791,240,39.49,2.50,1,38,D2,26.99,30,0,0,225,225,0,0,0,0.11
multires-yin+nsm,96000,weak-fundamental,medium,38,D2,3791,240,39.49,2.50,1,38,D2,26.99,95,0,0,225,225,0,0,0,0.04
multires-yin+nsm,96000,weak-fundamental,soft,38,D2,3791,240,39.49,2.50,1,38,D2,26.99,33,0,0,225,225,0,0,0,0.05
multires-yin+nsm,96000,full-fundamental,medium,39,D#2,3791,240,39.49,2.50,1,39,D#2,39.49,97,0,0,225,225,0,0,0,0.01
multires-yin+nsm,96000,full-fundamental,soft,39,D#2,3791,240,39.49,2.50,1,39,D#2,39.49,34,0,0,225,225,0,0,0,0.03
multires-yin+nsm,96000,weak-fundamental,medium,39,D#2,3791,240,39.49,2.50,1,39,D#2,36.99,95,0,0,225,225,0,0,0,0.01
multires-yin+nsm,96000,weak-fundamental,soft,39,D#2,3791,240,39.49,2.50,1,39,D#2,36.99,32,0,0,225,225,0,0,0,0.02
multires-yin+nsm,96000,full-fundamental,medium,40,E2,3791,240,39.49,2.50,1,40,E2,41.99,96,0,0,225,225,0,0,0,0.03
multires-yin+nsm,96000,full-fundamental,soft,40,E2,3791,240,39.49,2.50,1,40,E2,41.99,33,0,0,225,225,0,0,0,0.05
multires-yin+nsm,96000,weak-fundamental,medium,40,E2,3791,240,39.49,2.50,1,40,E2,39.49,93,0,0,225,225,0,0,0,0.03
multires-yin+nsm,96000,weak-fundamental,soft,40,E2,3791,240,39.49,2.50,1,40,E2,39.49,30,0,0,225,225,0,0,0,0.03
multires-yin+nsm,96000,full-fundamental,medium,41,F2,3791,240,39.49,2.50,1,41,F2,41.99,97,0,0,225,225,0,0,0,0.04
multires-yin+nsm,96000,full-fundamental,soft,41,F2,3791,240,39.49,2.50,1,41,F2,41.99,34,0,0,225,225,0,0,0,0.05
multires-yin+nsm,96000,weak-fundamental,medium,41,F2,3791,240,39.49,2.50,1,41,F2,39.49,93,0,0,225,225,0,0,0,0.02
multires-yin+nsm,96000,weak-fundamental,soft,41,F2,3791,240,39.49,2.50,1,41,F2,39.49,30,0,0,225,225,0,0,0,0.03
multires-yin+nsm,96000,full-fundamental,medium,42,F#2,3791,240,39.49,2.50,1,42,F#2,41.99,96,0,0,225,225,0,0,0,0.04
multires-yin+nsm,96000,full-fundamental,soft,42,F#2,3791,240,39.49,2.50,1,42,F#2,41.99,33,0,0,225,225,0,0,0,0.04
multires-yin+nsm,96000,weak-fundamental,medium,42,F#2,3791,240,39.49,2.50,1,42,F#2,39.49,88,0,0,225,225,0,0,0,0.02
multires-yin+nsm,96000,weak-fundamental,soft,42,F#2,3791,240,39.49,2.50,1,42,F#2,39.49,26,0,0,225,225,0,0,0,0.02
multires-yin+nsm,96000,full-fundamental,medium,43,G2,3791,240,39.49,2.50,1,43,G2,39.49,97,0,0,225,225,0,0,0,0.03
multires-yin+nsm,96000,full-fundamental,soft,43,G2,3791,240,39.49,2.50,1,43,G2,39.49,34,0,0,225,225,0,0,0,0.04
multires-yin+nsm,96000,weak-fundamental,medium,43,G2,3791,240,39.49,2.50,1,43,G2,39.49,94,0,0,225,225,0,0,0,0.02
multires-yin+nsm,96000,weak-fundamental,soft,43,G2,3791,240,39.49,2.50,1,43,G2,39.49,31,0,0,225,225,0,0,0,0.02
multires-yin+nsm,96000,full-fundamental,medium,44,G#2,3791,240,39.49,2.50,1,44,G#2,34.49,92,0,0,225,225,0,0,0,0.03
multires-yin+nsm,96000,full-fundamental,soft,44,G#2,3791,240,39.49,2.50,1,44,G#2,34.49,29,0,0,225,225,0,0,0,0.04
multires-yin+nsm,96000,weak-fundamental,medium,44,G#2,3791,240,39.49,2.50,1,44,G#2,34.49,96,0,0,225,225,0,0,0,0.01
multires-yin+nsm,96000,weak-fundamental,soft,44,G#2,3791,240,39.49,2.50,1,44,G#2,34.49,33,0,0,225,225,0,0,0,0.02
multires-yin+nsm,96000,full-fundamental,medium,45,A2,3791,240,39.49,2.50,1,45,A2,31.99,92,0,0,225,225,0,0,0,0.03
multires-yin+nsm,96000,full-fundamental,soft,45,A2,3791,240,39.49,2.50,1,45,A2,31.99,29,0,0,225,225,0,0,0,0.03
multires-yin+nsm,96000,weak-fundamental,medium,45,A2,3791,240,39.49,2.50,1,45,A2,31.99,94,0,0,225,225,0,0,0,0.02
multires-yin+nsm,96000,weak-fundamental,soft,45,A2,3791,240,39.49,2.50,1,45,A2,31.99,31,0,0,225,225,0,0,0,0.02
multires-yin+nsm,96000,full-fundamental,medium,46,A#2,3791,240,39.49,2.50,1,46,A#2,34.49,91,0,0,225,225,0,0,0,0.03
multires-yin+nsm,96000,full-fundamental,soft,46,A#2,3791,240,39.49,2.50,1,46,A#2,34.49,28,0,0,225,225,0,0,0,0.04
multires-yin+nsm,96000,weak-fundamental,medium,46,A#2,3791,240,39.49,2.50,1,46,A#2,34.49,93,0,0,225,225,0,0,0,0.01
multires-yin+nsm,96000,weak-fundamental,soft,46,A#2,3791,240,39.49,2.50,1,46,A#2,34.49,30,0,0,225,225,0,0,0,0.02
multires-yin+nsm,96000,full-fundamental,medium,47,B2,3791,240,39.49,2.50,1,47,B2,34.49,96,0,0,225,225,0,0,0,0.03
multires-yin+nsm,96000,full-fundamental,soft,47,B2,3791,240,39.49,2.50,1,47,B2,34.49,33,0,0,225,225,0,0,0,0.03
multires-yin+nsm,96000,weak-fundamental,medium,47,B2,3791,240,39.49,2.50,1,47,B2,34.49,99,0,0,225,225,0,0,0,0.01
multires-yin+nsm,96000,weak-fundamental,soft,47,B2,3791,240,39.49,2.50,1,47,B2,34.49,36,0,0,225,225,0,0,0,0.02
multires-yin+nsm,96000,full-fundamental,medium,48,C3,3791,240,39.49,2.50,1,48,C3,29.49,94,0,0,225,225,0,0,0,0.03
multires-yin+nsm,96000,full-fundamental,soft,48,C3,3791,240,39.49,2.50,1,48,C3,29.49,31,0,0,225,225,0,0,0,0.03
multires-yin+nsm,96000,weak-fundamental,medium,48,C3,3791,240,39.49,2.50,1,48,C3,26.99,92,0,0,225,225,0,0,0,0.01
multires-yin+nsm,96000,weak-fundamental,soft,48,C3,3791,240,39.49,2.50,1,48,C3,26.99,29,0,0,225,225,0,0,0,0.03
multires-yin+nsm,96000,full-fundamental,medium,49,C#3,3791,240,39.49,2.50,1,49,C#3,29.49,92,0,0,225,225,0,0,0,0.02
multires-yin+nsm,96000,full-fundamental,soft,49,C#3,3791,240,39.49,2.50,1,49,C#3,29.49,29,0,0,225,225,0,0,0,0.04
multires-yin+nsm,96000,weak-fundamental,medium,49,C#3,3791,240,39.49,2.50,1,49,C#3,26.99,93,0,0,225,225,0,0,0,0.01
multires-yin+nsm,96000,weak-fundamental,soft,49,C#3,3791,240,39.49,2.50,1,49,C#3,26.99,30,0,0,225,225,0,0,0,0.02
multires-yin+nsm,96000,full-fundamental,medium,50,D3,3791,240,39.49,2.50,1,50,D3,29.49,100,0,0,225,225,0,0,0,0.02
multires-yin+nsm,96000,full-fundamental,soft,50,D3,3791,240,39.49,2.50,1,50,D3,29.49,37,0,0,225,225,0,0,0,0.03
multires-yin+nsm,96000,weak-fundamental,medium,50,D3,3791,240,39.49,2.50,1,50,D3,29.49,98,0,0,225,225,0,0,0,0.01
multires-yin+nsm,96000,weak-fundamental,soft,50,D3,3791,240,39.49,2.50,1,50,D3,29.49,35,0,0,225,225,0,0,0,0.02
multires-yin+nsm,96000,full-fundamental,medium,51,D#3,3791,240,39.49,2.50,1,51,D#3,29.49,95,0,0,225,225,0,0,0,0.02
multires-yin+nsm,96000,full-fundamental,soft,51,D#3,3791,240,39.49,2.50,1,51,D#3,29.49,32,0,0,225,225,0,0,0,0.03
multires-yin+nsm,96000,weak-fundamental,medium,51,D#3,3791,240,39.49,2.50,1,51,D#3,29.49,90,0,0,225,225,0,0,0,0.01
multires-yin+nsm,96000,weak-fundamental,soft,51,D#3,3791,240,39.49,2.50,1,51,D#3,29.49,27,0,0,225,225,0,0,0,0.02
multires-yin+nsm,96000,full-fundamental,medium,52,E3,3791,240,39.49,2.50,1,52,E3,21.99,97,0,0,225,225,0,0,0,0.02
multires-yin+nsm,96000,full-fundamental,soft,52,E3,3791,240,39.49,2.50,1,52,E3,21.99,34,0,0,225,225,0,0,0,0.04
multires-yin+nsm,96000,weak-fundamental,medium,52,E3,3791,240,39.49,2.50,1,52,E3,21.99,96,0,0,225,225,0,0,0,0.01
multires-yin+nsm,96000,weak-fundamental,soft,52,E3,3791,240,39.49,2.50,1,52,E3,21.99,33,0,0,225,225,0,0,0,0.03
multires-yin+nsm,96000,full-fundamental,medium,53,F3,3791,240,39.49,2.50,1,53,F3,21.99,95,0,0,225,225,0,0,0,0.02
multires-yin+nsm,96000,full-fundamental,soft,53,F3,3791,240,39.49,2.50,1,53,F3,21.99,32,0,0,225,225,0,0,0,0.03
multires-yin+nsm,96000,weak-fundamental,medium,53,F3,3791,240,39.49,2.50,1,53,F3,21.99,90,0,0,225,225,0,0,0,0.01
multires-yin+nsm,96000,weak-fundamental,soft,53,F3,3791,240,39.49,2.50,1,53,F3,21.99,27,0,0,225,225,0,0,0,0.02
multires-yin+nsm,96000,full-fundamental,medium,54,F#3,3791,240,39.49,2.50,1,54,F#3,21.99,95,0,0,225,225,0,0,0,0.02
multires-yin+nsm,96000,full-fundamental,soft,54,F#3,3791,240,39.49,2.50,1,54,F#3,21.99,32,0,0,225,225,0,0,0,0.03
multires-yin+nsm,96000,weak-fundamental,medium,54,F#3,3791,240,39.49,2.50,1,54,F#3,21.99,93,0,0,225,225,0,0,0,0.01
multires-yin+nsm,96000,weak-fundamental,soft,54,F#3,3791,240,39.49,2.50,1,54,F#3,21.99,30,0,0,225,225,0,0,0,0.02
multires-yin+nsm,96000,full-fundamental,medium,55,G3,3791,240,39.49,2.50,1,55,G3,21.99,97,0,0,225,225,0,0,0,0.02
multires-yin+nsm,96000,full-fundamental,soft,55,G3,3791,240,39.49,2.50,1,55,G3,21.99,34,0,0,225,225,0,0,0,0.03
multires-yin+nsm,96000,weak-fundamental,medium,55,G3,3791,240,39.49,2.50,1,55,G3,21.99,90,0,0,225,225,0,0,0,0.01
multires-yin+nsm,96000,weak-fundamental,soft,55,G3,3791,240,39.49,2.50,1,55,G3,21.99,27,0,0,225,225,0,0,0,0.02
multires-yin+nsm,96000,full-fundamental,medium,56,G#3,3791,240,39.49,2.50,1,56,G#3,19.49,99,0,0,225,225,0,0,0,0.01
multires-yin+nsm,96000,full-fundamental,soft,56,G#3,3791,240,39.49,2.50,1,56,G#3,19.49,36,0,0,225,225,0,0,0,0.03
multires-yin+nsm,96000,weak-fundamental,medium,56,G#3,3791,240,39.49,2.50,1,56,G#3,19.49,91,0,0,225,225,0,0,0,0.01
multires-yin+nsm,96000,weak-fundamental,soft,56,G#3,3791,240,39.49,2.50,1,56,G#3,19.49,28,0,0,225,225,0,0,0,0.03
multires-yin+nsm,96000,full-fundamental,medium,57,A3,3791,240,39.49,2.50,1,57,A3,16.99,101,0,0,225,225,0,0,0,0.01
multires-yin+nsm,96000,full-fundamental,soft,57,A3,3791,240,39.49,2.50,1,57,A3,16.99,38,0,0,225,225,0,0,0,0.04
multires-yin+nsm,96000,weak-fundamental,medium,57,A3,3791,240,39.49,2.50,1,57,A3,19.49,97,0,0,225,225,0,0,0,0.01
multires-yin+nsm,96000,weak-fundamental,soft,57,A3,3791,240,39.49,2.50,1,57,A3,19.49,34,0,0,225,225,0,0,0,0.03
multires-yin+nsm,96000,full-fundamental,medium,58,A#3,3791,240,39.49,2.50,1,58,A#3,19.49,98,0,0,225,225,0,0,0,0.02
multires-yin+nsm,96000,full-fundamental,soft,58,A#3,3791,240,39.49,2.50,1,58,A#3,19.49,35,0,0,225,225,0,0,0,0.03
multires-yin+nsm,96000,weak-fundamental,medium,58,A#3,3791,240,39.49,2.50,1,58,A#3,19.49,95,0,0,225,225,0,0,0,0.01
multires-yin+nsm,96000,weak-fundamental,soft,58,A#3,3791,240,39.49,2.50,1,58,A#3,19.49,32,0,0,225,225,0,0,0,0.02
multires-yin+nsm,96000,full-fundamental,medium,59,B3,3791,240,39.49,2.50,1,59,B3,19.49,95,0,0,225,225,0,0,0,0.01
multires-yin+nsm,96000,full-fundamental,soft,59,B3,3791,240,39.49,2.50,1,59,B3,19.49,32,0,0,225,225,0,0,0,0.03
multires-yin+nsm,96000,weak-fundamental,medium,59,B3,3791,240,39.49,2.50,1,59,B3,19.49,94,0,0,225,225,0,0,0,0.01
multires-yin+nsm,96000,weak-fundamental,soft,59,B3,3791,240,39.49,2.50,1,59,B3,19.49,31,0,0,225,225,0,0,0,0.03
multires-yin+nsm,96000,full-fundamental,medium,60,C4,3791,240,39.49,2.50,1,60,C4,14.49,101,0,0,225,225,0,0,0,0.01
multires-yin+nsm,96000,full-fundamental,soft,60,C4,3791,240,39.49,2.50,1,60,C4,14.49,38,0,0,225,225,0,0,0,0.04
multires-yin+nsm,96000,weak-fundamental,medium,60,C4,3791,240,39.49,2.50,1,60,C4,14.49,97,0,0,225,225,0,0,0,0.01
multires-yin+nsm,96000,weak-fundamental,soft,60,C4,3791,240,39.49,2.50,1,60,C4,14.49,34,0,0,225,225,0,0,0,0.03
multires-yin+nsm,96000,full-fundamental,medium,61,C#4,3791,240,39.49,2.50,1,61,C#4,14.49,99,0,0,225,225,0,0,0,0.01
multires-yin+nsm,96000,full-fundamental,soft,61,C#4,3791,240,39.49,2.50,1,61,C#4,14.49,37,0,0,225,225,0,0,0,0.03
multires-yin+nsm,96000,weak-fundamental,medium,61,C#4,3791,240,39.49,2.50,1,61,C#4,14.49,93,0,0,225,225,0,0,0,0.01
multires-yin+nsm,96000,weak-fundamental,soft,61,C#4,3791,240,39.49,2.50,1,61,C#4,14.49,30,0,0,225,225,0,0,0,0.03
multires-yin+nsm,96000,full-fundamental,medium,62,D4,3791,240,39.49,2.50,1,62,D4,14.49,99,0,0,225,225,0,0,0,0.02
multires-yin+nsm,96000,full-fundamental,soft,62,D4,3791,240,39.49,2.50,1,62,D4,14.49,37,0,0,225,225,0,0,0,0.04
multires-yin+nsm,96000,weak-fundamental,medium,62,D4,3791,240,39.49,2.50,1,62,D4,14.49,96,0,0,225,225,0,0,0,0.01
multires-yin+nsm,96000,weak-fundamental,soft,62,D4,3791,240,39.49,2.50,1,62,D4,14.49,33,0,0,225,225,0,0,0,0.03
multires-yin+nsm,96000,full-fundamental,medium,63,D#4,3791,240,39.49,2.50,1,63,D#4,16.99,95,0,0,225,225,0,0,0,0.01
multires-yin+nsm,96000,full-fundamental,soft,63,D#4,3791,240,39.49,2.50,1,63,D#4,16.99,32,0,0,225,225,0,0,0,0.03
multires-yin+nsm,96000,weak-fundamental,medium,63,D#4,3791,240,39.49,2.50,1,63,D#4,16.99,98,0,0,225,225,0,0,0,0.00
multires-yin+nsm,96000,weak-fundamental,soft,63,D#4,3791,240,39.49,2.50,1,63,D#4,16.99,35,0,0,225,225,0,0,0,0.02
multires-yin+nsm,96000,full-fundamental,medium,64,E4,3791,240,39.49,2.50,1,64,E4,14.49,95,0,0,225,225,0,0,0,0.02
multires-yin+nsm,96000,full-fundamental,soft,64,E4,3791,240,39.49,2.50,1,64,E4,14.49,32,0,0,225,225,0,0,0,0.04
multires-yin+nsm,96000,weak-fundamental,medium,64,E4,3791,240,39.49,2.50,1,64,E4,14.49,95,0,0,225,225,0,0,0,0.01
multires-yin+nsm,96000,weak-fundamental,soft,64,E4,3791,240,39.49,2.50,1,64,E4,14.49,32,0,0,225,225,0,0,0,0.03
multires-yin+nsm,96000,full-fundamental,medium,65,F4,3791,240,39.49,2.50,1,65,F4,14.49,101,0,0,225,225,0,0,0,0.01
multires-yin+nsm,96000,full-fundamental,soft,65,F4,3791,240,39.49,2.50,1,65,F4,14.49,38,0,0,225,225,0,0,0,0.04
multires-yin+nsm,96000,weak-fundamental,medium,65,F4,3791,240,39.49,2.50,1,65,F4,14.49,96,0,0,225,225,0,0,0,0.01
multires-yin+nsm,96000,weak-fundamental,soft,65,F4,3791,240,39.49,2.50,1,65,F4,14.49,33,0,0,225,225,0,0,0,0.04
multires-yin+nsm,96000,full-fundamental,medium,66,F#4,3791,240,39.49,2.50,1,66,F#4,14.49,99,0,0,225,225,0,0,0,0.01
multires-yin+nsm,96000,full-fundamental,soft,66,F#4,3791,240,39.49,2.50,1,66,F#4,14.49,37,0,0,225,225,0,0,0,0.04
multires-yin+nsm,96000,weak-fundamental,medium,66,F#4,3791,240,39.49,2.50,1,66,F#4,14.49,95,0,0,225,225,0,0,0,0.01
multires-yin+nsm,96000,weak-fundamental,soft,66,F#4,3791,240,39.49,2.50,1,66,F#4,14.49,32,0,0,225,225,0,0,0,0.04
multires-yin+nsm,96000,full-fundamental,medium,67,G4,3791,240,39.49,2.50,1,67,G4,14.49,96,0,0,225,225,0,0,0,0.01
multires-yin+nsm,96000,full-fundamental,soft,67,G4,3791,240,39.49,2.50,1,67,G4,14.49,33,0,0,225,225,0,0,0,0.04
multires-yin+nsm,96000,weak-fundamental,medium,67,G4,3791,240,39.49,2.50,1,67,G4,14.49,90,0,0,225,225,0,0,0,0.01
multires-yin+nsm,96000,weak-fundamental,soft,67,G4,3791,240,39.49,2.50,1,67,G4,14.49,27,0,0,225,225,0,0,0,0.03
